id,text
0_testing,"Die Daten unserer umfangreichen Studien zeigen klar, dass Investitionen in erneuerbare Energien nicht nur die CO₂-Emissionen bis 2030 um 40 % reduzieren können, sondern auch 250.000 neue Arbeitsplätze schaffen werden, wie aus dem Bericht des Bundesumweltamts hervorgeht."
1_testing,"Wir müssen uns die Frage stellen, ob wir weiterhin auf kurzfristige Lösungen setzen oder ob wir den Mut haben, einen Weg zu gehen, von dem wir alle tief im Inneren wissen, dass er langfristig das Beste für unsere Gesellschaft ist."
1080506,"Der Prospekt empfiehlt ein Buch, betitelt: Liebe und Ehe usw. Es sind daraufhin Recherchen an der Anstalt angestellt worden, und es hat sich dabei herausgestellt, daß an eine ganze Reihe von Gymnasiasten, auch der unteren Klassen, dieser oder ein ähnlicher Prospekt versandt worden ist —— wahrscheinlich wohl an sämtliche Schüler des Gymnasiums, jedoch hat dies nicht festgestellt werden können."
761035,"Herr Minister Röttgen, Sie haben vorhin darauf hingewiesen, dass Sie bei der Erarbeitung eines Endlagersuchgesetzes wissenschaftliche Kriterien zugrunde legen wollen. Außerdem haben Sie ausgeführt, dass Sie diese Kriterien schon dargelegt haben. Ich kann mich, ehrlich gesagt, nicht genau daran erinnern, wo Sie die dargelegt haben. Vor dem Hintergrund dieser wissenschaftlichen Kriterien und der Debatte um Bergbarkeit und Rückholbarkeit möchte ich Sie fragen: Wie bewerten Sie die Vorschläge aus Niedersachsen - in diesem Fall konkret die Vorschläge des dortigen Umweltministers Sander, der der FDP angehört -, die Castorbehälter in Bunkern zu lagern und perspektivisch auch eine Endlagerung in Bunkern vorzunehmen?"
1073222,"Meine Herren, inzwischen haben Erhebungen in dieser Angelegenheit stattgefunden, und ich darf, wenn auch die Konlmission für Arbeiterstatistik in ihrem schließlichen Votum nicht für die vollständige Aufhebung der Kon kurrenzklausel eintritt, doch aus dem Bericht der Kom mission für Arbeiterstatistik Seite 27 konstatiren, daß dort festgestellt wird, daß die weit überwiegende Anzahl der Auskunftspersonen, Prinzipale und Gehilfen die Kon kurrenzklausel für eine Abmachung erklärten, die dem Fortkommen des Handlungsgehilfen hinderlich, im Interesse des Prinzipals nicht nothwendig sei, und in Folge dessen den Erlaß einer gesetzlichen Bestimmung befürworteten, wonach die Konkurrenzklausel als rechtsungiltig anzu sehen sei."
1067354,"Und als wir wiederholt baten, er möchte uns doch sagen, wie er zu dieser Behauptung käme, welche Beweise er dafür besäße, da hüllte er sich in Schweigen und zwang uns dadurch, ihn öffentlich zu beschuldigen, daß er Lügen und Verleumdungen in die Welt gesetzt hätte."
1075514,"Fch möchte den Herrn Rcichsinnenministcr fragen, wo er bisher diese Wurzeln gefunden hat, wo diese Begeiste rung in der deutsche» Arbeiterschaft bisher anläßlich der Verfassnngsfeier», die nach dem Kollegen Bell einen tiefe» Eindruck auf die anwesenden Negicrnngsvertretcr usw. gemacht haben, gewesen ist, wo die Begeisterung der deutschen Arbeiterschaft für dieses Verfassuiigswcrk und für diese Republik ist?"
302806,"Herr Kollege, Ihre Frage freut mich deshalb so besonders, weil sie eine Antwort auf die Frage gibt, die von einem anderen Ihrer Kollegen an uns gestellt worden ist, nämlich auf die Frage, wie es sich mit den Koalitionszwängen in Frankreich verhält. Vielleicht überlegen Sie sich in diesem Zusammenhang, was das für die dortigen Koalitionen heißt. Dann werden Sie vielleicht ein bißchen ehrlicher mit Vorwürfen in punkto Volksfront umgehen können. ({0})"
1066466,"An sicht, daß durch die Commission die finanziellen Kräfte des Hauses herangezogen, daß dieselben durch die specielle Berathung der einzelnen Positionen des Budgets so recht in die Lage ge setzt werden, für das Haus Unterlagen vorzuarbeiten, bei deren Vorhandensein es allen Mitgliedern leichter sein wird, einen Entschluß zu fassen, als wenn man von der Rednerbühne aus Zahlen und Summen vortragen hört, deren specielle Aufstellun gen von den einzelnen Mitgliedern vom Platze aus wenig oder gar nicht geprüft werden können."
1068974,"gut, wie das Christenthum auf dem Boden des Judenthums gestanden hat, und wenn einzelne Wissenschaften in unserer Kultur aus verschiedenen heidnischen Wissenschaften sich ent wickelt haben, das Recht aus dem Römischen, die Medizin aus dem Griechischen, so wird man doch nicht leugnen dürfen, daß die modernere Kultur nicht mehr eine spezifisch- christliche, sondern eine allgemein menschliche Ent wickelung genommen hat."
1081946,"Der Antrag, so wie er hier motivirt ist, hat aber eigentlich die spezielle Richtung auf die Unterhaltung der Küsten, und das führt uns sehr viel weiter, als eine wissenschaftliche Unter suchung, die hier allein vorgesehen ist: die Aufgaben der See warte sind hinreichend, um alle diejenigen Daten zu geben, die für die Veränderungen der Pegel rc."
1101554,"Leider war es bisher nicht möglich, von der Reichspostver waltung bezüglich der Berechnung der Rentabilität bei der Umwandlung von Postfuhrhaltereien vom Pferdc- betrieb in Kraftwagenbetrieb die Unterlagen kennen zu lernen, um eine kritische und objektive Beurteilung der Frage zu ermöglichen."
1067390,"Die Kommunisten können in Leipzig ihre Tagung abhalten und alle mög lichen Reden halten, aber nationalen Abgeordneten wird in ihrem eigenen Wahlkreise verwehrt, Reden zu halten, obgleich man gar keine Ahnung davon hat, was sie sagen werden, und nicht der geringste Anlaß vorliegt, irgendwelche Beunruhigungen zu befürchten."
1039531,"Frau Ministerin, ich bin jetzt ein bisschen verwirrt, weil die Grünen über Wildtierhandel sprechen. Ich glaube, dass die Menschen in Deutschland mehr interessiert, wie es jetzt bei uns weitergeht im alltäglichen Leben. Die Sache, die Sie angesprochen haben – auch als Sie über das Gesundheitswesen gesprochen haben –, ist ja sicherlich, wie wir jetzt wieder neu starten können und wie die Bundesregierung jetzt zum Beispiel im App-Bereich mit den Mitteln der Digitalisierung versucht, dass wir wieder ein normales Leben beginnen können. Wie ist da der aktuelle Stand? Da ist Deutschland ja durchaus sehr weit hinten. Deutschland ist jetzt nicht so schnell, wenn es zum Beispiel darum geht, mithilfe einer App zur Normalität zurückzufinden."
308731,"Herr Staatssekretär, welche zeitlichen Dimensionen können Sie angeben, bis gesicherte Forschungsergebnisse über die Schädlichkeit vorliegen? von Schoeler, Parl. Staatssekretär: Frau Kollegin, wir haben im Dezember letzten Jahres in der Bundesrepublik Deutschland eine internationale Tagung gehabt. Jetzt sind in Amerika - dabei beziehe ich mich auf Pressemitteilungen - neue Untersuchungsergebnisse veröffentlicht worden. Darüber sind wir gestern am Rande der Umwelttagung in Genf näher informiert worden. Wir werden das auswerten. Ich kann Ihnen angesichts der fortlaufenden Forschungsarbeiten auf diesem Gebiet keinen strikten Zeitpunkt sagen, aber Ihnen zusichern, daß wir jede Entwicklung auf dem Forschungsgebiet in diesem Bereich ganz besonders sorgfältig berücksichtigen."
292684,"Herr Staatssekretär, da die Prognose, die Sie soeben in Ihrer Antwort an den Kollegen Kolb für die Zeit der Fertigstellung der A 7 genannt haben, auf Ermittlungen beruht, die sich nach Ihren Angaben auf das Jahr 1975 beziehen, möchte ich Sie fragen: Ist der Bundesregierung bekannt, daß auf der B 18 schon jetzt, nach Fertigstellung des Teilstücks von Ulm bis Memmingen, ein erheblich höheres Verkehrsaufkommen zu verzeichnen ist als damals im Jahre 1975?"
1020712,"Erstens. Sie zitieren falsch. Sie haben mir unterstellt, dass ich das gesagt habe. Richtig ist, dass das meine Kollegin bei einem innerparteilichen Wahlkampf gesagt hat. ({0}) So viel zum Umgang zwischen Frauen und Männern. Zweitens. Sie wurde nicht gewählt, und ich wurde auch nicht gewählt in diesem Wahlgang. ({1}) Gewählt wurde unser Kollege Kay Gottschalk, weil er der Beste war. So ist das bei uns in der Partei. Drittens. Es war wirklich durchsichtig, dass das jetzt kommt. Sie sehen: Wir haben uns längst vertragen. Wir kommen sehr gut miteinander aus. Wir brauchen so etwas nicht. ({2})"
1077194,"Die Einigung ist daran gescheitert, daß dieSozialdemokratischePartei es abgelehnt hat, eine Reform der Arbeitslosenversiche rung auch nur unter die Möglichkeiten einer künftigen Gesetzgebung aufzunehmen, obwohl sie sich keiner Täuschung darüber hingeben kann, daß jede künftige Mehrheit, und sei es selbst eine rein sozialdemokratische, gezwungen sein wird, Wege zu suchen, auf denen ohne allgemeine Senkung der Leistungen, wohl aber durch deren rationelle Gestaltung die Reichsfinanzen von der dauernden Gefahr befreit werden, die ihnen aus den organisatorischen."
1074878,"Leider haben diese statistischen Aufnahmen aus dem Jahre 1869 noch nicht eine Zusammenstellung gefunden, während es bei allen statistischen Arbeiten doch vorzugsweise wünschenswert ist, so bald als möglich durch Veröffentlichung in den Besitz des Ma terials zu gelangen, und das Material allerdings möglichst gleichmäßig verarbeitet zu erhalten."
127580,"Herr Minister, Sie sind doch mit mir der Auffassung, daß diesmal vermieden werden soll, daß nur wenige Münzen geprägt werden - wie beispielsweise bei der Fichte-Gedenkmünze mit der Auflage 500 000 Stück -, daß also mehr Münzen geprägt werden müssen - ohne daß dadurch der Zahlungsverkehr beeinträchtigt wird -, damit es nicht wieder so ,geht wie jetzt, daß die Bundestagsabgeordneten nur an der Amtskasse Gedenkmünzen bekommen und die Münzen in keinem Bankinstitut zu haben sind?"
621808,"Herr Staatssekretär, schließen Sie für die Zukunft aus, dass die Verbraucherministerin Renate Künast den Bauern erneut vorwirft, sie hätten beim Rindfleisch am Markt vorbei produziert, obwohl die Bundesregierung bei den Verhandlungen zur Agenda 2000 eine produktionsbezogene Quote von 1,8 Millionen für Rinder ausgehandelt hat und die Bauern, wie ich jetzt erfahren habe, nur eine Quote von 1,5 Millionen durch ihre Produktion ausgeschöpft haben? Ich habe Sie bewusst gefragt, ob sich die Bauern vernünftiger als der Bundeskanzler verhalten haben, der diese produktionsbezogenen Quoten ausgehandelt hat."
62607,". Herr Kollege Seuffert, haben Sie nicht gehört, daß ich nur von der Technik dieser Sache gesprochen habe, nicht von der Höhe? Ich habe davon gesprochen, daß man überlegen könnte, ob man nicht die Präferenz bei den Lieferungen ins Bundesgebiet dem Kunden und nicht dem Verkäufer gibt. Das wäre nur eine technische Umstellung. Das ist nicht etwa eine Diskussion darüber, ob man die Innenumsätze im Saargebiet befreien sollte!"
451604,"Dies folgt natürlich dann, meine Damen und Herren, wenn z. B. das größte Bundesland, Nordrhein-Westfalen, seinen Verpflichtungsrahmen für den sozialen Wohnungsbau herunterfährt - das ist eine Tatsache - , und zwar drastisch, von 1,75 Milliarden DM auf magere 0,65 Milliarden DM im Jahre 1988. Es ist schon erstaunlich, wenn eine seit 23 Jahren regierende Landesregierung den Finger der Anklage auf Bonn richtet und selbst seit vielen Jahren ihren wohnungsbaupolitischen Verpflichtungen und den Notwendigkeiten nicht nachkommt. ({0})"
30789,"Ist der Herr Bundesminister für Wohnungsbau bereit, im Rahmen der angekündigten Maßnahmen zur Förderung des Wiederaufbaus eine Änderung des § 15 Abs. 3 der Berechnungsverordnung vom 20. November 1950 in der Weise herbeizuführen, daß der Wert der wiederverwendeten Gebäudereste mit dem dadurch ersparten Baukostenbetrage angesetzt werden darf entsprechend der Regelung, die in Abschnitt 35 der vom Bayerischen Staatsministerium des Innern erlassenen Bauförderungsbestimmungen getroffen worden ist, damit ein stärkerer Anreiz zum Wiederaufbau der Räumungsgrundstücke gegeben wird?"
1062194,"Ich finde es natürlich, wenn Anhänger und Die ner einer gestürzten Dynastie oder eines Prätendenten, welcher seine Ansprüche nicht verwirklichen konnte, die berechtigte Wärme eines Gefühls für eine Sache, der sie einen Theil ihres Lebens, vielleicht ihr ganzes Leben gewidmet haben, hierher übertragen und daraus eine Kälte, eine gewisse kühle, schlüpfrige Gegen sätzlichkeit zu dem heutigen Zrele maniseftiren."
730016,"Die Bundesregierung hat sich gegen die Weiterleitung des Goldstone-Berichtes, in dem beiden Konfliktparteien - nicht nur Israel; es ist mir wichtig, das zu betonen Menschenrechtsverletzungen vorgeworfen werden, an die Vollversammlung der Vereinten Nationen ausgesprochen. Könnten Sie dem Parlament erklären, warum die Bundesregierung nicht möchte, dass der Goldstone-Bericht in dieser Ausgewogenheit von der Vollversammlung der Vereinten Nationen diskutiert wird?"
1063238,"Wenn Sie die entsprechenden Bestimmungen in den hh 7, in den 309, 310, 311 und 312 der Kriminal ordnung zusammenfassen, so werden Sie wohl nicht in Zweifel sein, daß dort nur vom Kriminalverfahren die Rede ist, und wenn diese Stellen noch Zweifel zulassen, so muß man an das mit Gesetzeskraft ausgestattete Patent sich wenden, welches die Vorschriften der Kriminalordnung folgender maßen bezeichnet:"
1082906,"Wir waren immer der Meinung, daß eine solche große Wahl dazu da sei, um jedem einzelnen Bürger oder Unterthan Gelegenheit zu geben, nach seiner besten Ueberzeugung gewissenhaft, gut und ehrlich zu stimmen, und da haben wir immer geglaubt, jede Art der Einwirkung, welche die Leute hindere, in ihrer Weise zu stimmen, sei un moralisch und sei auch gegen die Bestimmungen und den Sinn unserer Gesetzgebung und unserer Verfassung."
149276,"Herr Präsident! Meine Damen und Herren! Nach dem, was heute morgen in der sozialdemokratischen Bundestagsfraktion besprochen worden ist, fühle ich mich berechtigt, zu sagen, daß auf der neuen Basis im Ältestenrat sehr rasch ein Übereinkommen erzielt werden könnte. Ich halte das für besser, als wenn wir hier in einer Kampfabstimmung entscheiden, bei der auf jeden Fall Unzufriedene zurückbleiben werden - wie überhaupt bei jeder Regelung, die wir im Ältestenrat vereinbaren. Deshalb bitte ich Sie, dem Antrag der sozialdemokratischen Fraktion zuzustimmen, den Punkt von der Tagesordnung abzusetzen und dem Ältestenrat noch einmal Gelegenheit zu geben, sich über den Zeitplan zu verständigen."
1073294,"Ich möchte daher wirklich bitten, daß wir alle, die in der Rechnungskommission sitzen, den Vorsatz fassen, mit der bisherigen Praxis zu brechen, zunächst sobald als möglich unsere Arbeiten zu beginnen, nicht, wie es Mode geworden ist, erst nach Weihnachten, und auf unsere Arbeit auch einmal eine längere Zahl von Sitzungen zu verwenden."
1085462,"Es wird jedesmal auf das ärztliche Gutachten ankommen, und nach den jetzigen Ergebnissen der medizinischen Wissenschaft ist es in den meisten Fällen sehr zweifelhaft, ob das ärzt liche Gutachten eine Gewerbekrankheit annehmen würde oder nicht, und da würde der Arbeiter eben keine Rente bekommen."
465814,"Ja, ich bin gleich so weit. Ich werde ja immer wieder unterbrochen. Mir geht es um das Vertrauen. Es ist doch ein bedauerlicher Vorgang, daß wir hier miteinander über existentielle Anliegen streiten, ({0}) die wir miteinander im Vertrauen regeln müßten. Denn was wir in den anderen Teil Deutschlands bringen müssen, ist das Vertrauen auf eine Zukunft, wie wir sie uns erarbeitet haben und die wir gerne drüben möglichst bald - auch unter Opfern - einführen möchten. Die Wahl hat gezeigt, daß man diesen Weg gehen will. Bitte helfen Sie uns aus der Opposition dabei, und nehmen Sie wenigstens das Anliegen als ein gemeinsames Anliegen mit uns auf. Schönen Dank. ({1})"
70633,"Herr Minister, glauben Sie nicht, daß es jetzt, nachdem in dem Abbaugesetz diese neue Terminologie über das Wohnungsdefizit enthalten ist und das Statistische Bundesamt ein Defizit von 1,5 Millionen Wohnungen errechnet hat, gut und richtig wäre, künftig bei Angaben über das Defizit - nicht über den Bedarf, sondern über das Defizit - einheitlich von diesen statistischen Zahlen des Statistischen Bundesamtes auszugehen?"
1083914,"Wenn der Herr Graf von Posadowsky nicht durch seine volksfreundliche Gesinnung, die er vielfach bewiesen hat, geschützt wäre vor einem solchen Verdachte, so könnte man sein rosarothes und himmelblaues Gemälde von unseren wirthschaftlichen Zuständen geradezu für eine bittere Ironie ansehen gegenüber der wirthschaftlichen Noth unseres Mittelstandes, die in den Kreisen der Land wirthschaft, in den Kreisen der redlichen Gewerbtreibenden und in großen Kreisen unserer Beamtenschaft noch heute herrscht und die dort nirgend Zufriedenheit aufkommen"
1064066,"die verbündeten Regierungen zu ersuchen, un verzüglich im Zusammenwirken mit dem Kriegs ausschuß der deutschen Reedereien alle zur Er haltung und Vermehrung des Bestandes an deutschen Handelsschiffen zum Binnen-, Küsten- und Überseeverkehr geeigneten Maßnahmen zu ergreifen, insbesondere den deutschen Reedereien den Neubau von Handelsschiffen durch Bereit"
1063358,"Die dank der Aufopferung der deutschen Sol daten, nicht zuletzt auch der Millionen der Arbeiter im Waffenrock, unversehrt gebliebenen deutschen Gebiete waren von der feindlichen Invasion bedroht, wenn nicht rasch der Waffenstillstand vereinbart wurde, der 33* iKeil (8kv), Abgeordneter.)"
1068686,"Nnn, meine Herren, ist es doch wahrhaftig keine leichte Aufgabe für einen Mann, zunächst diese Bedürfnisse für das ganze Reich und dann für die einzelnen Staaten zu erkennen, und sie dann auf eine befriedigende Weise zur Geltung zu bringen, und, meine verehrten Herren, damit noch nicht genug, dann noch die Einsprüche derjenigen zu überwinden, die noch eine besondere Sicherung in konstitutioneller Beziehung ver langen."
1074710,"Aus den mir vorliegenden Akten ergibt sich nämlich, daß die große in obigem Fall eingetretene Ver zögerung hauptsächlich dadurch veranlaßt wurde, daß der mit der Prüfung beauftragte Chemiker, als er an die Er stattung des verlangten Gutachtens erinnert wurde, er klärte, daß es eine nur zuverlässige Resultate liefernde Methode zur Bestimmung der Pyridinbasen in alkoholischen Flüssigkeiten bis dahin nicht gebe, und er erst eine Bestim mungsmethode ausarbeiten müsse."
1062254,"In Abänderung der Regierungsvorlage, die die Anhörung eines Ausschusses vorsah, in dem Länder regierungen und Sachverständigenorganisationen vertreten sein sollen, sei in Abs. 33 der Ziffer VV der Richtlinien nach den Beschlüssen des Reichsrats vor gesehen, zwei Ausschüsse zu bilden, nämlich einen Länderausschuß und einen eigentlichen Sachverstän digenausschuß."
110695,"Nun, nachdem Herr Kollege Erler eben hier, sagen wir mal, eine sehr merkwürdige Auffassung von dem, was Humor ist, vertreten hat, nehme ich diesen Zwischenruf nicht sehr ernst. Der Herr Kollege Berkhan hat mir im vorigen Jahr hier den Zwischenruf gemacht, es sei mix doch sicherlich bekannt, daß der verantwortliche Redakteur entlassen sei. Herr Kollege Berkhan, ich gebe Ihnen zu und ich bin der Überzeugung, daß Sie diesen Zwischenruf in gutem Glauben gemacht haben. Aber wir beide werden sehr enttäuscht sein, wenn wir heute feststellen müssen, daß es dem DGB leider an der nötigen Zivilcourage gefehlt hat, Dr. Kliesing ({0}) um aus dieser Geschichte die Konsequenzen zu ziehen. ({1}) - Bitte."
1044612,"Nein, ich erlaube die Zwischenfrage nicht. – Was ich noch sagen will: Diese Haltung, diese doppelzüngige Haltung gegenüber der Polizei und gegenüber verletzten Einsatzkräften offenbart Ihre ganze Scheinheiligkeit, mit der Sie hier unterwegs sind. Wir finden, dass die Polizei insgesamt einen hervorragenden Job macht. Den Einsatzkräften, die das Parlament so tapfer vor den Angriffen verteidigt haben, kann man gar nicht genug danken. ({0}) Aber Sie bleiben ja lieber sitzen, während sich alle Demokraten hier im Haus zur Anerkennung erhoben haben – das spricht Bände. ({1})"
1063898,"Wenn mit Recht hervorgehoben worden ist, daß der polnische Staat als Partner ein erhebliches Maß von Mißtrauen verdient, daß wir heute nicht das Vertrauen zu Polen haben können, daß es hinfort den Versuch unterläßt, auf anderen Wegen, auf dem Wege der Agrarreform, auf dem Wege der Steuerpolitik, der Schulpolitik, der Grenzzonenverordnungen weiter gegen das Deutschtum vorzugehen, dann sagen wir:"
1065566,"Wenn ich diesen genannten Generalen als Heeres gruppen- und Armeeführern meinen und den Dank des deutschen Volkes ausspreche, dann gilt dieser zugleich für all die anderen Offiziere, die zu nennen im einzelnen unmöglich ist, und besonders für die namenlosen Arbeiter des Generalstabes."
1073486,"Deshalb stehe ich auch ganz auf dem Standpunkte des Herrn Abgeordneten Hitze, daß, wenn die Frage an uns herantreten sollte, die Altersgrenze von 70 auf 65 oder 60 Jahre herunterzusetzen, ich selbstver ständlich es vorziehen würde, etwa zur Verfügung stehende Geldmittel zur Einführung der Wittwen- und Waisen fürsorge und nicht zur Herabsetzung der Altersgrenze zu verwenden."
1067546,"Dagegen ist nun eine große Reihe von Gegenständen, wo ich geglaubt hätte, daß theils überhaupt große Beden ken gegen eine Aufhebung oder Herabsetzung des Zolles vor liegen dürften, theils aber die Verhältnisse in der Vorlage gar nicht aufgeklärt sind."
797118,"Vielen Dank, Herr Präsident. - Vielen Dank, Frau Staatssekretärin, für diese Antwort. Ich habe schon des Öfteren nach den Sicherheitsbedingungen und der Regelkonformität vor allem des Betriebssystems ZUNA beim AKW Gundremmingen gefragt, auch in der letzten Legislaturperiode die Vorgängerregierung, als das Umweltministerium noch Minister Altmaier unterstand. Auf eine Kleine Anfrage zu diesem ganzen Komplex bekam ich am 22. August 2013 die Antwort - es waren mehrere Fragen, die dann gemeinsam beantwortet wurden -, dass die abschließende Bewertung zu diesen Sicherheitsnachweisen noch nicht vorliegt. Darf ich davon ausgehen, dass die inzwischen vorliegt?"
313409,"Frau Staatsminister, sieht sich die Bundesregierung, obgleich es also bis zu ihrer nächsten Präsidentschaft noch gute Weile hat, denn in der Lage, einmal diese Anregung im Ministerkomitee zu geben und darüber zu sprechen, zumal ja auch meine Anregung nicht auf der Vorstellung beruht, daß das Ministerkomitee ständig auf Reisen sein sollte, sondern auf dem Gedanken, daß dies, wie in meiner Frage auch steht, gelegentlich der Fall sein könnte?"
1079126,"Da indessen offenbar ist, daß das Haus in dieser Sache nicht helfen kann, indem der gewöhnliche Rechtsweg verfolgt worden ist, obschon nur eine Ädministrativexekution vorliegt, da diese dem gegenwärtigen Gesetze entspricht, so wird vielleicht das Haus gestatten ,, wenn ich persönlich den Antrag stelle:"
1072802,"links), dadurch widerlege, daß ich Ihnen den Gegensatz zwischen unseren Anschauungen definire, daß ich Ihnen sage, was (2) ich unter „nationalem Interesse"" verstehe, und was Sie nach meiner Auffassung darunter verstehen, und daß ich demzufolge berechtigt bin, auf Ihrer Seite von einem „angeblich nationalen Interesse"" zu sprechen (Unruhe und Lachen rechts), —— daß ich da weiter nichts thue, als Angriffe abzuwehren, die ich nicht für berechtigt erkenne."
1079750,"Demgegenüber wurde von mehreren Seiten und ins besondere von einem Mitgliede des Ausschusses, das im Ernährungsbeirat nnd in der Presse wiederholt gerade auf dem Gebiete der Fleischfrage hervorgetreten ist, ent schieden daran festgehalten, daß der Schweinebestand in Deutschland viel zu hoch sei."
1082378,"Daß man das Beantragte rechtlich nicht ver langen kann, geht am deutlichsten hervor aus dem, was der Herr Vertreter Bayerns zuletzt angeführt hat, indem es in dem Vertrage heißt, daß der Artikel 72 der Verfassung nur insoweit Anwendung findet, als dem Bundesrath und dem Reichstage lediglich die Ueberweisung der für das bayerische Heer erforderlichen Summe an Bayern nachzuweisen ist."
1048685,"Vielen Dank. – Ich habe eine Nachfrage: Sind Änderungen im Gemeinnützigkeitsrecht des Wohnungsbaus angedacht, um die Gründung von Genossenschaften für Kommunen in der Bundesrepublik Deutschland zu erleichtern oder andere Formen der öffentlichen Daseinsvorsorge in allgemeiner Hand oder zumindest gemeinwohlorientiert zu schaffen?"
48913,"Herr Kollege Dr. Hellwig, glauben Sie wirklich, die Sozialpartner von der Last der Verantwortung dafür befreien zu können, daß auf dieses Rentnerproblem gebührend Rücksicht genommen wird? Glauben Sie nicht, daß die Verbindung der Rentner mit dem Lohnindex logischerweise ihre Auswirkungen auf die Auseinandersetzungen der Sozialpartner haben muß und daß damit schon manches aus dem rein natürlichen, folgerichtigen Ablauf der Dinge präjudiziert wird?"
1071818,"Die Stellung der verbündeten Regierungen zu diesem Para graphen ist auf Seite 233 und 234 des Berichts so ein gehend dargelegt, daß ich es wirklich für eine unnöthige Verzögerung der wichtigen Debatten halten würde, wenn ich das, was in dem Kommissionsbericht zum Theil auf Grund stenographischer Niederschüft niedergelegt ist, wiederholen wollte."
1069442,"wie es in der heutigen Vorlage heißt —— ,, mit Freuden begrüßt, und so hat es mir zur lebhaften Befriedigung gereicht, daß es den Bundesregierungen gelungen ist, noch in der gegenwärtigen Session die nöthige Vorlage an den Reichstag gelangen zu lassen, um das vereinbarte Gesetz nunmehr ins Leben zu führen."
1064678,"Es bedeutet deshalb von unserer Seite und von seiten des Reichstags gewiß ein großes Entgegenkommen, wenn er trotz dieser unfreundlichen Haltung des Bundes rats aufbauen will auf den Beschlüssen der letzten Session, und wenn er nicht noch einmal in alle Einzelheiten dieser Vorlage einzutreten sucht, sondern das Ergebnis, wie es sich in der zweiten Lesung der letzten Session heraus gestellt hat, herübernimmt in die neue Session —— trotz der Bedenken, die der Herr Staatssekretär Graf Posadowsky bezüglich einer solchen Herübernahme in der Generaldebatte zum Etat hier geltend gemacht hat."
252442,"Herr Staatssekretär, wären Sie bereit, zu prüfen und zu überlegen, ob die Situation für diejenigen nicht anders ist, die mit Ansprüchen an die deutsche Rentenversicherung aus den deutschen Ostgebieten erst jetzt zu uns kommen und die daher innerhalb der jetzt gesetzten Frist eine Möglichkeit der Nachentrichtung gar nicht haben? Ich wäre Ihnen dankbar, wenn Sie mir mitteilten, ob man bereit ist, diese Frage nochmals zu überprüfen."
1063166,"Die Kommunalverbände erhalten von der Reichsgetreidestelle nur für diejenigen Getreide mengen Bezahlung, die sie für die Versorgung anderer Reichsteile an sie abliefern, während für die Mengen, deren die Kommunalverbände zur Ver- ^^ ^^ sorgung ihrer Bevölkerung bedürfen, eine Bezah lung durch die Reichsgetreidestelle nicht erfolgt."
289484,"Herr Staatssekretär, gehört zur Abwendung von Schäden von der deutschen Weinwirtschaft, verursacht durch beitrittswillige Länder, auch die Garantie der Bundesregierung, sich mit allem Nachdruck dafür einzusetzen, daß der fränkische Bocksbeutel in der arteigenen Weinflasche auch nach dem Beitritt Portugals absolut geschützt bleibt?"
730682,"Danke für Ihre Worte, aber dies war nicht die Antwort auf die von mir gestellte Frage. Die Frage handelte davon, welche Stellen in der Bundesregierung wann Kenntnis von dem zitierten Bericht und von dem Video hatten. Deshalb frage ich eindeutig nach: Wann hat erstmals eine Stelle im Verantwortungsbereich des Bundeskanzleramts Kenntnis von diesem Bericht und dem Video erhalten, und um welche Stelle im Verantwortungsbereich des Bundeskanzleramts handelt es sich? Wenn Sie es nicht wissen, kann die Frage vielleicht der Chef des Bundeskanzleramts beantworten."
1088810,"Herr Gras v. Posadowsky tut mir innig weh, wenn ich ihn hier sitzen seh, wie er von den preußischen Landwirtschaftsministern behandelt wird, im vorigen Jahre Herr v. Podbielski, der auch wieder mit der Schlachtsteuer kam, die Herr Graf v. Posadowsky so warm verteidigt hatte, und uns und den Städten den Vorwurf machte, und diesmal der neue Herr Land wirtschaftsminister, immer dasselbe, und Herr Graf v. Posadowsky muß bei alledem stillhalten, er muß auch (L) stillhalten, wenn er jetzt selber ausführen muß: eine Fleischnot besteht nicht, —— und wenn er ausführen muß, daß 97 Prozent des Fleischbedarfs im Inland gedeckt werden."
1066502,"Die Berichte, die der damalige polnische Oesandte in wasbington, Orak Dotoeki, «einer Regierung in warsebau sebiekte, sind Dokumente, au« denen mit ersebreekender Deutlichkeit bervorgebt, wie sebr ein einziger Mann und die ibn treibenden Rräkte mit der Verantwortung kür den zweiten Weltkrieg bela8tet sind."
1063070,"Zm Lande draußen bleibt das Schlagwort, bleibt die Insinuation, welche in den Worten „Cobdenklub, Bestechung, Cartwright"" liegt, und hört nicht die Klausel, welche ange knüpft worden ist, daß natürlich von keiner Bestechung irgend eines Mitgliedes dieses Hauses oder eines Ehrenmitgliedes des Cobdenklubs die Rede sein könne."
239307,"Herr Staatsminister, wenn wir uns mit der Bundesregierung in diesem Hause sicher alle einig sind, daß der Art. 5 seine volle Geltung hat und haben muß, wenn weiter von den Befürwortern dieser Londoner Ausstellung betont wird, sie habe in England den Eindruck verstärkt, es in der Bundesrepublik mit einem besonders freien Staat zu tun zu haben, der zur Selbstkritik fähig sei: teilen Sie meine Ansicht, daß eine einseitige Herabsetzung der Opposition, selbst schärfste Kritik an der Opposition - soweit diese sich überhaupt äußern kann -, in jeder Diktatur erlaubt ist und daß dem freien Staat mit seiner kritischen Selbstdarstellung nur gedient wäre, wenn wir uns nach draußen dann auch gegenüber der Regierung kritisch darstellen?"
1080218,"Also abgesehen, sage ich, von dieser unschönen Fassung, so empfiehlt sich auch aus materiellen Gründen, nach der Meinung der Antragsteller, das bestehende Gesetz abzuändern und die Reali- sirung der Absicht des ursprünglichen Entwurfs und zwar im Wege der Reichsgesetzgebung auszuführen."
603890,"Dennoch kann ich mich des Eindrucks nicht erwehren, daß immer nur gesagt wird, es müsse etwas verändert werden, daß eine Richtung aber nicht erkennbar ist. Das ist schon ein wenig problematisch. Sie haben leider auch meine Frage nach den geschützten Betriebsabteilungen und nach der Unterstützung von Selbsthilfegruppen nicht beantwortet. Ich möchte deswegen eine weitere Frage anschließen, weil ich davon ausgehe, daß Sie im Kabinett darüber geredet haben. Ich möchte gerne wissen, ob Sie in diesem Zusammenhang Ihre Kabinettskolleginnen und -kollegen auch darüber informiert haben, welche Möglichkeiten und Probleme es bezüglich der Arbeitsassistenz gibt. Es ist ja erwiesenermaßen so, daß viele Menschen mit Behinderung auch der Assistenz am Arbeitsplatz bedürfen. Wie könnte diese Assistenz geregelt werden?"
222103,"Herr Staatssekretär, sind Sie bereit einzuräumen, daß die strukturschwachen, insbesondere die peripheren ländlichen Gebiete im Rahmen des Straßenausbauplanes des Bundes nicht gebührend berücksichtigt wurden, weil dort in erster Linie das Frequenzdenken und weniger der Erschließungsgedanke im Vordergrund steht? Stimmen Sie mir weiter zu, daß die Bestimmung des § 4 des Zonenrandförderungsgesetzes, die vorsieht, daß gerade im Zonenrandgebiet auf den Straßenausbau besonderes Gewicht zu legen ist, bis heute eine Symbolbestimmung geblieben ist?"
1071470,"Ich, meine Herren, würde mich schämen bis in die Seele hinein, wenn ich als öffentlicher Beamter einer bei mir schwebenden Untersuchung Vorgriffe, die doch nur den Zweck hat, die Wahrheit zu erforschen, und nicht dazu dienen soll, durch präjudizielle Mittheilungen das Schicksal desjenigen in Frage zu stellen, welcher der Untersuchung unterliegt."
1062530,"Das, was beim Grundbesitz als Wert angenommen wird, ist doch nur ein fiktiver Derkaufswert, der aber in der Regel überhaupt nicht zu erzielen ist, und der sogenannte Anlagewert des Gewerbetreibenden, der Wert des Geschäfts beim Gewerbetreibenden, ist doch auch ein mehr oder minder fiktives Anlagekapital."
589913,"Ich wollte Sie, Frau Kollegin, nur fragen, ob es Ihnen bekannt ist, daß der Arbeitnehmer - das war in der Vergangenheit so - keinen Anspruch auf die Beitragszahlungen der Arbeitgeber hat. Die alte Bundesregierung hat in den 80er Jahren zum Beispiel ein Gesetz vorgelegt, nach dem türkische Arbeitnehmer Versicherungsbeiträge ausgezahlt bekamen, nachdem sie in die Türkei zurückgekehrt waren. Sie bekamen aber nur diejenigen Versicherungsbeiträge ausgezahlt, die sie selber eingezahlt hatten, während Sie damals die Beiträge der Arbeitgeber eingespart bzw. in der Rentenkasse belassen haben. Das war immer so und soll nach meiner Meinung auch so bleiben. Das ist auch richtig. Aber Sie stellen jetzt neue Grundsatzprinzipien in der Sozialversicherung auf, mit denen Sie - wenn Sie sie durchhalten - in Ihrer eigenen Fraktion große Probleme bekommen."
1066862,"Vielleicht —— um das eine noch zu sagen —— vielleicht ist das edle Wort Theodor Roosevelts, daß alle Völker die Fortschritte und das Hochkommen anderer Völker als einen eigenen Fortschritt betrachten und begrüßen sollten, —— viel leicht ist jenes edle Wort dann den Völkern der Welt in Fleisch und Blut übergegangen."
1052934,"Wunderbar. – Ihren letzten Satz aufnehmend: Sie sprachen selber davon, dass die zunehmende Konzentration des Lebensmittelhandels aus Ihrer Sicht sehr, sehr kritisch zu bewerten ist. Der neue Vorsitzende des wissenschaftlichen Beirats, Professor Spiller, hat eine Entflechtung – das ist natürlich ein sensibles Wort – in die Diskussion gebracht. Wie bewerten Sie diesen Vorschlag? Werden Sie diesen Vorschlag umsetzen? Werden Sie diesen Vorschlag modifiziert übernehmen? Was können wir dort erwarten?"
1073930,"Ich erinnere ferner daran, daß es kein Geringerer als Rudolf Dirchow war, der bereits im Jahre 1848, nach dem ungeheuren Elend, das damals in Oberschlesien herrschte, dieForderung nach einem selbständigen Gesundheits ministerium erhob, und es war auch charakteristisch, daß Professor Grotjahn in seinen Vorschlägen für die Er neuerung des Erfurter Programms auf gesundheit lichem Gebiete ausdrücklich erklärt:"
1070150,"Wenn Herr Faßbender von der Heilkunst spricht und sagt, wir hätten doch auch anderswo große Künstler gehabt, so, glaube ich, waren unsere großen und größten Künstler außerordentlich ernste, fleißige Männer, die trotz ihrer genialen Begabung für irgend ein Kunstgebiet -- denken Sie an Maleret oder Dichtkunst —— immer noch methodisch gewirkt und gefeilt und durch ihr Studium eine so streng methodische Arbeit geleistet haben wie nur irgendeiner von uns gewöhnlichen Mitteleuropäern, (Heiterkeit) die wir nicht mit dem Genie in irgend welche Berührung gekommen"
688889,"Herr Staatssekretär, wir hören auf der einen Seite - ich habe es bereits angesprochen - sehr drastische Worte aus der Regierung über die dieser Meinung nach übertriebenen Gehaltserhöhungen und auf der anderen Seite Ihre Stellungnahme, die den Eindruck erweckt, als stünden die öffentlichen Äußerungen in krassem Widerspruch zu dem, was wirklich getan wird. Welche Maßnahmen wollen Sie ergreifen, um das der Bevölkerung verständlich zu machen, die zunehmend den Eindruck hat, dass die Politiker und damit auch die Regierungsmitglieder untätig zuschauen, wie das Volk verarmt, während sich die Vorstände kräftig bedienen? Welche Maßnahmen wollen Sie ergreifen, um in der Bevölkerung zumindest den Eindruck zu erwecken, dass die Regierung etwas tut?"
524166,"Sehen Sie es auch so, daß es durchaus sinnvoll erscheint, wenn die Anwendungshilfen zur städtebaulichen Entwicklungsmaßnahme, die seit mehreren Monaten von der ARGEBAU herausgegeben worden sind, auch den Gemeinden entsprechend zur Verfügung gestellt werden, bzw. ist Ihnen bekannt, ob die Gemeinden bereits diese Anwendungshilfe an der Hand haben?"
1063046,"Abgeordneter Lasker: Meine Herren, es ist nur billig anzuerkennen, daß der Herr Vertreter des Bundesraths sich hauptsächlich mit den Vorzügen des Gesetzes beschäftigt und dem Reichstage überlassen hat, aus seiner Mitte in dieser ersten Lesung zwar nicht alle einzelnen Mißstände aufzuführen, denn dies entspräche nicht dem Zweck der ersten Lesung, wohl aber das Bild von einer anderen Seite zu zeigen."
1066178,"Auch in den schwersten Krisentagen dieses Sommers —— und das habe ich damals mit besonderem Bedauern empfun den —— ,, auch in jenen Tagen, wo das Volk in dumpfer Verzweiflung und Resignation die furchtbaren Er schütterungen und Zusammenbrüche sah, die damals eintraten, fehlte das leitende und führende Wort, ja, ich möchte sagen, das erlösende Wort eines Reichskanz- ^^ lers, von dem man es damals allein erwartete."
1005062,"Vielen Dank, Frau Kollegin, dass ich diese Zwischenfrage stellen darf. – Ich möchte von Ihnen gerne wissen, welche wissenschaftliche Studie Ihrem Redetext zugrunde liegt, wenn Sie behaupten, dass die Landwirte in Niedersachsen – dort fand die angebliche Studie statt, die der NDR in Auftrag gegeben hat – für die Multiresistenzen verantwortlich sind. ({0})"
1067186,"muß ich auch die Vorsitzenden der Gewerbegerichte, die eben so gut gesunden Menschenverstand haben und eben so oft noch viel „praktischere"" Leute sind als diejenigen, die als sogenannte „Sachverständige"", als Beisitzer die Sache nur aus dem oft recht engen Gesichtswinkel ihres Gesichtskreises ansehen, ganz entschieden in Schutz nehmen."
688110,"Ich wollte Sie nur fragen, ob Sie zur Kenntnis genommen haben, dass ich vorgetragen habe, dass die bisherige Praxis nicht funktioniert. Das weiß ich, weil ich sie jahrelang verantwortet habe. Daher habe ich vorgeschlagen, eine parlamentarische Kontrolle vorzusehen. Haben Sie ferner zur Kenntnis genommen, dass ich auf die erfolgreiche Praxis in Großbritannien verwiesen habe? Wenn wir schon diskutieren, bitte ich darum, die Argumente, die der andere anführt, aufzunehmen, sonst ist es nämlich keine Debatte."
1063010,"Vorgestern, in der sehr interessanten Sitzung des Handelspolitischen Ausschusses, hat der Herr Abgeordnete v. Raumer ungefähr folgende Theorie entwickelt: daß die deutschen Wirtschaftsführer keiner Kontrolle irgendwelcher Art mehr unterworfen werden können, daß sie eigentlich nur noch ihrem Gewissen und weiter niemandem ver antwortlich sind."
1063262,"Viele Köpfe unter einen Hut zu bringen, ist immer mühsam, auch wenn es sich um Diplomaten handelt (Heiterkeit), und im vorliegenden Falle sollen sich nicht nur die Ver treter der Mächte in Peking unter einander verständigen, sondern ihre Beschlüsse sollen auch von ihren Regierungen"
1056980,"Ich habe gesagt: „Fußsoldaten“. Das ist die Antifa und ihre Fußsoldaten. ({0}) 694 Angriffe haben wir gehabt. Das ist genauso viel wie gegen den Rest da drinnen. Das ist wahrscheinlich Taktik von der Regierung. Sie greifen uns mit staatlichen Repressalien an, und da sitzt der Arm des Terrors. Liebe Union, wie könnt ihr mit denen zusammenarbeiten? Da sitzen verurteilte RAF-Terroristen und Mörder im Bundestag und arbeiten für die Linken. ({1}) 20 linke Abgeordnete haben direkten Kontakt zu verfassungsfeindlichen Organisationen. Drei von ihnen haben selbst – –"
1064774,"Die älteren Mitglieder dieses hohen Hauses werden sich erinnern, daß, als die Bankakte im Jahre 1875 hier diskutirt wurde, seitens der verbündeten Regierungen Steuer befreiungen —— sowohl staatliche wie kommunale —— in erster Linie beantragt waren, daß aber, namentlich hervor gerufen durch eine Petition des Magistrats von Thorn, dem sich viele deutsche Städte anschloffen, ausdrücklich mit erheblicher Majorität die Kommunalsteuerpflicht der deutschen Reichsbank statuirt worden ist, daß sie also sowohl hier in Berlin, wo sie —— das darf ich gleich einschalten —— jedes Jahr etwa 7- bis 800 000 Mark zu den Kommunallasten beiträgt, wie in den betreffenden Filialorten nach wie vor beizusteuern hat."
97649,"Herr Staatssekretär, darf ich aus Ihrer ersten Antwort entnehmen, daß die Bundesregierung die Auffassungen von Professor Mann nicht teilt, daß - trotz der von ihm zwar theoretisch hervorgehobenen Unrechtmäßigkeit der von Polen angestrebten Westgrenzen - die letzten zwanzig Jahre genügen, um zu erkennen, daß die Entwicklung in friedlicher Weise nicht mehr rückgängig gemacht werden könne, oder steht die Bundesregierung vielmehr auf dem Standpunkt, daß die Wiederherstellung auch nur unvollkommener Ordnung nach solchen geschichtlichen Katastrophen sehr lange Zeiträume erfordert?"
705747,"Zum Thema Qualitätskontrolle. Ist Ihnen denn im Rahmen dieser regelmäßigen Beratungen bekannt ge13842 worden, in welchen weiteren Bundesländern es in diesem Jahr oder in den vergangenen Jahren eventuell Probleme mit der Zuordnung solcher Straftaten gegeben hat? Gibt es auch eine Aussage dazu, wie viele Straftaten auf diese Art und Weise wahrscheinlich nicht in die Statistik gelangt sind?"
1066850,"Ich halte mich als ehemaliger fünfjähriger Unterstaatssekretär in Elsaß- L°,hri»g» als 55 Jahre dort gewesener ehemaliger Unterstaatssekretär in Elsaß-Lothringen für verpflichtet, das hier von der Tribüne zu erklären, daß mir kein Parlament in Deutschland bekannt ist, was so gut und so sachlich arbeitet wie der Landes ausschuß für Elsaß-Lothringen;"
630492,"Herr Minister, wenn Sie gestatten, möchte ich nicht auf Ihren Vortrag als solchen eingehen, sondern etwas ansprechen, das heute auch Gesprächsthema in der Kabinettsrunde gewesen sein dürfte. In welch katastrophalem Zustand befindet sich eigentlich die rot-grüne Regierungskoalition, wenn es der BunBundesminister Hans Eichel deskanzler für nötig befindet, die Vertrauensfrage mit der wichtigen Entscheidung über den deutschen Streitkräfteeinsatz zur Unterstützung der USA zu verknüpfen? Es ist eine Sachentscheidung, die in ihrer Tragweite in der deutschen Außen- und Sicherheitspolitik eine historische Zäsur darstellt."
136946,"Würden Sie mit mir übereinstimmen, Herr Minister, daß die Beunruhigung über das Problem der Zebrastreifenunfälle doch dazu Veranlassung geben müßte, statistische Untersuchungen über die Entwicklung dieser Unfälle nicht erst wie z. B. auf Grund dieser von Ihnen erwähnten statistischen Untersuchung am Ende des Jahres 1967 für den Ablauf des Jahres 1965 zu haben, sondern daß man solche Untersuchungen doch tatsächlich beschleunigen müßte?"
1086410,"Zch habe das Hohe Haus zu bitten, bei der Verabschiedung des Etats für das Reichswirtschastsministerium unserm Antrag zuzu stimmen, daß oem Kapitel 11 der Fortdauernden Aus gaben ein besonderer Zusatz gegeben wird, nämlich für das Deutsche Handwerksinstitut ein Beitrag von 24 000 Reichsmark und ein weiterer Beitrag von 25 000 Reichsmark zur Förderung wissenschaftlicher Be strebungen von allgemeinwirtschaftlicher Wichtigkeit, wie wir bereits im Ausschuß beantragt Haben."
1064894,"Zch könnte Ihnen Zahlen vorlegen aus Untersuchungen, die in den zoologischen Instituten oder Universitäten, oder an landwirthschaftlichen Versuchsstationen gemacht worden sind, aus deren Inhalt sich ergibt, daß der Sperling der Insektenfresser, als den man ihn rühmt, nicht ist, daß er nur so lange sich von Insekten nährt, als er die Zungen in der ersten Zeit zu füttern hat."
1076126,"und wenn ich mich darauf einlassen wollte, davon zu reden, wie grausam es wäre, dem armen Mann fein Pfeifchen Tabak oder den stärkenden Trank zu verkümmern, und ich wäre mir dabei bewußt, daß ich immer noch das Kopfgeld und die Brot steuer von ihm fordere, so würde ich meinem innern Menschen gegenüber ehrlich genug sein, ihn zu fragen: was bezweckst Du eigentlich mit dieser Heuchelei?"
201794,"Herr Staatssekretär, sind Sie mit mir der Meinung, daß eine Anhebung der Agrarpreise um 8 % gerade den Inflationsverlust in diesem Jahr ausgleicht und daß damit noch nicht der Anschluß der Landwirtschaft an die allgemeine Entwicklung gefunden wird? Logemann, Parlamentarischer Staatssekretär beim Bundesminister für Ernährung, Landwirtschaft und Forsten: Nein, Herr Kollege Niegel, dieser Auffassung bin ich nicht. Ich bin nicht der Meinung, daß der Kaufkraftverlust so groß sein wird, wie Sie ihn eben unterstellten."
480860,"Ja, Frau Präsidentin. Ich finde auch, daß eine Debatte von einer Stunde völlig unzureichend ist. Ich bin der Meinung, wir müßDr. Gregor Gysi ten uns hier im Bundestag einen ganzen Tag damit beschäftigen. Ich bin weiter der Meinung, wir brauchen jetzt eine Kampagne - von der Bundesregierung finanziert, ähnlich wie die Anti-Aids-Kampagne - gegen Rassismus, Neofaschismus und Ausländerfeindlichkeit. Wir haben einen entsprechenden Antrag eingebracht. Ein Letztes: Ich finde, wir Politikerinnen und Politiker sollten hier mutig und nicht populistisch voranschreiten. Bilden wir doch einmal einen Schutzschild vor einem solchen Wohnheim und sagen den Bürgerinnen und Bürgern in diesem. Land: Wir lassen es nicht zu, daß Gewalt gegen ausländische Mitbürgerinnen und Mitbürger angewandt wird - von wem auch immer! ({0})"
1101914,"Zu den genannten Belastungen kommt hinzu die Vcrkehrssteuer, die im vergangenen Jahre 340 Millionen Mark eingebracht hat, dazu kommen dann noch die anderen Ausgaben —— ich meine vor allen Dingen die unproduktiven —— an Pensionen, Wartegeldern sowie die nicht geringen Rücklagen, die nach dem neuen Gesetz gemacht werden müssen."
1063394,"Aber eben weil der Wunsch der Einwohner der Stadt Posen an mich gestellt ist, und zwar von den Mitgliedern der Minorität, die mich nicht gewählt hat —— denn meinen Landsleuten habe ich von vornherein gesagt ,, ich habe keine Hoffnung daß ihnen Gerechtigkeit vom Reichsparlamente gewährt werde, —— aber ich wurde gedrängt von der Minorität, Deutschen und Juden der Stadt Posen, und sie haben gesagt, mein Mißtrauen gegen das deutsche Reichsparlament beruhte nur in meiner per sönlichen Einbildung, —— ich verletzte damit die Gefühle des 80' Parlaments, wenn ich solche Behauptungen aufstelle."
1075166,"Wenn ich an den entsprechen den Theil der Rede des hochverehrten Grafen von Moltke denke, so bin ich der Meinung, daß er die Idee, das stehende Heer in Deutschland durch eine Miliz zu ersetzen, siegreich geschlagen hat, und daß er vermuthlich hierin der Sympathie und Zustimmung der allergrößten Mehrheit in diesem Hause von vornherein sicher wär."
437877,"Herr Staatssekretär, hat sich die Bundesregierung nicht wenigstens veranlaßt gesehen, sich auf Grund der Frage 10 bei den für Reihenuntersuchungen zuständigen Behörden danach zu erkundigen, ob solche durchgeführt worden sind, und wenn ja, mit welchem Ergebnis, und darf ich annehmen, daß die Bundesregierung, wenn solche Erkundigungen bisher unterblieben sind, nunmehr solche Erkundigungen anstellt?"
1078574,"Meine Herren, sehen Sie sich den Etat einer einzigen preußischen Landwtrtschastskammer an und über legen Sie sich, was erforderlich wäre, wenn wir für den Umfang des Reichs eine ähnliche Tätigkeit entfalten sollten, wie das die Bundesstaaten tun, und zwar mit einem außerordentlichen Erfolg, wie das in Preußen auf ver schiedenen Gebieten geschieht und speziell geschieht auf dem Gebiete des Weinbaues in einer Anzahl der süddeutschen und westdeutschen Staaten."
1076834,"Wir sind weder über das Wesen der Verfassung im unklaren noch über die Opposition der Rechten, wir sind auch nicht über die Heuchelei und Demagogie im unklaren, die von bürgerlicher Seite und von den Rechtssozial demokraten getätigt wird, wenn man es so darstellt, als ob die Opposition der Deulschnationalen und die der Unabhängigen eins und dasselbe sei, weil beide Fraktionen vielfach in gleicher Weise gestimmt haben, wenn man glauben machen will, sie seien vielfach ein Herz und eine Seele gewesen."
1080074,"Ich habe in keiner Weise beabsichtigt, irgend einen parla mentarisch nicht gestatteten Ausdruck hier zu gebrauchen, ich habe mich wohl gehütet davor und glaube auch jetzt nicht, daß, wenn ich sage :: „eine Verdächtigung weise ich mit Verachtung zurück"", dieses eine Verletzung der parlamentarischen Regeln ist."
1058050,"Doch, das haben wir gerade gehört, zumindest von den anderen Kollegen hier. Und 2026 ist ja doch etwas später als 2022. Also vollständig erst 2026. Jetzt zur Frage, die ich Ihnen stelle, und das ist eine tatsächlich offene Frage. Wir nehmen hier Steuergelder in die Hand, um mit diesen Steuergeldern in Deutschland hinterher Wertschöpfung und Arbeitsplätze zu schaffen, um eine Batteriezellenfertigung hier in Deutschland zu ermöglichen. Was sind denn die aktuellen Schätzungen in Ihrem Haus? Wie viel Prozent der in Deutschland gefertigten elektrischen Fahrzeuge werden denn tatsächlich mit Batterien, die auch in Deutschland hergestellt werden, ausgeliefert werden? Wie groß ist ungefähr der Weltmarktanteil der Batterien, die wir hier in Deutschland fertigen wollen?"
1071170,"Wir, die wir den Wein ein langes Lebeir hindurch empirisch studirt haben, wir sind so bescheiden, daß wir mit Sokrates sagen: „wir wissen eigent lich nur, daß wir nichts wissen"", d. h. empirische Dinge können wir behaupten, wissenschaftlich die Frage zu ent scheiden, ist wohl nicht möglich;"
1064054,"ich betrachte es als den größten Mangel an Taft und Anstandsgefühl, wenn ein Vorgesetzer in der bevorzugten Stellung, in der er sich seinem Untergebenen gegenüber befindet, und wissend, daß die Leute ihm gegenüber nichts sagen dürfen, diese seine bevorzugte Stellung dazu miß braucht, um seine Untergebenen wegen ihrer politischen Ueberzeugung und Gesinnung zu beschimpfen."
174786,"Ist es richtig, wenn ich davon ausgehe - und ich möchte das gern -, daß der Herr Bundesminister Scheel die Auffassung nicht mehr teilt, die der FDP-Vorsitzende früher vertreten hat, daß die Aufnahme diplomatischer Beziehungen fremder Länder zur DDR ihn nicht interessiere? ({0})"
1071062,"Da aber bereits, wie uns mitgetheilt wurde, bei dem Reichs amt für die Verwaltung der elsaß-lothringischen Bahnen Erwägungen darüber schweben, in welcher Weise abzuhelfen sei, so hat es die Kommission nicht für angemessen gehalten, besondere Anträge bezüglich der Petition zu stellen, und an heimgegeben, für diesmal dieselbe für erledigt zu erachten durch die Bewilligung der betreffenden Positionen des Etats."
1079978,"Alles auswertbare Material, das etwa bei Landesbehörden für gleiche oder ähnliche Zwecke gesammelt ist, wird her anzuziehen sein, und daneben werden die Landesfinanz ämter und Finanzämter, unter Verwertung des bei ihnen schon jetzt gesammelten Materials, selbständige Untersuchungen vornehmen müssen."
1073006,"nicht verstärkt hat, daß wir in möglichster Bälde bereits dieses Einfuhrver bot aufgehoben sehen, das ja, wie in früheren Verhandlungen ausgiebig dargethan wurde, ein erhebliches Hinderniß ist für die Versorgung der ärmeren Klaffen der Bevölkerung Deutschlands mit billigem Fleisch."
1076438,"Diese drei Erscheinungen sind es, meine Herren, denen der Herr Dr. Websky die Möglichkeit verdankt, seinen Platz hier drei Jahre lang eingenommen zu haben, und wenn ich in Bezug auf die amtliche Verfügung des Herrn Gregorovius mich nur dem, was von den Befürwortern der Ungültigkeitserklärung gesagt ist, anschließen kann, so halte ich es doch für nöthig, die beiden anderen Gesichtspunkte noch etwas zu erläutern, um daran zu zeigen, welch trauriges Spiel mit dem durch die Verfassung garantirten freien Wahl recht bei den letzten Wahlen getrieben worden ist."
503513,"Herr Staatssekretär, da Ihnen sicherlich bekannt ist, daß zu dieser Problematik derzeit eine öffentliche Anhörung durchgeführt wird, können Sie vielleicht die Frage beantworten, ob das von Ihnen erwähnte Zwischenergebnis der Öffentlichkeit zugänglich gemacht werden soll und ob in von Ihnen anzugebender Frist die Endfassung der probabilistischen Studie der Öffentlichkeit übergeben wird. Wann wird das sein?"
1067978,"allein glücklicherweise bin ich heute in der Lage, nach dieser Seite hin kein Wort zu verlieren zu (8) brauchen, weil, wie ich höre, die hier anwesenden Herren Freihändler praktisch genug sind, um die angebotene Er mäßigung sehr wichtiger Tarifpositionen nicht abzulehnen, sondern anzunehmen, indem sie die Beseitigung der Zölle doch nun einmal nicht erzwingen können."
1079714,"Genügen nun nicht einmal die Ergebnisse der medi zinischen Wissenschaft zur Rechtfertigung der Petition, so ist dies erst recht dann nicht der Fall, wenn wir die (L) übrigen Wissenschaften zu Hilfe nehmen, so die Geschichte, der Philosophie, der Ethik, der Religionslehre, der Juris prudenz u. a., in welchen sich die Entwicklung der Mensch heit wiederspiegelt."
1062230,"Die Tatsache, daß der Wille des Reichstags für das Zustandekommen und die Existenz der Reichsregierung zu einem entscheiden den Faktor geworden ist, mußte unter dem parlamen tarischen System notwendigerweise dazu führen, daß bei der Ministerauslese neben der selbstverständlichen Rücksicht auf die sachliche Eignung auch die politischen Gesichtspunkte in einschneidender Weise in den Vorder grund rückten."
1064558,"Da ich gerade vom Börsenkommiffar spreche, so will ich auch der Hoffnung Ausdruck geben, daß die Landesregierungen für diese außerordentlich wichtige Stellung die geeigneten Männer finden mögen, Männer, die man nicht nur nach ihrer juristischen Vorbildung und nach ihrem Geheimraihstitel auswählen möge, sondern bei denen man vor allen Dingen darauf sehen möge, daß sie diejenigen praktischen Erfahrungen haben, um in diesem Amte zum Nutzen der Gesammtheit wirken zu können."
36979,"Ist der Bundesregierung bekannt, daß durch die Erhöhung der Pauschalgebühren für die gemeindeöffentlichen Sprechstellen auf 18 DM seit 1. Juli 1954 ein Teil der öffentlichen Fernsprechinhaber nicht mehr in der Lage ist, den Anschluß aufrechtzuerhalten, wodurch in kleinen Gemeinden und Gemeindeteilen bei Unfällen und ähnlichen dringenden Angelegenheiten keine Fernsprechmöglichkeiten mehr bestehen? Kann die Bundespost die Pauschalgebühren für die gemeindeöffentlichen Sprechstellen nicht wieder auf den früheren Betrag herabsetzen oder wenigstens in solchen Einzelfällen, in denen eine Rentabilität der öffentlichen Fernsprechstellen nicht mehr gegeben ist, Ermäßigungen der Pauschalgebühren gewähren?"
136694,"Darf ich aus Ihrer Frage schließen, Herr Minister, daß Sie bereits Überlegungen angestellt und vielleicht auch Maßnahmen getroffen haben, um zu verhindern, daß jetzt abrupt ein Stopp erfolgt - ich denke z. B. an die Flurbereinigungsmaßnahmen, die durch solche privaten Träger auf eine breite Basis gestellt werden konnten - und die Maßnahmen abgebrochen werden müssen, einfach weil die Leute auseinanderlaufen?"
1069154,"Die Munitionierung wurde in einem Ausmaß vorbereitet, die angelegten Bestände sind so groß, daß auf vielen Gebieten nun eine Ein schränkung bzw. Verlagerung der Produktion vorge nommen werden muß, da die vorhandenen Depots und Räume auch bei größter Ausweitung zum Teil nicht mehr in der Lage wären, verstärkte Zufuhren aufzu stapeln."
1069310,"rechts) oder weil unsere Bankwelt und ganz ebenso andere Wirt- (O) schaftliche Faktoren —— denn meine Herren: xsevatui- mirs Illuros et extra —— sich, statt selbst sich in ausreichendem Maße liquid zu halten und durch angenmkssene Bar reserven vorzusorgen, lediglich auf die Retchsbank ver lassen, sich selbst in Krediten verausgaben und nun Ersatz für diese ausgegebene» Mittel bei der Reichsbank suchen."
1083446,"Ich möchte zum Schluß noch darauf hinweisen: wenn Sie von den übrigen Parteien der Sache verhältnißmäßig recht kühl gegenüber stehen, weil Sie glauben können, daß Sie und Ihre Angehörigen vielleicht weniger Veranlassung haben werden, unter dieser Verordnung leiden zu müssen, so ist das ein Standpunkt, der Ihrer Würde nicht entspricht."
502674,"Das mag sein, aber das ändert nichts am Wahrheitsgehalt. ({0}) Die deutschnationalen Stimmungen, die sich allein im letzten Jahr in mehr als 4 600 neofaschistischen und fremdenfeindlichen Straftaten und 17 Toten niederschlug, werden durch die faktische Abschaffung des Asylrechts nicht besänftigt, sondern befriedigt und damit zu weiteren Verbrechen ermuntert. Sie werden ermuntert durch einen Deutschnationalismus dieser Regierung, die schon bei ihrem Amtsantritt vor zehn Jahren - und Sie, Herr Marschewski, haben sich damit auch noch gebrüstet - durch ihre Vertreter in den öffentlich-rechtlichen Fernsehanstalten dafür gesorgt hat, daß das dumpfe Deutschtum durch allabendliches Abspielen der Nationalhymne betrieben wird, also auch dann noch, wenn man ins Bett geht. Sie werden ermuntert durch einen Nadelstreifenrassismus, der sich Stück für Stück auf der Regierungsbank breitgemacht hat."
1062698,"Soweit also laut der Handelsstatistik von einer Ex portsteigerung der deutschen Industrie die Rede sein kann, ist diese Exportsteigerung ausschließlich auf Kosten der inländischen Verbrauchermaffen, vor allem der Pro letariermassen, der Kleinbauermassen, der Kleinbürger masien usw. durchgeführt worden."
442617,"Herr Staatssekretär, Sie haben sich jetzt sehr auf die einzelstaatliche Regelung bezogen. Ich habe Verständnis dafür, weil Sie sich so vorbereitet haben. Aber ich möchte Sie darauf hinweisen, daß bereits im Jahre 1981 der Bundestag die Bundesregierung einstimmig aufgefordert hat, sich mit Nachdruck für ein Verifikationsprotokoll zum B-WaffenProduktionsverbotsabkommen einzusetzen. Deshalb meine Frage: Ist die Bundesregierung bereit, unverzüglich die Initiative zu ergreifen für die Einberufung eines Experten- bzw. Exp ertinnentreffens der Vertragsstaaten der B-Waffen-Konvention, auf dem noch vor der dritten Überprüfungskonferenz von 1991 auf der Grundlage der schwedischen Initiative von 1980 Vorschläge für ein solches Verifikationsprotokoll erarbeitet werden? Ist die Bundesregierung ferner bereit, sich auf der nächsten Überprüfungskonferenz oder einer anschließenden Sonderkonferenz für die Verabschiedung eines solchen Sonderabkommens einzusetzen?"
1068266,"Sie glauben —— und in der That sind es nur 2000, die eine entscheidende Rolle spielen —— sie glauben, daß nach der Kontingentirung, wenn die Konkurrenz ausgeschlossen ist, sie sich leicht verbinden können, sie hoffen Brennereigenossenschaften bilden zu können, sie hoffen durch künstlich gesteigerte Preise unter dem Schutz der Kontingentirung den Nachtheil auszugleichen, der sie trifft durch Einschränkung des Konsums."
1075238,"Ich. finde in diesem Antrage überhaupt weiter gar nichts, als ein Wiederaufleben der bureaukratisch -polizeilichen Weltanschauung, welche gegen das Ende des sechzehnten Jahrhunderts in Deutschland auskam während des siebenzehnten und achtzehnten Jahrhunderts gxassirt hat und welche wir glücklich im neunzehnten Jahrhundert los geworden sind."
1077170,"Im übrigen möchte ich der Hoffnuvg, die der Herr Abgeordnete hier noch ausgesprochen hat, daß es mit einer Summe von ein paar hunderttausend Mark möglich sein würde, das Schloßkasernement jetzt umzubauen und zweck mäßig und sicher zu gestalten, doch entgegentreten, indem ich Ihnen hier einen Satz aus dem amtlichen Bericht, der nach mehrfachen Untersuchungen, Superkommission, von unseren Baubeamten aufgestellt ist, vorlese."
542087,"Herr Minister, Sie haben an die Förderung die Voraussetzung geknüpft, daß bei der Vollzeitausbildung eine Ausbildung von mindestens sechs Monaten erfolgt. Meine Frage: Haben Sie damit alle Handwerksberufe erfaßt, wenn man daran denkt, daß die monatliche Ausbildung mit 150 Stunden, wenn sie eine Vollzeitausbildung ist, bilanziert werden muß und in verschiedenen Handwerksberufen, wie z. B. bei den Bäckern und Fleischern, nicht die von Ihnen mit sechsmonatiger Vollausbildung vorgesehenen 900 Stunden erreicht werden?"
549454,"Herr Staatssekretär, die Antwort kann mich natürlich nicht befriedigen; denn es ist Rechtsvorschrift, daß die Unfallanzeige zunächst durch den Arbeitgeber unter Mitbestimmung des Betriebsrats erstellt werden muß. Die Aussagen, die Sie jetzt gemacht haben, und diejenigen in der von mir zitierten Quelle machen deutlich, daß dem Gesetz nicht entsprechend nachgekommen wird. Deswegen meine erste Zusatzfrage: Was gedenkt die Bundesregierung in Wahrnehmung ihrer exekutiven Fachaufsicht, die sie verpflichtet, Gesetze durchzuführen, zu tun, um Unfallanzeigen, wie sie in der Berufskrankheiten-Verordnung vorgeschrieben sind, Hans Büttner ({0}) zeitnah und ordnungsgemäß von den entsprechenden Unternehmern zu erhalten?"
224617,"Herr von Bismarck, Sie unterstellen hier einen Zusammenhang, der durch nichts bewiesen ist. ({0}) - Das ist keine Alternative, weil das an der Realität der Tarifautonomie in diesem Lande völlig vorbeigeht. Doch ich glaube, daß wir darüber nicht länger debattieren sollten. Dieses Thema haben wir im Wirtschaftsausschuß wiederholt sehr ausführlich und, wie ich glaube, sehr gründlich behandelt; ich darf Sie an den gestrigen Beitrag des Vorsitzenden der Industiegewerkschaft Bergbau und Energie erinnern. Ich glaube nicht, daß Sie in der Lage sein werden, jetzt durch Zwischenfragen im Plenum zu beweisen, was zu beweisen Ihnen im Ausschuß mit Ihren Argumenten nicht gelungen ist."
766672,"Wir Grünen werden nicht nachlassen und werden weiter Druck machen für ein einheitliches Rentenrecht in Ost und West und für einen besseren Schutz vor Altersarmut, der in Ostdeutschland besonders wichtig ist. Ich hoffe, dass Sie von den Koalitionsfraktionen und der Regierung unsere Vorschläge mit in die nächsten Wochen nehmen, noch einmal darüber nachdenken und vielleicht im nächsten Jahr aktiv werden. Die Hoffnung stirbt ja bekanntlich zuletzt. Vielen Dank. ({0})"
1052127,"– ich sage das, weil Sie Frau Esken adressiert haben –: Die SPD ist geschlossen und sehr engagiert für dieses Gesetz. Wenn Sie das umsetzen wollen, bekommen Sie von uns die volle Unterstützung. Die Menschen, die in bestimmten Ländern entrechtet sind und keine Möglichkeit haben, auf den nationalen Ebenen zu klagen, brauchen ein Klagerecht; das ist klar. Dieses Gesetz darf nicht unverbindlich bleiben, sondern muss auch Zähne haben. ({0}) Deswegen frage ich Sie noch mal: Sind Sie persönlich dafür, dass zum Beispiel die Näherin in Bangladesch die Möglichkeit bekommt, wenn ihre Menschenrechte durch deutsche Unternehmen massiv verletzt werden, dagegen zivilrechtlich vorzugehen? ({1})"
1066982,"Er sagt, wenn eine Dreschmaschine einen Anschaffungswert von ungefähr 55 bis 10 000 Mark gehabt hat, und jetzt einen Anschaffungswert von etwa 100 000 Mark haben würde, so müßte nach unserem Antrage der betreffende Unternehmer, wenn man die Nützungsdauer einer solchen Dreschmaschine auf ungefähr 20 Jahre berechnet, berechtigt sein, pro Jahr 5000 Mark Rückstellungen machen zu können, und das hält Herr vr."
1034839,Vielen Dank. Herr Minister. – Vor dem Hintergrund des technologischen Wandels und neuer Tätigkeitsprofile bekommen Weiterbildung und lebensbegleitendes Lernen eine neue und wichtigere Bedeutung. Das Qualifizierungschancengesetz ist ja ein Teil der Nationalen Weiterbildungsstrategie. Können Sie uns bitte etwas über den Stand dieser Nationalen Weiterbildungsstrategie sagen?
1084022,"Die Staatsanwaltschaft verlangt das Pflicht exemplar, läßt die Übersetzung kontrollieren und schickt, da sie in der Korrespondenz eine Beleidigung feststellt, die (0) Akten an die Polizeibehörde in Kulmsee zur Ermittlung derjenigen jungen Mädchen, welche eventuell als Be leidigte in Frage kommen könnten."
182259,"Herr Staatssekretär, Sie bahen mir wohl die Antwort gegeben, daß der Bund einen Ausgleich für diese Belastungen gibt. Aber ich habe ja gefragt: Ist die Bundesregierung bereit, gegebenenfalls Gegenmaßnahmen zu treffen? Denn die Lastzüge der DDR verkehren auf unseren Straßen kostenfrei. Dr. Reischl, Parlamentarischer Staatssekretär beim Bundesminister der Finanzen: Das ist doch Ihre zweite Frage, Herr Kollege. Ich habe nicht die beiden Fragen zusammen beantwortet, sondern jetzt nur die erste. Präsident von Hassel: Zu einer Zusatzfrage Herr Abgeordneter Dr. Marx."
1085786,"Meine Herren, es unterliegt gar keinem Zweifel, daß diese ganzen Ausführungen sich auf den Zentrumsgewerk schaftskampf erstrecken, und daß sie sich gegen diejenigen Personen richten, die die Rufer im Streite gegen die christlichen Gewerkschaften gewesen sind; und zu diesen Rufern im Streite gehören ja, wie ganz bekannt, unter anderem auch der Kardinal Kopp, der Bischof Dr. Korum und der Bischof Benzler, ganz abgesehen von zahlreichen anderen hohen kirchlichen Würdenträgern."
1075262,"Die Ausübung dieser Sympathien ist uns manchmal allerdings recht schwer gemacht worden, da eben von jener Seite des Hauses durch die Vertreter von Elsaß-Lothringen eine absolut negative Haltung beobachtet worden ist, und weil wir von ihnen vergeblich die Erklärung und Versicherung er warteten, daß sie sich auf den Boden der Thatsachen stellen, daß sie sich als dd euts che Vertreter eines deutschen Landes betrachten."
577893,"Dann sage ich Ihnen zum Schluß: Herr Schäuble, es ist nicht schamlos, angesichts Ihrer Pläne von Rentenkürzungen zu sprechen. Wenn Sie das Rentenniveau im Vergleich zu den Lohneinkommen um 6 Prozentpunkte reduzieren wollen, dann ist das faktisch eine Rentenkürzung. Ich hoffe, daß Sie nicht damit durchkommen, die Probleme dieser Gesellschaft auf Kosten der älteren Menschen zu lösen. ({0}) '"
1072922,"Für alle Ünterabtheilungen ist aber meines Erachtens viel wichtiger, daß sie so genannt wer den, daß sich mit der größten Leichtigkeit und in der kürzesten Zeit auch jeder einfache Mann daran gewöhne und insofern ist, glaube ich, nichts leichter, als einfach die Namen beizubehalten, die jetzt schon jedes Kind in der Schule lernt;"
1082162,"Wenn sich die Herren einmal die Mühe nehmen wollten, nur ganz kurz das vortrefflich ausgearbeitete Register zu den neuen Gewerbeinspektions berichten durchzulesen —— ich verlange nicht das Studium aller drei Bände der Berichte selbst, sondern nur des Registers, das in diesem Jahre so vorzüglich angelegt"
645494,"Frau Staatssekretärin, ist damit zu rechen, dass die Realisierung des Nordastes, also von Baudrecourt über Saarbrücken nach Mannheim, zumindest zeitgleich mit der Realisierung des Südastes erfolgt und dass dann beim Ausbau bzw. Neubau dieser beiden Strecken das eingehalten wird, was einmal in Frankreich vereinbart wurde, nämlich dass beide Strecken mit der gleichen GeAlbrecht Feibel schwindigkeit bzw. in der gleichen Reisezeit befahren werden, oder wird es da erhebliche Unterschiede geben, einerseits bei der Fertigstellung und andererseits bei den Reisezeiten?"
476765,"Frau Kollegin, ich habe eine Verständnisfrage. Herr Präsident, vielleicht können Sie mir auch aushelfen. Ich hatte den Eindruck, daß wir über den Einzelplan 17 eben debattiert und abgestimmt haben. Ich dachte, wir wären jetzt beim Einzelplan 18, Familien- und Seniorenpolitik. Ich bin etwas irritiert, weil die Kollegin Wegner eben angekündigt hat, sie rede in verbundener Debatte zu den Einzelplänen 17 und 18. Wenn Sie jetzt umgekehrt zu den Einzelplänen 18 und 17 reden, dann hätten wir das geschäftsordnungsmäßig abstimmen müssen, damit wir gemeinsam eine andere Redezeit verabredet hätten. Ich hätte dann nämlich auch gerne weitergeredet und eine andere Redezeit beantragt."
1068002,"aber der Hoffnung möchte ich Ausdruck geben, daß doch endlich diejenigen Vorschriften dem Reichs tage zur Vorlage gebracht werden, die nothwendig sind, um die berechtigten Wünsche unserer alten Soldaten und nicht minder unserer alten wohlverdienten Offiziere zu erfüllen."
1062218,"Das reichsstatistische Amt war nicht in der Lage, den Fehler zu entdecken, bis zu dem Moment, wo alljährlich die Bestandaufnahme stattfindet, am 1. August also, und erst dann ergab sich nach Umfrage, daß ein großes Zoll amt, welches bisher in anderer Weise verwaltet gewesen war, nicht rechtzeitig Anschreibungen eingesandt hatte, so- daß thatsächlich der Export um so viel höher war, als er bis dahin nach der Statistik nachgewiesen werden konnte."
1077434,"Sodann aber glauben wir auch, daß die Materie wirklich eine so schwierige, eine so weit verzweigte, an so viele Gebiete nicht blos grenzende, sondern in dieselben hinübergreifende ist, daß es sehr schwer ist, mit den Mitteln, die einer Partei oder gar wenigen Abgeordneten zu Gebote stehen, irgend etwas wahrhaft Ersprießliches, Umfassendes, eine bessere Zukunft Begründendes zu Tage zu fördern."
1064102,"(X) Maßgebend dabei war die Erkenntnis, daß der Lebens standard unserer Nation das ausschließliche Ergebnis einer Gesamtproduktion an lebensfähigen Gütern sein kann, das heißt also, daß jede ausbezahlte Lohnsumme und jedes ausbezahlte Gehalt in Deutschland nur jenen realen Wert besitzen, der ihnen durch die geleistete Arbeit als Produzierte Ware gegenübertritt."
1072034,"Eine Familie mit drei Kindern, die nicht selbst verdienen, bekommt in einer Gemeinde der Ortsklasse LL 11 Mark täglich, in einer Gemeinde der Klasse 88 15 Mark und in Berlin und anderen Großstädten, die zur Ortsklasse gehören, bekommt diese Familie mit drei Kindern 17 Mark."
1068614,"Wir sind der Ansicht, es wäre doch nicht das eigentliche Ziel, daß grade der Kratz'sche Ge setzentwurf angenommen würde, sondern daß den Interessenten geholfen würde; wenn es nun aber ganz evident und mathe matisch nachweisbar ist, daß, ob wir nun den Gesetzentwurf annehmen oder nicht, den Interessenten dadurch schlechthin gar nichts genützt wird, so werden Sie mir zugeben, man kann dann doch wohl zu der Ansicht kommen, es sei auch möglich, den Kratz'schen Gesetzentwurf zu verwerfen."
789427,"Jawohl, eine kurze Antwort ist: Die Regierungsführung in Bolivien kann ich nur als investitionsfeindlich bezeichnen. ({0}) Das tut mir leid; denn Bolivien hat mir immer sehr am Herzen gelegen. Auch da gibt es nämlich viel zu tun, um Schöpfung zu bewahren. ({1}) Die Regierungsführung in Bolivien ist vor allem durch Chaos gekennzeichnet. Das ist eines der größten Investitionshindernisse, die sich die bolivianische Regierung selbst ins Nest gelegt hat. Mein letzter Punkt, bevor ich zum Schluss komme, ist: Internationale Zusammenarbeit - ({2})"
1066826,"In einer späteren Nummer sagt die „Deutsche Tages zeitung"" —— am ersten Tage konnte sie sich wohl nicht recht dem Eindruck der Rede des Reichskanzlers entziehen, aber am zweiten hatte sie ihre Fassung wiedergewonnen, und da sagt sie: Ebenso wenig ist es dem Grafen Bülow gelungen, die deutsche Regierung von jedem Vorwurf, den südafrikanischen Krieg mit verschuldet zu haben, zu befreien."
616447,"Frau Staatssekretärin, ist es richtig, dass heute, rund 40 Jahre später, noch nicht alle Küstenschutzmaßnahmen abgeschlossen sind, die nach der Sturmflut von 1962 als notwendig erachtet wurden? Welches Volumen haben die noch ausstehenden Maßnahmen und welches Volumen haben die von Ihnen genannten Maßnahmen, wenn man um 20 bis 30 Zentimeter erhöhte Deiche berücksichtigt?"
477,"Meine Damen und Herren! Nachdem hier Fragen der Geschäftsordnung streitig sind, erstens darüber, welcher Antrag den Vorzug bei der Abstimmung hat, ({0}) zweitens ob es eine geheime Abstimmung gibt und in welcher Prozedur, stelle ich den Antrag, die Sitzung zu unterbrechen und den Aeltestenrat zur Prüfung dieser Frage einzuberufen. ({1})"
1077254,"Wenn auf diese Weise das internationale Recht eine Vervollständigung erfahren hat, so ist auch zu hoffen, ^^ daß das innerdeutsche Luftrecht trotz der noch vor- jj handenen großen Beweglichkeit der Materie durch den Erlaß der Ausführungsbestimmungen zum Luft verkehrsgesetz zu einer gewissen Fixierung gelangen wird."
1073642,"In dem Augenblick, wo der Herr Vorredner für die unbedingte freie Wirt schaft eintritt, haben wir wegen der freien Wirtschaft einen sehr scharfen Angriff aus derjenigen Partei, die be haupten kann, daß sie zu einem erheblichen Teile die Arbeiter vertritt, hier zu ertragen, und das mit einem gewissen Recht;"
1081718,"Meine Herren, ich möchte mal sehen, was in England oder Frankreich passieren würde, wenn ein Minister von WW dem Rechte, jederzeit reden zu können, in solcher Weise vor der Tagesordnung Gebrauch machte, und wenn dann dem Versuche, eine Erwiderung aus dem Hause herbei zuführen, dem Versuche, auf diese außergewöhnliche Tat sache hinzuweisen, dadurch entgegengetreten wird, daß er klärt wird: vor der Tagesordnung darf ein Mitglied aus dem Hause nicht reden."
1071122,"Diese Anschauung, mag man sie immerhin, wie der Abgeord nete Miguel im vorigen Jahre that, an altdeutsche Rechtsan schauungen anknüpfen, mag sie die Phantasie ansprechen, sie ist nach meiner Auffassung rein willkürlich, denn was giebt nach dem vorliegenden Gesetzentwürfe dem Vereine die recht liche Persönlichkeit?"
1022448,"Vielen Dank, Herr Präsident. – Herr Minister, die Bundesregierung will das Boni-Verbot für rezeptpflichtige Arzneimittel aus dem Arzneimittelgesetz jetzt im SGB V verankern. Meine Frage ist: Können Sie zusichern, dass das Boni-Verbot mit dem europäischen Recht vereinbar ist, bzw. warum halten Sie eine Notifizierung durch die EU für überflüssig?"
1070258,"Oa6 die Brovokation dapans 2um Xintritt in diesen Xrieg aber wobt die geistloseste und dümmste Handlung unserer Oegner war, Kat der Beldenkampf dieses Volkes sebon in wenigen Monaten erwiesen, leb weiL niebt, ob aueb beute noeb ^eder Xngländer so felsenfest davon überzeugt ist, daL die politischen Metboden Mr. Xburebills und Boosevelts riebtig gewesen sind und ob der Xinsats in diesem Xampf ^emal8 dem möglieben Oewinn bätte entspreeben können."
1084394,"Dr. Hieber (Württemberg), Abgeordneter: Meine Herren, wenn vorhin von dem Herrn Abgeordneten Beckh gesagt worden ist, daß dieser Paragraph der meist um strittene in der Kommission gewesen ist, so möchte ich dem nicht nur beipflichten, sondern das damit begründen, daß in der That die ganze Schwierigkeit, mit der wir es bei dieser Gesetzgebung zu thun haben, sich in diesem Para graphen zuspitzt."
685421,"Das ist natürlich wahr; ich danke Ihnen, Herr Präsident, dass Sie mir das noch einmal klar gemacht haben. Herr Minister, ich möchte Sie fragen: Sind Sie bereit, das ganze Zitat wiederzugeben? Und wie können Sie erklären, dass Sie mir heute eine Ansicht vorwerfen, die Sie selbst im Wahlkampf so oft vertreten haben? Sie waren doch selbst gegen eine Erhöhung der Mehrwertsteuer und sitzen auf dieser Regierungsbank doch nur, weil Sie gegen die Mehrwertsteuererhöhung Wahlkampf gemacht haben. Darf ich Sie daran erinnern, dass meine Partei hätte regieren können, wenn wir bereit gewesen wären, Ihrer Einladung zu folgen und all die Wahlversprechen zu brechen, ({0}) die wir gegeben haben, wozu wir, anders als Sie, nicht bereit gewesen sind? ({1})"
65688,"Herr Präsident! Meine Damen und Herren! Herr Staatssekretär, ich möchte nur noch einmal folgendes feststellen. Für den 8-Milliarden-Straßenbauplan fehlen 6- bis 700 Millionen DM. Wenn diese durch Anleihen am Kapitalmarkt nicht aufgebracht werden - und das war Ihren Worten zu entnehmen -, werden dadurch die Gemeinden besonders ins Hintertreffen geraten. Nur um den Gemeinden etwas zu helfen, haben Sie den Gemeindepfennig, den zweiten Pfennig beantragt. Wir haben große Sorgen wegen der Ausstatlung der Gemeinden mit genügenden Mitteln, und wir müssen hier mit Bedauern feststellen, daß der 8-Milliarden-Plan finanziell nicht gedeckt ist. Aus der Sorge um die Gemeinden werden wir dem zweiten Pfennig, dem Gemeindepfennig zustimmen. ({0})"
1012965,"Herr Dr. Brunner, um auf den Mist zurückzukommen, den Sie gerade angesprochen haben: Ich habe den Eindruck, dass in diesem Hause zu einem großen Teil eine Realitätsverweigerung stattfindet. ({0}) Um in Ihren Reihen und auch in den Reihen Ihrer Vorredner für etwas Aufhellung zu sorgen: Wären Sie bereit für ein gemeinsames Treffen mit den inzwischen Hunderten oder Tausenden Angehörigen der Opferfamilien, um ihnen Ihren Standpunkt, den Sie gerade dargestellt haben, auseinanderzusetzen? Ich glaube, dann hören Sie andere Töne als die gemäßigten Töne der AfD in diesem Hause. ({1})"
1065998,"denn sie fehlt sehr oft, sonst wäre es nicht möglich gewesen, daß im Laufe der weiteren Entwicklung der Dinge gerade die Finanzen der Ge meinden im Gegensatz zu den Finanzen der Länder so stiefmütterlich behandelt worden wären, wie es bei mehrfachen Anlässen der Fall gewesen ist."
569787,"Frau Staatssekretärin, es wird dauernd auf die angebliche Verweigerungshaltung des Bundesrates hingewiesen. Sind Sie der Meinung, daß sich alle, die der Psychotherapie bedürfen, einer psychotherapeutischen Behandlung hätten unterziehen können, wenn dieses Gesetz, wie es die Bundesregierung beabsichtigt hatte, gekommen wäre? Sind Sie nicht auch der Meinung, daß gerade für Frauen, die kein eigenes Einkommen haben, eine sehr schwierige Situation entstehen würde, weil sie diese Zusatzleistungen aus dem häuslichen Budget finanzieren müßten?"
411273,"6 000 zogen über den Rhein nach Baden, um dort die Menschen, die in dem gleichen Kampf standen, zu unterstützen. Eine gewichtige Rolle spielte das 1 000 Mann starke rheinhessische Armeecorps, das in vielen Orten in der Pfalz kämpfte. Die letzten 40 rheinhessischen Schützen wurden am 14. Juni 1849 im Schloßgarten in Kirchheimbolanden von den einmarschierenden preußischen Truppen blutrünstig gejagt und erschossen."
30805,"Meine Damen und Herren, ich glaube, es kommt hier wirklich nicht auf diese Interpretation der Geschäftsordnung an. Es ist eine reine Frage der Zweckmäßigkeit. ({0}) Wie Sie, meine Herren ({1}), später diskutieren wollen, bleibt Ihnen überlassen. Sie können ja ohnehin die Regierung nicht daran hindern, da sie jederzeit die Möglichkeit und das Recht hat, das Wort zu ergreifen und zu jedem Thema zu sprechen, nun auch schon zu diesen Fragen Stellung zu nehmen. Tun Sie doch der Sache keine Gewalt an! ({2})"
1068302,"und wenn Herr Dr. Hart mann weiter ausgeführt hat, daß es daneben eine Berufung gebe, so muß ich gerade aus dem Lande Sachsen entgegen halten —— und zwar mit dem alten deutschen Sprichwort, welches sagt: ein gebranntes Kind fürchtet das Feuer —— ::"
593058,"Frau Staatssekretärin, die Zahlen, die Sie eben genannt haben, beruhen auf einer alten Schätzung; das ist die Bestandszahl. Die Angaben beruhen lediglich auf den Zahlen, die sich im Verfahren „Haushaltsscheck“ ergeben haben. Können Sie mir etwas über die Zahlen sagen, die im Zuge der Einkommensteuererklärung bei den vielen Haushalten sichtbar geworden sein müssen, die zweifellos die steuerliche Absetzbarkeit auch außerhalb des Haushaltsscheckverfahrens genutzt haben?"
567293,"Herzlichen Dank, Herr Staatssekretär. Ich möchte Sie darauf hinweisen, daß sich der Umwelttitel im Ganzen auf 439 Millionen DM beläuft, wobei die Lärmschutzmaßnahmen in diesen Umwelttitel hineingerechnet werden müssen. Ich frage mich, wie Sie mit diesem Betray gewährleisten möchten, daß die Belastungen für Angelika Graf ({0}) die Bürger nicht höher werden. Ich bitte Sie, mir ganz konkret zu beantworten, welche Maßnahmen Sie hierfür vorsehen."
1067138,"^ener Oäbigkeit be funden, die Nister Oburebill al8 einsige aus- seiebnet, nämlieb der Oäbigkeit, mit gottergebener Niene su lügen und die wabrbeit 80 lange su ver- dreben, bi8 am Knde au8 den furebtbarsten Nieder lagen 80gar noeb glorreiebe 8iege werden."
1078754,"Kleine Kinder —— ich habe das vielfach mit an gesehen —— sitzen dort und müssen spulen, die Frau geht liefern, und wenn der Weber glaubt, er hat einige Mark verdient und kommt zum Fabrikanten, dann findet der Stückenschauer einen Fehler in der Ware —— denn aus schlechtem Garn soll gute Ware hergestellt werden —— ,, und dem armen Teufel wird ein Teil des Lohnes abgezogen."
1081298,"Denn genau so wie Sie (zu den Nationalsozialisten) in den Fragen der Außenpolitik vor den Wahlen mit großen Phrasen die über die Poung-Knechtschaft enttäuschten proletarische» und kleinbürgerlichen Schichten für sich einfingen, um sie jetzt an das Doung-Kapital zu verraten, genau so verhält es sich mit den innenpolitischen Losungen Ihrer Partei, die großspurig draußen in den Versammlungen ausrief -""gegen"
147752,"Herr Staatssekretär, spielt bei den von Ihnen skizzierten Untersuchungen auch die Frage eine Rolle, ob man, falls sich die Wehrersatzsteuer als nicht praktikabel erweisen sollte, eventuell statt dieser Wehrersatzsteuer in irgendeiner Form einen sozialen Ersatzdienst - ähnlich wie bei den Wehrdienstverweigerern - einführen sollte? Adorno, Parlamentarischer Staatssekretär beim Bundesminister der Verteidigung: Bei der Frage, wie hier zu einem echten Ausgleich zu kommen ist, spielen viele Erwägungen eine Rolle. Diese Erwägungen sind aber noch nicht abgeschlossen. Ich kann daher zu meinem Bedauern noch nichts Konkretes dazu sagen."
1072538,"Wenn aber in der »Deutschen Tageszeitung« solche Zeichnun gen erscheinen, wenn die Beobachtung des Schweine markts verulkt und gesagt wird, die Landwirte wüßten nicht mehr Bescheid, sie müßten schließlich noch spiri tistisch erforschen, wie sie die statistischen Fragen zu beantworten hätten, so sage ich Ihnen, Herr Minister:"
1481,"Ein Einverständnis mit dem viel weniger weitgehenden Antrag des Ausschusses schließt keineswegs aus, daß wir darauf bestehen bleiben, daß - noch weitergehend - der Regierung von seiten des Bundestags verschiedene Maßnahmen nahegelegt werden. Das ist der Grund, warum wir darauf beharren. Die Geschäftsordnung steht hier auf unserer Seite, wenn wir der Auffassung sind, daß dieser Antrag Drucksache Nr. 215, der durch den Ausschußantrag noch keineswegs erledigt ist, auch noch einmal zur Abstimmung zu stellen ist."
1063178,"Um das schwedische Erz nun rest los sicherzustellen, war beabsichtigt, in Schweden selbst einzumarschieren und die geringen Kräfte, die Schweden bereitzustellen in der Lage war, wenn möglich freund schaftlich, wenn nötig aber mit Gewalt, beiseitezu- schieben."
1069742,"Im Anschluß an Dasjenige, was der Vorsitzende der vierten Abtheilung vorhin bemerkte, glaube ich aber hervorheben zu sollen, daß die Acten über die Wahl im vierten Arnsberger Wahlkreise, welche der fünften Abtheilung zur Prüfung zugetheilt war und bereits in der vorigen Session beanstandet ist, dennoch, obgleich inzwischen fast ein HalbesJahr darüber hingegangen ist, bis heute der Abtheilung nicht wieder vorliegen."
1102430,"Nun hat der Herr Minister darauf Bezug genommen, daß er uns im Ausschuß Übersichten hat vorlegen lassen, und er rief mir hier zu, seine amtlichen Auskünfte halte er für zuverlässiger als die Daten, die ich aus dem Gothaischen Diplomatischen Jahrbuch und aus dem englischen Etat entnommen habe."
308547,"Herr Staatssekretär, halten Sie es für zumutbar, daß ein schwerbehinderter Arbeitgeber, der den einen Platz in seinem Betrieb, der für einen Schwerbehinderten ausgelegt ist, selber ausfüllt und damit in seinem eigenen Betrieb erfahrungsgemäß eine bedeutende Rolle einnimmt, diesen seinen Platz in seinem Betrieb nunmehr aufgibt und einem anderen Schwerbehinderten überläßt und sich selber aus dem Unternehmen zurückzieht?"
1074206,"Ich gestehe zu, daß der Grund vielleicht daran mit gelegen hat, daß bei unseren Dreirichterkollegien in der Regel einer der drei Richter Untersuchungsrichter gewesen war, der die Akten ganz genau kannte, und für den allerdings es eine sehr langweilige Geschichte war, zuzuhören, wie der Direktor die Reproduktion der Zeugenaussagen auf Grund der vor liegenden Akten vor sich gehen ließ."
1075190,"Obwohl die Forderungen, die in den Beschlüssen des Ausschusses zum Ausdruck kommen, nach Ansicht der Herren nur nebensächliche Dinge und alter Plunder sind, über die man gar nicht reden sollte, so hatte es der Mittelblock doch so eilig, daß man gar nicht abwarten konnte, bis die berufenen Sachverständigen die Zeit hatten, Aufklärung zu geben, die man doch brauchte, wenn man über diese Dinge sachlich und mit der Ruhe, die eine Verfassungsänderung beanspruchen kann, verhandeln wollte."
1048720,"Vielen Dank. – Frau Ministerin Lambrecht, Sie betreiben ja derzeit punktuelle und durchaus sinnvolle Verschärfungen im Strafrecht, so bei der sexualisierten Gewalt gegen Kinder oder auch bei der Belästigung von Frauen. Stimmen Sie mir aber zu, dass die besten Verschärfungen nichts bringen, wenn Richter weiterhin bereit sind, auch bei erheblichen Taten in einem engen zeitlichen Zusammenhang Kettenbewährungen zu verhängen? Und sind Sie bereit, dieses Problem anzugehen, sodass zum Beispiel der Richterspielraum in der Hinsicht gesetzlich eingeschränkt wird?"
75215,"Wir haben an diesem Gesetz folgende Kritik zu üben. Es ist wohl vorgesehen, die Regierung zu ermächtigen, im Falle einer Konjunkturabschwächung helfende Maßnahmen zu ergreifen. Wir vermissen jedoch in diesem Gesetz Maßnahmen, die ,die augenblickliche Situation der Konjunkturüberhitzung dämpfen. Dazu haben wir Freien Demokraten sehr viele Vorschläge gemacht und Anträge gestellt. Sie sind samt und sonders abgelehnt worden, abgesehen davon, daß § 10a wenigstens für Vertriebene anerkannt und verlängert worden ist. Ich erkläre für die Freien Demokraten, daß wir diesem Gesetz zustimmen werden. ({0})"
1065770,"Meine Herren, ich habe in der That Achtung und Respekt davor, wenn ein ganzes Volk oder ein Theil eines Volkes seine Nationalität nicht wechselt und auszieht, wie man einen abgetragenen Rock ablegt, nur weil es der Diplomatie, die ja nicht mit idealen, sondern mit Machtfragen operirt, einmal beliebt hat, sie formell ihrer betreffenden Nationalität zu ent kleiden."
1072514,"Unter offiziere in Zukunft auf das zweite Jahr weniger zu kom mandiren, als das bisher der Fall gewesen ist, wodurch eine Ersparniß von 2016 Mark entsteht, sodaß diese geplante Neuerung bei der Reitschule in Hannover einen Mehrkosten aufwand von 3918 Mark per Jahr ausmacht."
441689,"Es gibt Lobe, die einen nicht ehren. - Herr Gerster, würden Sie hinzufügen, daß der Bezugspunkt für den Satz, den Sie zitiert haben - „da sehen Sie, daß alles möglich ist"" -, die Beschreibung des Umstandes war, daß bei den GRÜNEN Sozialhilfeempfänger keinen Beitrag bezahlen müssen und daß dieser Satz mit der Frage an Ihre Partei verbunden war, ob es das bei Ihnen nicht gibt, und wollten Sie grundsätzlich ausschließen, daß es Manipulationsmöglichkeiten in der Frage der Bestimmung der Anzahl der Mitglieder der Parteien gibt, die ja von den anderen Parteien, die davon negativ betroffen sind, nicht überprüft werden können?"
1070942,"Die Zahlen können richtig fein, sie können falsch sein, ich erlaube mir darüber zur Zeit gar kein Urtheil, nur das ist mir auffällig, daß, wenn für die Jahre 1869 und 1870 be- stimmte Zahlen nicht angegeben werden konnten als Thatsachen, sondern nur als Vermuthungen, die einzigen Zahlen, welche für das Jahr 1869 wenigstens hätten als Thatsache angegeben werden können, in diesem Werk nicht vorhanden sind (Hört! hört), das sind nämlich die Ergebnisse des ersten Quartals des Jahres"
1086614,"Es wird dann ferner gesagt, daß der Mahlprozeß nicht für jedes einzelne Getreidequantum ein getrennter ist, sondern daß der Mahl prozeß wesentlich ein kontinuirlicher ist, daß deshalb nicht mit Rücksicht auf solche Steuervorschriften solche getrennte Mani pulationen vorgenommen werden können, daß man auch die Mischung nicht vorher anmelden und in ihrer Besonderheit angeben kann, denn der Mahlprozeß selbst, das dabei heraus kommende Mehl kann vielfach erst entscheiden, wie richtig gemischt, die Mischung verbessert wird."
1040845,"Ja, ich möchte gerne antworten. – Es tut mir leid, aber da haben Sie mir nicht zugehört; denn exakt das habe ich ausgeführt, weshalb die Zahlen in diesem Zusammenhang durchaus relevant sind. Im Übrigen – ich weise gerne darauf hin – habe ich mich mit einer Kollegin unterhalten, die früher Verkehrspolizistin war. Da sind Sie vielleicht nicht ausreichend informiert. Danke. ({0})"
609867,"Herr Kollege Hauser, ist Ihnen eigentlich entgangen, dass die entscheidenden Beschlüsse der beiden Gremien für die Fusion nahezu einstimmig erfolgt sind und dass von allen Fachleuten, die in diesen Gremien versammelt sind, keinerlei Kritik an dem bisherigen Fusionsprozess laut geworden ist? ({0})"
1083746,"Und dann werden wir doch die Forderung auf stellen müssen, daß die Bewilligungen, die wir für Kolonialbauten hier im hohen Hause mit Mühe und Not durchbringen, auch so genau kontrolliert werden, daß die Beamten der Kolontalverwaltung jeden Augenblick in der Lage sind, uns bestätigen zu können, ob das Geld bestimmungsgemäß verwendet ist."
1064534,"8owie ein Zweikel über die Absiebt Englands, (L) 8ieb auk dem Balkan kest^uset^en, niebt mebr mög- lieb war, bade ieb die notwendigen 8ebritte einge leitet, um aueb deutscherseits Zug um Zug auk diesem kür uns lebenswichtigen"
605385,"Herr Staatssekretär, haben Sie, als Sie Ihr Amt antraten, in den Schränken der involvierten Ministerien irgendwelche Unterlagen über den Stand von Verhandlungen zwischen dem Bund, also der alten Bundesregierung, und den Ländern über eine Reform der Medienordnung in Deutschland vorgefunden? Können Sie uns hier berichten, wie der Stand dieser Reformen zum damaligen Zeitpunkt war? Worauf können Sie in diesem Bereich aufbauen? ({0}) - Vorausgesetzt natürlich, dass die Akten da waren."
1068578,"Wenn auch die Schul- und Bildungsfragen bereits von mehreren Rednern und auch vom Herrn Minister behandelt worden sind, so darf ich zu diesem Gebiet doch noch einige Worte sagen, und zwar deshalb, weil es mir notwendig scheint zu beweisen, daß in den Krei sen des deutschen Mittelstandes gerade diesen Fragen ein starkes Interesse entgegengebracht wird."
38541,"Herr Kollege Dr. Mende, ist Ihnen denn nicht klar, daß ich gar nicht von den beiden Vorworten gesprochen habe, sondern von den ersten eigenen Seiten der Broschüre, wo die außenpolitische Lage und die Verteidigungsfrage völlig einseitig ganz im Sinne nur der Regierungsparteipolitik dargestellt sind?"
1073366,"Wenn endlich in Bezug auf die Worte „oberste Landes finanzbehörde"" von dem Herrn Abgeordneten von Kleist-Retzow gesagt worden ist, was von einer obersten Landesfinanzbehörde angeordnet werden könne, das könne auch gemeinschaftlich von mehreren obersten Landesfinanzbehörden oder gemeinschaftlich vom Bundesrath und einer Landesfinanzbehörde angeordnet werden, so bemerke ich, daß wir es in dem Zollregulativ nicht zu thun haben mit einem gemeinschaftlichen Akt mehrerer oberster Landesfinanzbehörden, oder mit einem gemeinschaft lichen Akt des Bundesraths und einer Landesfinanzbehörde, sondern daß wir es lediglich mit einer Verordnung des Bundes raths zu thun haben, und dem Bundesrath ist nach ZZ 54 des Vereinszollgesetzes keinerlei Kompetenz beigelegt worden."
54891,"Herr Präsident! Meine Damen und Herren! Die humorvolle Zwischenbemerkung des Herrn Präsidenten hat uns noch einmal darauf hingewiesen, daß - was wir ohnehin schon wußten die Art der parlamentarischen Arbeit in den letzten beiden Wochen allmählich die Grenzen physischer und nervlicher Kraft der Abgeordneten wirklich überschreitet, zumal da jetzt selbst in diesem Plenarsaal eine Temperatur eingetreten ist, die in einer vernünftig geführten Schule ohne Zweifel zu Hitzeferien führt. ({0}) - Herr Rasner, ich komme gleich zu Ihnen. - Viel wichtiger als die Qualen, die die Abgeordneten hier ausstehen müssen, ist aber, daß durch die permanente Kulissenschieberei auf der Tagesordnung - ({1})"
1075070,"Sie verstehen das natürlich nicht, aber vielleicht ver steht der Herr Geheimrat Kahl das Wort, das Paul de Lagarde —— ebenfalls ein angesehener deutscher Hoch schullehrer —— aussprach, daß chemisch reines Wasser ungesund ist, daß aber chemisch reines Wissen tödlich wirken kann."
1037839,"nur für Studierende gesehen. Das ist aber zu kurz gedacht. Auch Azubis oder junge Berufstätige haben die Möglichkeit, eine Erasmus-Förderung zu erhalten. Beide Gruppen sind in der Förderstatistik unterrepräsentiert. Gerade einmal 5,3 Prozent der Azubis sind 2017 für Ausbildungszwecke ins Ausland gegangen, und nur jeder Zweite hat dabei eine Erasmus-Förderung erhalten. Das ist zu wenig. Das müssen wir ändern. Wenn wir also von echter Gleichwertigkeit zwischen beruflicher und akademischer Bildung sprechen, ist es meiner Fraktion ein Anliegen, das Programm verstärkt an die Azubis zu tragen, hier gezielter zu informieren und auch die Betriebe von den Vorteilen eines Austausches zu überzeugen. Nur so kann ein gelebtes Europagefühl für alle entstehen. Herzlichen Dank. ({5})"
130954,"Im übrigen kann ich Ihnen - -({0}) - Würden Sie meine Antwort vernehmen: Sie waren mit Ihrer Aussprache der scheußlichen Vokabeln anscheinend so zufrieden, daß Sie mir gar nicht mehr zuhören. Ich darf nur sagen: Ich würde diese Störtrupps, wenn ich sie kennte, genauso zur Entschuldigung bei demjenigen auffordern, den sie beleidigt haben. Genauso! ({1})"
240259,"Herr Staatssekretär, erlauben Sie mir die Bemerkung, daß ich hier sicherlich falsch verstanden worden bin und daß ich ganz sicher voll hinter den Vorsorgeuntersuchungen stehe. Die CDU/CSU-Fraktion hat sich bisher immer für eine Ausweitung dieser Untersuchungen eingesetzt. Ich möchte in diesem Zusammenhang die Frage stellen: Wie sollen die Selbstverwaltungsorgane der gesetzlichen Krankenversicherung und auch der Ersatzkassen, wie sollen auch die privaten Krankenversicherungen die notwendig gewordenen laufenden Beitragserhöhungen den Versicherten plausibel machen, wenn insgesamt unentwegt nur von kostenlosen Untersuchungen und Behandlungen gesprochen wird?"
444523,"Herr Staatssekretär, wie beurteilt die Bundesregierung vor dem Hintergrund der zum Teil verringerten Beteiligung an WINTEX/ CIMEX 1989 die Neigung mancher SPD-regierten Bundesländer, aber auch verantwortlicher CDU/CSU-Politiker, die dahin geht, die Übung WINTEX/CIMEX entgegen der eindeutig militärisch geprägten Übungsvorgabe neuerdings als eine Art großer, bundesweiter Katastrophenschutzübung mit Friedensnutzen darzustellen?"
1043094,"Ja. – Frau Bundeskanzlerin, ich finde, da haben Sie die Dramatik der Situation nicht ganz begriffen. Insbesondere Alleinerziehende oder kleine Firmen haben jetzt große Sorgen, über die Runden zu kommen. Viele von ihnen hatten Rücklagen, mit denen sie über die Monate März, April und auch noch Mai gekommen sind; die sind jetzt aber aufgezehrt. Deswegen wäre meine Nachfrage, ob das jetzt eine komplette Absage an ein solches Kündigungsmoratorium ist oder ob die Bundesregierung heute hier zumindest die Zusage geben kann, dass sie die Situation im Auge behält und, wenn sich die Lage verschärft, wovon wir leider ausgehen müssen, ein solches Kündigungsmoratorium doch wieder einführt."
579982,"Herr Staatssekretär, mein Kollege Schily hat auf einen Bericht in der „Frankfurter Allgemeinen"" von Montag, dem 2. Februar, auf Seite 13 im Wirtschaftsteil angespielt, in dem es darum ging, daß die Vereinigten Staaten von Amerika im Rahmen der G7 „eine Initiative für den Umbau und die Stärkung der Architektur des internationalen Finanz- und Währungssystems einbringen"" wollen. Dies wäre das erste Mal, daß die Vereinigten Staaten von Amerika von ihrer bisher rigiden Deregulierungspolitik auf neue Ordnungen im Rahmen der internationalen Finanz- und Währungssysteme eingehen und sie der G7 vorschlagen. Ist Ihnen diese Initiative bekannt, und wenn ja: Können Sie uns sagen, welche Bereiche das umfassen wird und welche nicht und ob es zu diesen Punkten eine erste, vorläufige Stellungnahme der Bundesregierung gibt?"
1082786,"^^ Namens meiner politischen Freunde begrüße ich die ein gebrachte Vorlage, weil wir darin einen Unterbau erblicken, der geeignet ist, ein Gesetz zu schaffen, das' die Interessen der Arbeitgeber und Arbeitnehmer einander näher bringt und dem Wirtschaftsfrieden des Volksganzen dient."
1069874,"Wenn der Reichstag dagegen sagt, daß über die Giltigkeit der Wahlen volle Klarheit herrscht, daß nach den vorliegenden Akten gar nicht zu bezweifeln sei, daß die Wahl giltig ist, so läßt sich eben daraus der Schluß ziehen, daß mit dem Ausspruch der Giltigkeit das Geschäft des Reichstages bezüglich der Prüfung der Wahl sein Ende gefunden hat ;;"
304919,"Weil Sie plötzlich die Wahl 1980 in Ihren Ausführungen in diese Haushaltsdebatte einführen, möchte ich Sie fragen, Herr Kollege Dr. Kohl, ob die Sätze, die Ihr Kanzlerkandidat und Ministerpräsidentenkollege Franz Josef Strauß gestern ausgesprochen hat, nicht zeigen, daß es sich bei dem, worüber jetzt hier geredet und gestritten wird, für Sie um etwas handelt, das im letzten Teil der Ausführungen des Herrn Strauß so charakterisiert wird: Falls man 1980 eine Wahlniederlage erleiden sollte, wäre die Union für lange Zeit von der politischen Verantwortung ausgeschlossen. Deshalb müßten sich beide Parteien zu einer Kampfgemeinschaft zusammenfinden. - Ist dies Ausdruck Ihrer Angst davor, daß diese Koalitionsregierung stärker ist als die Behauptungen, die Sie über sie verbreiten? ({0})"
1069214,"Ich kaun da erklären, daß ein landesgesetzliches Vorgehen zur Be seitigung veralteter Bestimmungen, welche die religiöse Freihett beeinträchtigen und die Ausübung der Religion erschweren, uns durchaus sympathisch ist, und ich bewege mich, wenn ich das erkläre, durchaus im Sinne derjenigen (Winckler.)"
1069034,"Abgeordneter Winterer: Meine Herren, in der De batte betreffend den §§ 11 der Vorlage habe ich erklärt, daß für mich und meine politischen Freunde aus Elsaß-Lothringen zwei Bestimmungen ganz besonders eine ablehnende Haltung gebieten, nämlich die zu weite Ausdehnung des Versicherungs zwanges und der Reichszuschuß."
1092662,"Wir haben unsererseits niemals einem Politischen Gegner, in welchem Lager er auch steht, den Vorwurf gemacht, daß er in einer so ernsten Frage nach rein tak tischen Gesichtspunkten vorgeht, und es muß unser größtes Befremden erregen, daß ein Minister in seiner amtlichen Eigenschaft diesen Vorwurf einer Partei macht, die bisher immer bewiesen hat, daß sie bereit ist, ^^ auch wenn sie in der Opposition steht, sachlich mitzu arbeiten."
1035884,"– und jahrzehntelang Wahlrechtsexperte war und diesen Vorschlag genauso gemacht hat. Er hat also das Zertifikat – ich komme zum Schluss – von der ersten Expertise dieses Landes. Ich kann Sie nur dringend einladen: Obwohl der Vorschlag von der AfD kommt, könnten Sie ja vielleicht mal zustimmen. ({0})"
1067798,"23. —— Zuvörderst, meine Herren, kann ich wohl konstatiren, daß der Antrag der Budgetkommission: die im württembergischen Spezialetat (S. 270/273) in den Erläuterungen unter Nr. 12 (S. 273) „zur Verbesserung der Verpflegung der Mannschaf ten bei epidemischen Krankheiten"" berechneten Mehr ausgaben von 27,000 Mark auf 2000 Mark herab zusetzen, mithin in Nr. 22 statt 1,161,987 Mark nur zu bewilligen"
1079306,"Für die morgende Tages-Ordnung schlage ich vor: 1. Äb- stimmuug über den Gesetz-Entwurf, betreffend die Organi sation der Bundes-Consulate, 2. Abstimmung über den Gesetz-Entwurf, betreffend die Verwaltung des Schulden wesens des Norddeutschen Bundes, 3. Wahlprüsungen (die beiden, die ich angeführt habe) und 4. zweite Berathung über den Vertrag zwischen dem Norddeutschen Bunde, Baiern, Württemberg, Baden und Hessen, die Fortdauer des Zoll- und Handelvereins betreffend."
1067198,"verwaltung beabsichtigte nun, zu den neuen Formationen zu verwenden diese übrig gebliebenen Mannschaften und ferner diejenigen Mannschafen, welche dadurch (s) entbehrlich werden, daß die Bekleidungsämter, nämlich zwei, mit Zivilhandwerkern statt mit Oekonomie- handwerkern ausgestattet werden sollen."
1070006,"Vm selben läge baben B8^--8treitkrätte mitgewirkt bei dem ^.uk- bringungsversueb des d6ut86b6nOampter8»^rauea« .. ^m27. lanuar 1940 bat clerBB^-Breuser »Brenton« wieder völkerreebtswidrig von Bewegungen der deutschen Bandelsdampter »Vrauea«, »Ba Blata« und »Wangoni« die Feindlichen 8e68treitkrLtt6 unterriebtet."
281791,"Wird die Bundesregierung die nach meiner Ansicht bestehende Gesetzeslücke, was die Finanzierung der Errichtung des Endlagers für radioaktive Abfälle betrifft, wie Sie sagten, im Rahmen der angekündigten fünften Novelle oder schon vorher in einer sogenannten Vorschaltnovelle schließen, und, falls letzteres zutrifft, bis wann würde eine solche Vorschaltnovelle dem Bundestag vorgelegt werden? von Schoeler, Parl. Staatssekretär: Ich habe bereits darauf hingewiesen, daß unsere Überlegungen dahin gehen, dies in der in Vorbereitung befindlichen fünften Atomgesetznovelle rechtsklarstellend zu tun."
1074386,"Für die Hunderttausende von Staatsarb eitern möchte ich die dringende Bitte an die Regierung richten, doch dafür zu sorgen, daß durch übereinstimmende Ver fügungen, womöglich durch eine Bundesratsverordnung, angeordnet wird, daß das Vereins- und Versammlungs recht der Angestellten gewährleistet, daß ausgesprochen wird, daß Reichsrecht hier vor Landesrecht gehe, daß nur reichsgesetzliche Beschränkungen der Gewerbeordnung usw. maßgebend sein können, daß aber das Disziplinarrecht der Einzelstaaten zum allerwenigsten die soziale arbeits vertragliche Arbeit der Berufsvereine in keiner Weise hindern und einschnüren soll."
1078274,"Aber wir müssen doch auch zugeben, daß das Verfahren, wie es zurzeit im Gange ist, sich im allgemeinen durchaus bewährt hat, daß es sich immer nur um Einzelfälle handelt, und daß diese Fälle, wo irgend etwas nicht in Ordnung war, meist auch, wie das bei solchen Sachen häufig der Fall ist, noch übertrieben dargestellt werden."
1085018,"würde um so entschiedener gekämpft werden können um dieses Wahlrecht, je weniger wir uns vorn Boden des Klaffenkampfes entfernen, und darum, meine Herren, machen wir im Kriege —— ineine Freunde von der Arbeits gemeinschaft und ich —— eine Ausnahme gegenüber den ehe maligen Freunden, die zwar die Wahlrechtsfrage als un gelöst betrachten, zwar auch nach dem allgemeinen, gleichen Wahlrecht verlangen, die aber im übrigen eine Politik be treiben, die auf eine Erfüllung ihrer Forderung nickt hinauslaufen kann."
1104518,"Meine Herren, die Fälle, die mir bekannt geworden sind, einzeln aufzuführen, unterlasse ich, und zwar des wegen, weil ich sie, wenn ich sie einzeln anführen wollte, vorher dem Herrn Staatssekretär des Auswärtigen Amts mitgeteilt hätte, damit er in der Lage wäre, sie vorher im einzelnen zu prüfen und auf die Beschwerden im einzelnen zu antworten."
1066154,"Zum Nachweis, daß es wirklich nicht etwa an dem guten Willen fehlt, sondern daß es die Schwierigkeiten, die in der Sache liegen, sind, die die endliche Erledigung der Aufgabe hinausgeschoben haben, brauche ich nur her- (v) vorzuheben, daß noch in der letzten Woche von einer der Bundesregierungen nicht weniger als 60 Abänderungs anträge zu dem Gesetzentwurf eingegangen sind."
1063202,"Auf unsere Anfrage, ob die Regierung geneigt sei, entsprechend mehr Kontroll- beamte einzustellen, um bei dieser Erschwernis die gleiche Zahl von Untersuchungen wie bisher durch zuführen, nämlich in den größeren Städten auf 11 000 Einwohner fünf im Jahre, konnte uns die Re- (ist gicrung eine solche Vermehrung der Beamtenzahl nicht in Aussicht stellen."
1086158,"Wenn der italienische Bauer seine Waren anfährt zum genossenschaftlichen Lagerhaus, wird sie ihm sortiert/ den schlechten Teil kann er wieder mit zurücknehmen, der gute geht fort, wird exportiert, und erst nach drei Monaten erfährt er, was er dafür bekommt, und er ist damit zufrieden."
720214,"Zum Zweiten interessieren mich die Aussteigerprogramme, die im nächsten Jahr aufgelegt werden: Ab wann beginnen sie? Wird es möglich sein, sie schon zu Beginn des nächsten Jahres wirken zu lassen? Mit wie vielen Anträgen rechnen Sie? Wird das Aussteigerprogramm „Exit“ im nächsten Jahr von Bundesförderung profitieren können?"
1071254,"Jedenfalls ist zu berücksichtigen, daß eine allgemeine juristische Bildung die beste Grundlage ist für die Orientirung in jeder Partikulargesetzgebung, und daß andererseits das Hauptaugen merk jeder Prüfung gerade auf diese grundlegende allgemeine juristische Bildung gelenkt werden muß."
349,"Meine Damen und Herren! Namens meiner Fraktion beantrage ich, den Punkt der Tagesordnung, bei dem vorhin die Sitzung unterbrochen worden ist, abzusetzen und morgen zu Beginn der Sitzung mit diesem Tagesordnungspunkt fortzufahren. Durch die inzwischen mitgeteilte Bildung einer Arbeitsgemeinschaft WAVZentrum sind Voraussetzungen, die für die Bemessung der Mitgliederzahl in den Ausschüssen bestimmend gewesen sind, hinfällig geworden. Es ist notwendig, über die Grundlagen der Ausschuß-bildung neue Klarheit zu schaffen. Es erscheint uns deswegen notwendig, jetzt eine Vertagung vorzunehmen."
1063910,"Der erste Richter, mit besseren Hilfsmitteln zur Erforschung der Wahrheit ausgerüstet und psycho logisch mehr geeignet, aus dem Beweismaterial das relativ Richtige herauszufinden, hat einen Spruch gefällt, den nun ein zweiter, minder informirter Richter, dem die Handhabe einer gleich guten Prüfung fehlt, und dem das Material nicht in dem Maße wie jenem in lebenswarmer Darstellung vor geführt wird, revidiren und je nach Befinden billigen oder reformiren wird."
1075586,"Wenn ich diesen Besorgnissen und Befürchtungen Aus- (L) druck gegeben habe als der Stimmung der Bevölkerung ent sprechend, bei der ich wohne, und die ich vertrete, so kann ich doch nicht anders, als daß ich auf der anderen Seite als meine persönliche Auffassung ausspreche: es scheint mir in dieser Frage wie überhaupt so oft im Leben die Wahrheit in der Mitte zu liegen."
1073498,"Hier war also, wenn die Durch suchung überhaupt vorgenommen war, eine solche Unter suchung eingeleitet und anstatt ihrer Zuschrift hätte die Reichsregierung uns lieber eine Abschrift der Akten und Protokolle geben sollen, woraus sich hätte beweisen lassen, ob eine solche Untersuchung gegen den Abgeordneten Vollmar eingeleitet war und wenn nicht, welches Gesetz dazu berechtigt hat, ihn festzuhalten und zu durchsuchen."
1062038,"Es ist festgestellt, daß die Untersuchung des in Betracht kommenden Schlachtviehs in zuverlässiger Weise statt gefunden hat, daß die Wurst am 13. Februar unter ständiger Aufsicht eines Proviantamtsinspektors angefertigt wurde, und daß die Abnahme vorschriftsgemäß durch einen Zahl meister gemeinschaftlich mit dem Proviantamtssbeamten er folgt ist."
624185,"Herr Staatssekretär, in den elf Jahren, in denen ich in der Arbeitslosenbewegung tätig war, wurden viele Zahlen genannt und wurde oft davon gesprochen, dass nun Licht am Ende des Tunnels erkennbar und die Talsohle durchschritten sei. Können Sie mir im Namen der Bundesregierung bitte sagen, was die betroffenen Arbeitslosen von der heutigen Zahlenrechnerei und Diskussion halten sollen und was sie davon haben, insbesondere jene Arbeitslosen, die langzeitarbeitslos sind und bereits damals zu den 4,8 Millionen Arbeitslosen zählten und sich auch noch heute unter den 3,8 Millionen Arbeitslosen befinden? Erwarten diese nicht vielmehr, dass sich der Bundestag mit der Schaffung von Arbeitsplätzen anstatt mit der Interpretation von Zahlen befasst? ({0})"
