id,date,politicianId,party,leaning,emi_w2vparliament
ID1807804200,2015-01-14,11004018.0,CDU/CSU,middle,-0.794022
ID1807804300,2015-01-14,11004382.0,CDU/CSU,middle,-1.593067
ID1807908500,2015-01-15,11003888.0,Alliance 90/The Greens,middle,1.575236
ID1808001100,2015-01-16,11003756.0,Alliance 90/The Greens,middle,0.981187
ID1808000200,2015-01-16,11004053.0,The Left Party,left,2.178007
ID1808100800,2015-01-28,11004304.0,CDU/CSU,middle,-0.140695
ID1808205700,2015-01-29,11004018.0,CDU/CSU,middle,-0.665636
ID1808505000,2015-02-05,11004114.0,The Left Party,left,-0.851043
ID1808502600,2015-02-05,11003888.0,Alliance 90/The Greens,middle,-0.425072
ID1808509200,2015-02-05,11004114.0,The Left Party,left,-0.921444
ID1808508200,2015-02-05,11004393.0,SPD,middle,1.72778
ID1808505500,2015-02-05,11004018.0,CDU/CSU,middle,-0.577484
ID1808810100,2015-02-26,11003586.0,CDU/CSU,middle,2.183645
ID1808809900,2015-02-26,11003888.0,Alliance 90/The Greens,middle,0.523999
ID1808809300,2015-02-26,11004053.0,The Left Party,left,0.819391
ID1808802200,2015-02-26,11004114.0,The Left Party,left,0.084116
ID1808907500,2015-02-27,11004298.0,CDU/CSU,middle,-0.094499
ID1808904400,2015-02-27,11004304.0,CDU/CSU,middle,0.867447
ID1808905600,2015-02-27,11004336.0,CDU/CSU,middle,2.065917
ID1808905800,2015-02-27,11003586.0,CDU/CSU,middle,0.70571
ID1809003200,2015-03-04,11004053.0,The Left Party,left,0.65803
ID1809100700,2015-03-05,11004261.0,SPD,middle,2.353339
ID1809106700,2015-03-05,11004053.0,The Left Party,left,1.859039
ID1809110500,2015-03-05,11004304.0,CDU/CSU,middle,2.687576
ID1809106100,2015-03-05,11003888.0,Alliance 90/The Greens,middle,0.909311
ID1809100500,2015-03-05,11003602.0,CDU/CSU,middle,1.562511
ID1809109200,2015-03-05,11003578.0,Alliance 90/The Greens,middle,0.677382
ID1809109500,2015-03-05,11004389.0,SPD,middle,0.879386
ID1809112200,2015-03-05,11003578.0,Alliance 90/The Greens,middle,0.986576
ID1809107800,2015-03-05,11003578.0,Alliance 90/The Greens,middle,1.300982
ID1809107000,2015-03-05,11004382.0,CDU/CSU,middle,1.291238
ID1809108000,2015-03-05,11004389.0,SPD,middle,1.334071
ID1809204900,2015-03-06,11004393.0,SPD,middle,-0.918756
ID1809202100,2015-03-06,11004114.0,The Left Party,left,-0.66186
ID1809204100,2015-03-06,11003602.0,CDU/CSU,middle,-0.693338
ID1809202500,2015-03-06,11004393.0,SPD,middle,1.139165
ID1809306600,2015-03-18,11004304.0,CDU/CSU,middle,2.538822
ID1809301400,2015-03-18,11003888.0,Alliance 90/The Greens,middle,0.814827
ID1809402200,2015-03-19,11004393.0,SPD,middle,0.890661
ID1809405500,2015-03-19,11003888.0,Alliance 90/The Greens,middle,1.058134
ID1809400200,2015-03-19,11004183.0,The Left Party,left,-2.757382
ID1809404400,2015-03-19,11003786.0,The Left Party,left,-2.023349
ID1809605000,2015-03-25,11004114.0,The Left Party,left,-0.611998
ID1809709100,2015-03-26,11003756.0,Alliance 90/The Greens,middle,0.268517
ID1809712100,2015-03-26,11004304.0,CDU/CSU,middle,0.651835
ID1809703600,2015-03-26,11004393.0,SPD,middle,0.891339
ID1809711300,2015-03-26,11004114.0,The Left Party,left,-0.152751
ID1809709800,2015-03-26,11003586.0,CDU/CSU,middle,1.940901
ID1809702100,2015-03-26,11004053.0,The Left Party,left,2.687183
ID1809804900,2015-03-27,11003586.0,CDU/CSU,middle,0.585228
ID1809901400,2015-04-22,11004114.0,The Left Party,left,-0.41049
ID1810012300,2015-04-23,11004304.0,CDU/CSU,middle,2.629976
ID1810104700,2015-04-24,11004454.0,The Left Party,left,1.010563
ID1810102000,2015-04-24,11003888.0,Alliance 90/The Greens,middle,0.335232
ID1810105600,2015-04-24,11004393.0,SPD,middle,0.885528
ID1810105700,2015-04-24,11004393.0,SPD,middle,0.863443
ID1810306500,2015-05-07,11003756.0,Alliance 90/The Greens,middle,1.839833
ID1810304000,2015-05-07,11003756.0,Alliance 90/The Greens,middle,1.143644
ID1810300700,2015-05-07,11003602.0,CDU/CSU,middle,0.430451
ID1810609600,2015-05-21,11004393.0,SPD,middle,1.355791
ID1810605700,2015-05-21,11003756.0,Alliance 90/The Greens,middle,0.997485
ID1810613100,2015-05-21,11003756.0,Alliance 90/The Greens,middle,1.962471
ID1810609000,2015-05-21,11004018.0,CDU/CSU,middle,-0.209482
ID1810613300,2015-05-21,11004336.0,CDU/CSU,middle,2.017394
ID1810613000,2015-05-21,11004114.0,The Left Party,left,1.940816
ID1810611800,2015-05-21,11004114.0,The Left Party,left,0.157331
ID1810602800,2015-05-21,11004053.0,The Left Party,left,2.101116
ID1810801400,2015-06-10,11003756.0,Alliance 90/The Greens,middle,1.599542
ID1810803100,2015-06-10,11003756.0,Alliance 90/The Greens,middle,1.359959
ID1810800600,2015-06-10,11004053.0,The Left Party,left,1.660818
ID1810802400,2015-06-10,11004053.0,The Left Party,left,2.194319
ID1810804000,2015-06-10,11004114.0,The Left Party,left,-1.246728
ID1810909800,2015-06-11,11004114.0,The Left Party,left,-0.782507
ID1810906700,2015-06-11,11003888.0,Alliance 90/The Greens,middle,0.746615
ID1810913600,2015-06-11,11004053.0,The Left Party,left,2.657297
ID1810905100,2015-06-11,11004304.0,CDU/CSU,middle,-0.643607
ID1810912000,2015-06-11,11003888.0,Alliance 90/The Greens,middle,1.790614
ID1810906400,2015-06-11,11004261.0,SPD,middle,0.49714
ID1811100200,2015-06-17,11004454.0,The Left Party,left,0.617411
ID1811102500,2015-06-17,11003888.0,Alliance 90/The Greens,middle,1.06165
ID1811212700,2015-06-18,11004304.0,CDU/CSU,middle,2.210902
ID1811210100,2015-06-18,11004304.0,CDU/CSU,middle,0.132964
ID1811203000,2015-06-18,11004304.0,CDU/CSU,middle,-0.774525
ID1811206100,2015-06-18,11003786.0,The Left Party,left,1.102562
ID1811206800,2015-06-18,11004114.0,The Left Party,left,-0.696966
ID1811213700,2015-06-18,11004304.0,CDU/CSU,middle,0.7754
ID1811207300,2015-06-18,11003756.0,Alliance 90/The Greens,middle,2.178718
ID1811208400,2015-06-18,11004114.0,The Left Party,left,-0.245764
ID1811206300,2015-06-18,11003888.0,Alliance 90/The Greens,middle,1.622231
ID1811304100,2015-06-19,11004336.0,CDU/CSU,middle,0.569327
ID1811401800,2015-07-01,11003578.0,Alliance 90/The Greens,middle,0.578793
ID1811404000,2015-07-01,11003888.0,Alliance 90/The Greens,middle,0.173436
ID1811404200,2015-07-01,11003578.0,Alliance 90/The Greens,middle,0.976736
ID1811403200,2015-07-01,11003578.0,Alliance 90/The Greens,middle,-0.317026
ID1811507200,2015-07-02,11004336.0,CDU/CSU,middle,0.54177
ID1811503000,2015-07-02,11003602.0,CDU/CSU,middle,0.698514
ID1811516200,2015-07-02,11004393.0,SPD,middle,2.18096
ID1811501200,2015-07-02,11003756.0,Alliance 90/The Greens,middle,-0.408044
ID1811515000,2015-07-02,11004053.0,The Left Party,left,2.584387
ID1811603300,2015-07-03,11004454.0,The Left Party,left,-0.48753
ID1811601400,2015-07-03,11004389.0,SPD,middle,1.281356
ID1811601500,2015-07-03,11003888.0,Alliance 90/The Greens,middle,0.579711
ID1811602700,2015-07-03,11004454.0,The Left Party,left,0.959524
ID1811600800,2015-07-03,11003578.0,Alliance 90/The Greens,middle,-0.905698
ID1811700600,2015-07-17,11004183.0,The Left Party,left,-2.805906
ID1811706200,2015-07-17,11004114.0,The Left Party,left,-1.696351
ID1811904700,2015-09-08,11004018.0,CDU/CSU,middle,0.463563
ID1811901800,2015-09-08,11003602.0,CDU/CSU,middle,0.249818
ID1811901300,2015-09-08,11004382.0,CDU/CSU,middle,0.27819
ID1812102200,2015-09-10,11004053.0,The Left Party,left,1.95369
ID1812102400,2015-09-10,11003756.0,Alliance 90/The Greens,middle,1.746847
ID1812103900,2015-09-10,11004298.0,CDU/CSU,middle,0.429046
ID1812103000,2015-09-10,11003786.0,The Left Party,left,-0.122623
ID1812103600,2015-09-10,11003888.0,Alliance 90/The Greens,middle,0.66577
ID1812105500,2015-09-10,11004393.0,SPD,middle,0.097307
ID1812407300,2015-09-24,11004389.0,SPD,middle,1.282064
ID1812411400,2015-09-24,11004304.0,CDU/CSU,middle,-0.66982
ID1812408500,2015-09-24,11004336.0,CDU/CSU,middle,0.505727
ID1812407000,2015-09-24,11003578.0,Alliance 90/The Greens,middle,0.815435
ID1812400200,2015-09-24,11004183.0,The Left Party,left,-2.104952
ID1812410500,2015-09-24,11004114.0,The Left Party,left,-0.342181
ID1812410000,2015-09-24,11004053.0,The Left Party,left,2.546013
ID1812504300,2015-09-25,11004336.0,CDU/CSU,middle,-0.298524
ID1812500200,2015-09-25,11004454.0,The Left Party,left,0.252502
ID1812500500,2015-09-25,11003602.0,CDU/CSU,middle,-0.465065
ID1812705700,2015-10-01,11003786.0,The Left Party,left,-2.561178
ID1812705200,2015-10-01,11003786.0,The Left Party,left,0.331582
ID1812704900,2015-10-01,11003786.0,The Left Party,left,-0.020924
ID1812708200,2015-10-01,11003888.0,Alliance 90/The Greens,middle,2.277117
ID1812705400,2015-10-01,11003888.0,Alliance 90/The Greens,middle,-0.265648
ID1812706600,2015-10-01,11004304.0,CDU/CSU,middle,0.356736
ID1812803000,2015-10-02,11004053.0,The Left Party,left,2.311868
ID1812802500,2015-10-02,11003578.0,Alliance 90/The Greens,middle,0.348954
ID1812802800,2015-10-02,11004389.0,SPD,middle,0.507567
ID1812901700,2015-10-14,11004053.0,The Left Party,left,0.843004
ID1812902900,2015-10-14,11004053.0,The Left Party,left,1.986575
ID1812903500,2015-10-14,11003756.0,Alliance 90/The Greens,middle,2.355646
ID1812902100,2015-10-14,11003756.0,Alliance 90/The Greens,middle,1.24322
ID1813012000,2015-10-15,11003578.0,Alliance 90/The Greens,middle,0.137349
ID1813009500,2015-10-15,11004304.0,CDU/CSU,middle,-0.654412
ID1813013500,2015-10-15,11004304.0,CDU/CSU,middle,2.040578
ID1813004100,2015-10-15,11004393.0,SPD,middle,0.310791
ID1813000200,2015-10-15,11004183.0,The Left Party,left,-2.511292
ID1813004600,2015-10-15,11004393.0,SPD,middle,1.265279
ID1813102800,2015-10-16,11004114.0,The Left Party,left,-0.399275
ID1813205000,2015-11-04,11004393.0,SPD,middle,1.841091
ID1813311200,2015-11-05,11004114.0,The Left Party,left,1.68807
ID1813301600,2015-11-05,11003756.0,Alliance 90/The Greens,middle,2.133399
ID1813309300,2015-11-05,11003756.0,Alliance 90/The Greens,middle,1.603534
ID1813305800,2015-11-05,11003602.0,CDU/CSU,middle,0.427845
ID1813300600,2015-11-05,11004454.0,The Left Party,left,1.147508
ID1813303200,2015-11-05,11003578.0,Alliance 90/The Greens,middle,1.146964
ID1813305200,2015-11-05,11004336.0,CDU/CSU,middle,0.46298
ID1813401400,2015-11-06,11003756.0,Alliance 90/The Greens,middle,-0.920774
ID1813611600,2015-11-12,11003578.0,Alliance 90/The Greens,middle,1.113766
ID1813613500,2015-11-12,11003756.0,Alliance 90/The Greens,middle,4.012772
ID1813610500,2015-11-12,11004053.0,The Left Party,left,2.890372
ID1813605500,2015-11-12,11003888.0,Alliance 90/The Greens,middle,2.256302
ID1813605300,2015-11-12,11003786.0,The Left Party,left,0.806346
ID1813700200,2015-11-13,11004454.0,The Left Party,left,0.345179
ID1813704900,2015-11-13,11004336.0,CDU/CSU,middle,1.076476
ID1813704000,2015-11-13,11003756.0,Alliance 90/The Greens,middle,1.652084
ID1813802700,2015-11-24,11004018.0,CDU/CSU,middle,0.336494
ID1813802000,2015-11-24,11003602.0,CDU/CSU,middle,-0.184129
ID1813904900,2015-11-25,11004114.0,The Left Party,left,-1.518677
ID1814004000,2015-11-26,11004389.0,SPD,middle,-0.156153
ID1814003900,2015-11-26,11004298.0,CDU/CSU,middle,1.370322
ID1814002100,2015-11-26,11003602.0,CDU/CSU,middle,0.508915
ID1814102200,2015-11-27,11004382.0,CDU/CSU,middle,-0.464966
ID1814201100,2015-12-02,11004114.0,The Left Party,left,-0.807574
ID1814309100,2015-12-03,11004393.0,SPD,middle,0.863666
ID1814305600,2015-12-03,11004018.0,CDU/CSU,middle,-0.738257
ID1814406200,2015-12-04,11004261.0,SPD,middle,0.151433
ID1814403700,2015-12-04,11004336.0,CDU/CSU,middle,2.059366
ID1814400600,2015-12-04,11004183.0,The Left Party,left,-2.33749
ID1814409200,2015-12-04,11004389.0,SPD,middle,-0.45588
ID1814401500,2015-12-04,11003786.0,The Left Party,left,-0.573202
ID1814610800,2015-12-17,11004393.0,SPD,middle,0.874536
ID1814600600,2015-12-17,11004053.0,The Left Party,left,1.825687
ID1814603100,2015-12-17,11003786.0,The Left Party,left,-0.803002
ID1814610000,2015-12-17,11003756.0,Alliance 90/The Greens,middle,1.816749
ID1814610200,2015-12-17,11003756.0,Alliance 90/The Greens,middle,0.778982
ID1814600400,2015-12-17,11003756.0,Alliance 90/The Greens,middle,1.70091
ID1814613000,2015-12-17,11004336.0,CDU/CSU,middle,2.340025
ID1814606900,2015-12-17,11003888.0,Alliance 90/The Greens,middle,1.731533
ID1814702900,2015-12-18,11003756.0,Alliance 90/The Greens,middle,2.615084
ID1814701400,2015-12-18,11003578.0,Alliance 90/The Greens,middle,0.253823
ID1814701500,2015-12-18,11004389.0,SPD,middle,0.425763
ID1814802900,2016-01-13,11004053.0,The Left Party,left,1.455886
ID1814800200,2016-01-13,11003786.0,The Left Party,left,-0.812056
ID1814909300,2016-01-14,11004053.0,The Left Party,left,0.21199
ID1814909000,2016-01-14,11004114.0,The Left Party,left,1.429721
ID1814904900,2016-01-14,11004114.0,The Left Party,left,-1.100054
ID1814909500,2016-01-14,11004053.0,The Left Party,left,-1.502416
ID1814900200,2016-01-14,11004053.0,The Left Party,left,2.531968
ID1815001800,2016-01-15,11004393.0,SPD,middle,1.988788
ID1815104100,2016-01-27,11003888.0,Alliance 90/The Greens,middle,0.814534
ID1815205400,2016-01-28,11004389.0,SPD,middle,1.235591
ID1815207000,2016-01-28,11003756.0,Alliance 90/The Greens,middle,2.689334
ID1815211600,2016-01-28,11004304.0,CDU/CSU,middle,1.854931
ID1815205700,2016-01-28,11003578.0,Alliance 90/The Greens,middle,-0.229363
ID1815208200,2016-01-28,11003756.0,Alliance 90/The Greens,middle,2.425242
ID1815207500,2016-01-28,11003756.0,Alliance 90/The Greens,middle,2.369833
ID1815205100,2016-01-28,11003888.0,Alliance 90/The Greens,middle,-2.057784
ID1815204000,2016-01-28,11004018.0,CDU/CSU,middle,-0.513057
ID1815303000,2016-01-29,11004053.0,The Left Party,left,1.466584
ID1815303800,2016-01-29,11004393.0,SPD,middle,1.620118
ID1815304300,2016-01-29,11003756.0,Alliance 90/The Greens,middle,2.522479
ID1815305100,2016-01-29,11004393.0,SPD,middle,1.209155
ID1815400200,2016-02-17,11004183.0,The Left Party,left,-3.191094
ID1815508800,2016-02-18,11003888.0,Alliance 90/The Greens,middle,1.240623
ID1815501300,2016-02-18,11003786.0,The Left Party,left,-2.489478
ID1815831100,2016-02-25,11003578.0,Alliance 90/The Greens,middle,1.006527
ID18158110600,2016-02-25,11004304.0,CDU/CSU,middle,2.678186
ID18158109900,2016-02-25,11004261.0,SPD,middle,1.964591
ID18158106500,2016-02-25,11004261.0,SPD,middle,2.343581
ID18158108200,2016-02-25,11004389.0,SPD,middle,0.584275
ID1815831700,2016-02-25,11004389.0,SPD,middle,0.265116
ID1815831300,2016-02-25,11003578.0,Alliance 90/The Greens,middle,1.138106
ID1815909300,2016-02-26,11004053.0,The Left Party,left,2.233992
ID1815910300,2016-02-26,11003756.0,Alliance 90/The Greens,middle,1.667142
ID1815914400,2016-02-26,11004393.0,SPD,middle,2.010762
ID1815912300,2016-02-26,11004336.0,CDU/CSU,middle,0.774431
ID1815913600,2016-02-26,11004393.0,SPD,middle,1.362523
ID1816102800,2016-03-17,11004454.0,The Left Party,left,-0.021018
ID1816102600,2016-03-17,11004454.0,The Left Party,left,0.75386
ID1816106000,2016-03-17,11003756.0,Alliance 90/The Greens,middle,2.114914
ID1816110600,2016-03-17,11003578.0,Alliance 90/The Greens,middle,-0.67406
ID1816106700,2016-03-17,11004114.0,The Left Party,left,-0.559513
ID1816100300,2016-03-17,11003602.0,CDU/CSU,middle,0.408707
ID1816105000,2016-03-17,11004304.0,CDU/CSU,middle,1.323949
ID1816102900,2016-03-17,11004261.0,SPD,middle,1.775725
ID1816106900,2016-03-17,11004114.0,The Left Party,left,-1.428896
ID1816201800,2016-03-18,11003756.0,Alliance 90/The Greens,middle,1.408493
ID1816200200,2016-03-18,11004454.0,The Left Party,left,0.864367
ID1816303500,2016-04-13,11004183.0,The Left Party,left,-0.991058
ID1816406500,2016-04-14,11004304.0,CDU/CSU,middle,0.379035
ID1816409000,2016-04-14,11004018.0,CDU/CSU,middle,-0.153936
ID1816405500,2016-04-14,11004114.0,The Left Party,left,-0.147823
ID1816407500,2016-04-14,11004114.0,The Left Party,left,-1.212571
ID1816501400,2016-04-15,11003786.0,The Left Party,left,-1.012323
ID1816502100,2016-04-15,11003786.0,The Left Party,left,1.157526
ID1816501600,2016-04-15,11003888.0,Alliance 90/The Greens,middle,0.742174
ID1816504500,2016-04-15,11003578.0,Alliance 90/The Greens,middle,-1.372967
ID1816505300,2016-04-15,11004298.0,CDU/CSU,middle,-0.442542
ID1816601800,2016-04-27,11003756.0,Alliance 90/The Greens,middle,1.749069
ID1816603600,2016-04-27,11003756.0,Alliance 90/The Greens,middle,1.031375
ID1816600200,2016-04-27,11004053.0,The Left Party,left,2.978938
ID1816602800,2016-04-27,11004053.0,The Left Party,left,2.247872
ID1816708700,2016-04-28,11003578.0,Alliance 90/The Greens,middle,-0.231347
ID1816709200,2016-04-28,11003756.0,Alliance 90/The Greens,middle,2.68493
ID1816717600,2016-04-28,11004261.0,SPD,middle,2.55902
ID1816703000,2016-04-28,11004304.0,CDU/CSU,middle,0.123845
ID1816703900,2016-04-28,11003578.0,Alliance 90/The Greens,middle,-2.345871
ID1816704400,2016-04-28,11003888.0,Alliance 90/The Greens,middle,-0.270006
ID1816718700,2016-04-28,11003578.0,Alliance 90/The Greens,middle,1.050682
ID1816704000,2016-04-28,11004389.0,SPD,middle,-0.096997
ID1816702100,2016-04-28,11004389.0,SPD,middle,0.483438
ID1816802100,2016-04-29,11003786.0,The Left Party,left,-1.086767
ID1816802800,2016-04-29,11004393.0,SPD,middle,1.225112
ID1816904700,2016-05-11,11004183.0,The Left Party,left,-1.938652
ID1817008800,2016-05-12,11004389.0,SPD,middle,0.38105
ID1817008700,2016-05-12,11003578.0,Alliance 90/The Greens,middle,-0.626823
ID1817008900,2016-05-12,11003578.0,Alliance 90/The Greens,middle,-0.743427
ID1817103000,2016-05-13,11003756.0,Alliance 90/The Greens,middle,0.663724
ID1817205500,2016-06-01,11004393.0,SPD,middle,0.930008
ID1817205000,2016-06-01,11003602.0,CDU/CSU,middle,-0.228525
ID1817303100,2016-06-02,11003578.0,Alliance 90/The Greens,middle,0.273302
ID1817314600,2016-06-02,11003888.0,Alliance 90/The Greens,middle,1.307445
ID1817309000,2016-06-02,11004304.0,CDU/CSU,middle,2.675663
ID1817310900,2016-06-02,11004393.0,SPD,middle,0.266794
ID1817301600,2016-06-02,11004336.0,CDU/CSU,middle,0.845747
ID1817303700,2016-06-02,11004389.0,SPD,middle,0.58752
ID1817310000,2016-06-02,11004053.0,The Left Party,left,0.854811
ID1817403300,2016-06-03,11003786.0,The Left Party,left,0.066052
ID1817403500,2016-06-03,11003578.0,Alliance 90/The Greens,middle,0.441435
ID1817403800,2016-06-03,11003786.0,The Left Party,left,-0.833898
ID1817402200,2016-06-03,11003756.0,Alliance 90/The Greens,middle,1.945067
ID1817602100,2016-06-09,11004304.0,CDU/CSU,middle,0.198813
ID1817609200,2016-06-09,11003756.0,Alliance 90/The Greens,middle,2.8373
ID1817602500,2016-06-09,11004053.0,The Left Party,left,2.262522
ID1817602900,2016-06-09,11004053.0,The Left Party,left,1.161335
ID1817612600,2016-06-09,11004393.0,SPD,middle,1.599495
ID1817613000,2016-06-09,11004393.0,SPD,middle,1.408261
ID1817700600,2016-06-10,11004304.0,CDU/CSU,middle,1.558249
ID1817701000,2016-06-10,11004053.0,The Left Party,left,1.262112
ID1817701200,2016-06-10,11003756.0,Alliance 90/The Greens,middle,0.48878
ID1817911400,2016-06-23,11004393.0,SPD,middle,0.828184
ID1817910700,2016-06-23,11004114.0,The Left Party,left,0.940993
ID1817913700,2016-06-23,11004114.0,The Left Party,left,-0.654857
ID1817908800,2016-06-23,11003786.0,The Left Party,left,-1.183356
ID1817910500,2016-06-23,11004393.0,SPD,middle,1.896297
ID1817908000,2016-06-23,11004018.0,CDU/CSU,middle,-0.721156
ID1817900400,2016-06-23,11003756.0,Alliance 90/The Greens,middle,1.669924
ID1817914500,2016-06-23,11004393.0,SPD,middle,1.840789
ID1817909000,2016-06-23,11003888.0,Alliance 90/The Greens,middle,1.183977
ID1817910900,2016-06-23,11004114.0,The Left Party,left,1.115935
ID1818005500,2016-06-24,11004304.0,CDU/CSU,middle,-1.354019
ID1818002300,2016-06-24,11004393.0,SPD,middle,0.901259
ID1818003200,2016-06-24,11003786.0,The Left Party,left,-1.108584
ID1818000600,2016-06-24,11004183.0,The Left Party,left,-0.765334
ID1818003900,2016-06-24,11004393.0,SPD,middle,0.862247
ID1818316200,2016-07-07,11004261.0,SPD,middle,3.571963
ID1818312800,2016-07-07,11003578.0,Alliance 90/The Greens,middle,0.593088
ID1818315900,2016-07-07,11003888.0,Alliance 90/The Greens,middle,1.041396
ID1818308900,2016-07-07,11004382.0,CDU/CSU,middle,0.907105
ID1818300200,2016-07-07,11004183.0,The Left Party,left,-2.704608
ID1818308700,2016-07-07,11004018.0,CDU/CSU,middle,-0.31562
ID1818307700,2016-07-07,11004053.0,The Left Party,left,2.107329
ID1818305800,2016-07-07,11004336.0,CDU/CSU,middle,-0.143901
ID1818302000,2016-07-07,11004304.0,CDU/CSU,middle,0.041425
ID1818306200,2016-07-07,11003756.0,Alliance 90/The Greens,middle,2.667337
ID1818400500,2016-07-08,11004393.0,SPD,middle,0.96403
ID1818404700,2016-07-08,11004114.0,The Left Party,left,0.400893
ID1818405800,2016-07-08,11004389.0,SPD,middle,1.372466
ID1818401100,2016-07-08,11003602.0,CDU/CSU,middle,-0.273996
ID1818502900,2016-09-06,11004018.0,CDU/CSU,middle,-0.400976
ID1818504800,2016-09-06,11004053.0,The Left Party,left,1.896284
ID1818505000,2016-09-06,11003756.0,Alliance 90/The Greens,middle,1.435843
ID1818704200,2016-09-08,11004298.0,CDU/CSU,middle,0.24122
ID1818702100,2016-09-08,11003602.0,CDU/CSU,middle,-0.149487
ID1818705100,2016-09-08,11004393.0,SPD,middle,0.46521
ID1818703200,2016-09-08,11003578.0,Alliance 90/The Greens,middle,-0.235772
ID1818803600,2016-09-09,11004382.0,CDU/CSU,middle,-0.4741
ID1818903000,2016-09-21,11003578.0,Alliance 90/The Greens,middle,0.846462
ID1818903800,2016-09-21,11003888.0,Alliance 90/The Greens,middle,1.548821
ID1818901000,2016-09-21,11003786.0,The Left Party,left,0.633455
ID1818900600,2016-09-21,11003888.0,Alliance 90/The Greens,middle,-0.002209
ID1818906200,2016-09-21,11004114.0,The Left Party,left,-0.354789
ID1818904000,2016-09-21,11003786.0,The Left Party,left,0.67413
ID1818903600,2016-09-21,11003786.0,The Left Party,left,1.925765
ID1819007400,2016-09-22,11003888.0,Alliance 90/The Greens,middle,1.255426
ID1819016500,2016-09-22,11004304.0,CDU/CSU,middle,0.978
ID1819022600,2016-09-22,11004304.0,CDU/CSU,middle,3.342629
ID1819021000,2016-09-22,11003756.0,Alliance 90/The Greens,middle,1.343303
ID1819009800,2016-09-22,11003756.0,Alliance 90/The Greens,middle,1.974921
ID1819001300,2016-09-22,11004183.0,The Left Party,left,-0.273835
ID1819102300,2016-09-23,11004454.0,The Left Party,left,-0.313199
ID1819306900,2016-09-29,11004261.0,SPD,middle,-0.430504
ID1819302700,2016-09-29,11004389.0,SPD,middle,0.01902
ID1819302600,2016-09-29,11003578.0,Alliance 90/The Greens,middle,0.036429
ID1819308900,2016-09-29,11004053.0,The Left Party,left,2.273941
ID1819306300,2016-09-29,11004304.0,CDU/CSU,middle,1.645541
ID1819501400,2016-10-19,11004053.0,The Left Party,left,1.619507
ID1819501000,2016-10-19,11003756.0,Alliance 90/The Greens,middle,1.757565
ID1819502600,2016-10-19,11004053.0,The Left Party,left,2.733453
ID1819612400,2016-10-20,11004304.0,CDU/CSU,middle,0.085576
ID1819606200,2016-10-20,11004053.0,The Left Party,left,0.289208
ID1819601400,2016-10-20,11003602.0,CDU/CSU,middle,-0.455739
ID1819605800,2016-10-20,11003756.0,Alliance 90/The Greens,middle,1.036719
ID1819616900,2016-10-20,11004304.0,CDU/CSU,middle,1.90753
ID1819609400,2016-10-20,11004053.0,The Left Party,left,1.07358
ID1819706100,2016-10-21,11004393.0,SPD,middle,1.204864
ID1819704700,2016-10-21,11003888.0,Alliance 90/The Greens,middle,1.417857
ID1819702900,2016-10-21,11003786.0,The Left Party,left,0.140903
ID1819702400,2016-10-21,11003578.0,Alliance 90/The Greens,middle,0.017649
ID1819702200,2016-10-21,11003578.0,Alliance 90/The Greens,middle,1.018379
ID1819704500,2016-10-21,11003786.0,The Left Party,left,-0.421294
ID1819702300,2016-10-21,11004389.0,SPD,middle,0.546282
ID1819701700,2016-10-21,11004389.0,SPD,middle,1.597018
ID1819801400,2016-11-09,11004261.0,SPD,middle,3.915724
ID1819800100,2016-11-09,11003602.0,CDU/CSU,middle,2.472356
ID1819908700,2016-11-10,11004114.0,The Left Party,left,-0.824136
ID1819906800,2016-11-10,11003578.0,Alliance 90/The Greens,middle,0.615631
ID1819910800,2016-11-10,11004304.0,CDU/CSU,middle,-1.185409
ID1819915100,2016-11-10,11004304.0,CDU/CSU,middle,1.448895
ID1819907300,2016-11-10,11004389.0,SPD,middle,0.552109
ID1819901400,2016-11-10,11004114.0,The Left Party,left,-1.769857
ID1819908400,2016-11-10,11003888.0,Alliance 90/The Greens,middle,-0.262492
ID1819919600,2016-11-10,11003756.0,Alliance 90/The Greens,middle,1.961884
ID1819919900,2016-11-10,11004393.0,SPD,middle,2.608982
ID1820003200,2016-11-11,11003888.0,Alliance 90/The Greens,middle,0.093476
ID1820001100,2016-11-11,11004053.0,The Left Party,left,1.994683
ID1820103300,2016-11-22,11004018.0,CDU/CSU,middle,0.04583
ID1820106000,2016-11-22,11003602.0,CDU/CSU,middle,-0.433572
ID1820200100,2016-11-23,11004183.0,The Left Party,left,-0.0
ID1820205500,2016-11-23,11004114.0,The Left Party,left,-1.238245
ID1820204700,2016-11-23,11004114.0,The Left Party,left,-1.062236
ID1820304800,2016-11-24,11004298.0,CDU/CSU,middle,-0.076713
ID1820303900,2016-11-24,11003578.0,Alliance 90/The Greens,middle,-0.510983
ID1820302500,2016-11-24,11003756.0,Alliance 90/The Greens,middle,1.117388
ID1820402500,2016-11-25,11004018.0,CDU/CSU,middle,0.035512
ID1820402300,2016-11-25,11004382.0,CDU/CSU,middle,1.04254
ID1820602900,2016-12-01,11003578.0,Alliance 90/The Greens,middle,-0.100236
ID1820608300,2016-12-01,11004304.0,CDU/CSU,middle,-0.601768
ID1820610600,2016-12-01,11004304.0,CDU/CSU,middle,0.228124
ID1820608600,2016-12-01,11004393.0,SPD,middle,0.891249
ID1820603200,2016-12-01,11004389.0,SPD,middle,-0.377176
ID1820605900,2016-12-01,11003786.0,The Left Party,left,-0.082197
ID1820613300,2016-12-01,11004393.0,SPD,middle,1.837014
ID1820604100,2016-12-01,11003602.0,CDU/CSU,middle,-0.106947
ID1820609900,2016-12-01,11003888.0,Alliance 90/The Greens,middle,0.21761
ID1820606100,2016-12-01,11003888.0,Alliance 90/The Greens,middle,1.498508
ID1820613100,2016-12-01,11003756.0,Alliance 90/The Greens,middle,2.205002
ID1820615200,2016-12-01,11004393.0,SPD,middle,3.617656
ID1820601900,2016-12-01,11004454.0,The Left Party,left,-0.024532
ID1820801000,2016-12-14,11004053.0,The Left Party,left,-0.221255
ID1820803200,2016-12-14,11004053.0,The Left Party,left,0.29967
ID1820901900,2016-12-15,11003888.0,Alliance 90/The Greens,middle,0.993437
ID1820910700,2016-12-15,11004114.0,The Left Party,left,-1.298416
ID1820914000,2016-12-15,11004393.0,SPD,middle,0.923099
ID1820901200,2016-12-15,11004053.0,The Left Party,left,-0.271184
ID1820902000,2016-12-15,11004336.0,CDU/CSU,middle,0.512258
ID1820911500,2016-12-15,11004336.0,CDU/CSU,middle,0.508684
ID1820900700,2016-12-15,11003602.0,CDU/CSU,middle,-0.272126
ID1820916600,2016-12-15,11004114.0,The Left Party,left,0.81165
ID1820906900,2016-12-15,11004454.0,The Left Party,left,1.374608
ID1820903000,2016-12-15,11004018.0,CDU/CSU,middle,-0.539884
ID1820917200,2016-12-15,11003756.0,Alliance 90/The Greens,middle,1.18122
ID1820905800,2016-12-15,11004304.0,CDU/CSU,middle,1.463999
ID1821003900,2016-12-16,11003756.0,Alliance 90/The Greens,middle,0.180306
ID1821211100,2017-01-19,11004336.0,CDU/CSU,middle,-0.698075
ID1821204700,2017-01-19,11003578.0,Alliance 90/The Greens,middle,-0.999932
ID1821209900,2017-01-19,11004304.0,CDU/CSU,middle,2.463135
ID1821211400,2017-01-19,11003888.0,Alliance 90/The Greens,middle,0.052137
ID1821210600,2017-01-19,11004261.0,SPD,middle,1.889281
ID1821304100,2017-01-20,11003756.0,Alliance 90/The Greens,middle,1.927434
ID1821300600,2017-01-20,11003888.0,Alliance 90/The Greens,middle,-0.425717
ID1821303700,2017-01-20,11004018.0,CDU/CSU,middle,1.568886
ID1821514000,2017-01-26,11003756.0,Alliance 90/The Greens,middle,3.437203
ID1821503300,2017-01-26,11004114.0,The Left Party,left,-0.882137
ID1821502500,2017-01-26,11004114.0,The Left Party,left,0.130878
ID1821515200,2017-01-26,11004261.0,SPD,middle,3.267861
ID1821503800,2017-01-26,11004018.0,CDU/CSU,middle,-1.065861
ID1821513500,2017-01-26,11003756.0,Alliance 90/The Greens,middle,3.262178
ID1821603500,2017-01-27,11003756.0,Alliance 90/The Greens,middle,0.605384
ID1821703400,2017-02-15,11003578.0,Alliance 90/The Greens,middle,0.607243
ID1821701200,2017-02-15,11003578.0,Alliance 90/The Greens,middle,-0.175404
ID1821702600,2017-02-15,11003578.0,Alliance 90/The Greens,middle,-0.643221
ID1821701600,2017-02-15,11004389.0,SPD,middle,0.018326
ID1821808300,2017-02-16,11004393.0,SPD,middle,0.424256
ID1821813300,2017-02-16,11004336.0,CDU/CSU,middle,1.874995
ID1821810800,2017-02-16,11004304.0,CDU/CSU,middle,0.725925
ID1821803300,2017-02-16,11004298.0,CDU/CSU,middle,0.633299
ID1821809900,2017-02-16,11003756.0,Alliance 90/The Greens,middle,1.523022
ID1821802600,2017-02-16,11003888.0,Alliance 90/The Greens,middle,0.015862
ID1821810100,2017-02-16,11003756.0,Alliance 90/The Greens,middle,2.2807
ID1821904800,2017-02-17,11004053.0,The Left Party,left,3.007771
ID1821904100,2017-02-17,11003888.0,Alliance 90/The Greens,middle,0.464983
ID1821901600,2017-02-17,11004183.0,The Left Party,left,-1.407501
ID1821904400,2017-02-17,11003578.0,Alliance 90/The Greens,middle,0.014774
ID1821904600,2017-02-17,11004389.0,SPD,middle,0.419659
ID1822004400,2017-03-08,11004304.0,CDU/CSU,middle,-0.890296
ID1822112900,2017-03-09,11004304.0,CDU/CSU,middle,-0.009269
ID1822123500,2017-03-09,11004304.0,CDU/CSU,middle,1.363957
ID1822116200,2017-03-09,11004336.0,CDU/CSU,middle,0.625743
ID1822125400,2017-03-09,11004336.0,CDU/CSU,middle,1.957235
ID1822121700,2017-03-09,11004336.0,CDU/CSU,middle,1.947959
ID1822105900,2017-03-09,11004454.0,The Left Party,left,1.462928
ID1822108200,2017-03-09,11004053.0,The Left Party,left,2.058454
ID1822108100,2017-03-09,11004304.0,CDU/CSU,middle,0.707221
ID1822104400,2017-03-09,11004304.0,CDU/CSU,middle,1.869858
ID1822124700,2017-03-09,11004114.0,The Left Party,left,0.865164
ID1822104700,2017-03-09,11003786.0,The Left Party,left,-0.433352
ID1822204000,2017-03-10,11003786.0,The Left Party,left,-0.53933
ID1822204200,2017-03-10,11003888.0,Alliance 90/The Greens,middle,0.999082
ID1822201500,2017-03-10,11003578.0,Alliance 90/The Greens,middle,0.632665
ID1822514600,2017-03-23,11004393.0,SPD,middle,0.883909
ID1822500800,2017-03-23,11003602.0,CDU/CSU,middle,-0.286999
ID1822508100,2017-03-23,11003756.0,Alliance 90/The Greens,middle,1.355702
ID1822510700,2017-03-23,11004304.0,CDU/CSU,middle,0.535935
ID1822513400,2017-03-23,11004336.0,CDU/CSU,middle,2.419595
ID1822512900,2017-03-23,11004304.0,CDU/CSU,middle,1.785509
ID1822603700,2017-03-24,11004053.0,The Left Party,left,1.097977
ID1822605800,2017-03-24,11004389.0,SPD,middle,0.251304
ID1822603900,2017-03-24,11003756.0,Alliance 90/The Greens,middle,-0.047223
ID1822701600,2017-03-29,11004053.0,The Left Party,left,1.816289
ID1822700200,2017-03-29,11004053.0,The Left Party,left,2.092067
ID1822806200,2017-03-30,11003756.0,Alliance 90/The Greens,middle,1.171744
ID1822800600,2017-03-30,11004393.0,SPD,middle,-0.272566
ID1822815600,2017-03-30,11004393.0,SPD,middle,0.562961
ID1822904100,2017-03-31,11004053.0,The Left Party,left,1.691876
ID1822902200,2017-03-31,11004261.0,SPD,middle,0.944476
ID1822900200,2017-03-31,11003786.0,The Left Party,left,0.088773
ID1822904300,2017-03-31,11003756.0,Alliance 90/The Greens,middle,-0.849075
ID1823000400,2017-04-26,11004114.0,The Left Party,left,-0.878869
ID1823001800,2017-04-26,11004114.0,The Left Party,left,-0.454344
ID1823109400,2017-04-27,11004393.0,SPD,middle,-0.610214
ID1823112800,2017-04-27,11004336.0,CDU/CSU,middle,1.648573
ID1823103000,2017-04-27,11004389.0,SPD,middle,0.201594
ID1823100200,2017-04-27,11004183.0,The Left Party,left,-2.229162
ID1823112600,2017-04-27,11004053.0,The Left Party,left,2.59999
ID1823102900,2017-04-27,11003578.0,Alliance 90/The Greens,middle,-0.401757
ID1823116000,2017-04-27,11004304.0,CDU/CSU,middle,1.292762
ID1823200400,2017-04-28,11003578.0,Alliance 90/The Greens,middle,0.334231
ID1823203900,2017-04-28,11004304.0,CDU/CSU,middle,0.310341
ID1823205200,2017-04-28,11004304.0,CDU/CSU,middle,-1.338398
ID1823306600,2017-05-17,11004298.0,CDU/CSU,middle,-0.876933
ID1823307600,2017-05-17,11004304.0,CDU/CSU,middle,-0.835769
ID1823306700,2017-05-17,11003888.0,Alliance 90/The Greens,middle,0.993399
ID1823308300,2017-05-17,11004053.0,The Left Party,left,1.678796
ID1823416800,2017-05-18,11004304.0,CDU/CSU,middle,1.094201
ID1823407200,2017-05-18,11004018.0,CDU/CSU,middle,0.245216
ID1823400600,2017-05-18,11004114.0,The Left Party,left,-0.363328
ID1823409500,2017-05-18,11004018.0,CDU/CSU,middle,-2.011187
ID1823418100,2017-05-18,11003756.0,Alliance 90/The Greens,middle,2.321862
ID1823411600,2017-05-18,11004393.0,SPD,middle,0.687723
ID1823411500,2017-05-18,11004304.0,CDU/CSU,middle,0.186424
ID1823504600,2017-05-19,11004389.0,SPD,middle,1.488098
ID1823503300,2017-05-19,11004304.0,CDU/CSU,middle,-1.23979
ID1823606600,2017-05-31,11003756.0,Alliance 90/The Greens,middle,1.631768
ID1823603500,2017-05-31,11004114.0,The Left Party,left,0.774738
ID1823605200,2017-05-31,11004114.0,The Left Party,left,-0.317947
ID1823708100,2017-06-01,11004336.0,CDU/CSU,middle,0.199616
ID1823719300,2017-06-01,11004261.0,SPD,middle,2.703464
ID1823721500,2017-06-01,11004261.0,SPD,middle,1.590742
ID1823713800,2017-06-01,11004304.0,CDU/CSU,middle,0.25448
ID1823703700,2017-06-01,11003578.0,Alliance 90/The Greens,middle,0.157433
ID1823704600,2017-06-01,11004389.0,SPD,middle,-0.923391
ID1823705800,2017-06-01,11004389.0,SPD,middle,0.076118
ID1823700200,2017-06-01,11004183.0,The Left Party,left,-0.881805
ID1823723800,2017-06-01,11003888.0,Alliance 90/The Greens,middle,1.808979
ID1823711700,2017-06-01,11004304.0,CDU/CSU,middle,0.269636
ID1823705700,2017-06-01,11003578.0,Alliance 90/The Greens,middle,0.28693
ID1823705000,2017-06-01,11003578.0,Alliance 90/The Greens,middle,-0.040724
ID1823802900,2017-06-02,11003888.0,Alliance 90/The Greens,middle,0.864847
ID1823802000,2017-06-02,11004018.0,CDU/CSU,middle,-0.777093
ID1823906000,2017-06-21,11004018.0,CDU/CSU,middle,-1.466014
ID1823900400,2017-06-21,11004454.0,The Left Party,left,1.479313
ID1823902000,2017-06-21,11004454.0,The Left Party,left,0.39991
ID1823906200,2017-06-21,11004018.0,CDU/CSU,middle,-0.840676
ID1824001500,2017-06-22,11003756.0,Alliance 90/The Greens,middle,1.240851
ID1824006500,2017-06-22,11004053.0,The Left Party,left,1.006904
ID1824013700,2017-06-22,11004304.0,CDU/CSU,middle,2.051399
ID1824014800,2017-06-22,11004336.0,CDU/CSU,middle,1.920122
ID1824005900,2017-06-22,11004053.0,The Left Party,left,1.978171
ID1824000200,2017-06-22,11004454.0,The Left Party,left,0.795839
ID1824000100,2017-06-22,11003602.0,CDU/CSU,middle,0.574655
ID1824007300,2017-06-22,11004304.0,CDU/CSU,middle,0.76777
ID1824012900,2017-06-22,11004053.0,The Left Party,left,-1.794813
ID1824101200,2017-06-23,11003786.0,The Left Party,left,-0.751044
ID1824202000,2017-06-28,11004053.0,The Left Party,left,1.343973
ID1824205500,2017-06-28,11003578.0,Alliance 90/The Greens,middle,0.861675
ID1824204900,2017-06-28,11003786.0,The Left Party,left,0.685309
ID1824200600,2017-06-28,11003756.0,Alliance 90/The Greens,middle,1.987842
ID1824202800,2017-06-28,11003756.0,Alliance 90/The Greens,middle,0.643952
ID1824205100,2017-06-28,11003888.0,Alliance 90/The Greens,middle,1.164752
ID1824314100,2017-06-29,11004336.0,CDU/CSU,middle,0.640979
ID1824311400,2017-06-29,11004336.0,CDU/CSU,middle,-0.394267
ID1824311300,2017-06-29,11004336.0,CDU/CSU,middle,0.966343
ID1824307500,2017-06-29,11004393.0,SPD,middle,0.14892
ID1824308800,2017-06-29,11004018.0,CDU/CSU,middle,-0.3651
ID1824402900,2017-06-30,11004393.0,SPD,middle,0.71216
ID1824413400,2017-06-30,11004382.0,CDU/CSU,middle,0.557382
ID1824407900,2017-06-30,11004053.0,The Left Party,left,0.198345
ID1824410700,2017-06-30,11004298.0,CDU/CSU,middle,1.102621
ID1824402000,2017-06-30,11004304.0,CDU/CSU,middle,-0.396556
ID1824402400,2017-06-30,11003756.0,Alliance 90/The Greens,middle,1.569878
ID1824500600,2017-09-05,11004183.0,The Left Party,left,-1.970094
ID19201500,2017-11-21,11004018.0,CDU/CSU,middle,0.449515
ID19208200,2017-11-21,11004018.0,CDU/CSU,middle,0.455556
ID19201000,2017-11-21,11004798.0,FDP,middle,-0.69971
ID19202600,2017-11-21,11004798.0,FDP,middle,-0.530434
ID19208000,2017-11-21,11004018.0,CDU/CSU,middle,0.22865
ID19204500,2017-11-21,11004018.0,CDU/CSU,middle,-0.821578
ID19302000,2017-11-22,11004798.0,FDP,middle,-2.014352
ID19305000,2017-11-22,11003756.0,Alliance 90/The Greens,middle,0.373214
ID19301300,2017-11-22,11004798.0,FDP,middle,-0.655737
ID19303300,2017-11-22,11004837.0,The Left Party,left,-1.695744
ID19304900,2017-11-22,11004910.0,FDP,middle,1.312968
ID19402700,2017-12-12,11004798.0,FDP,middle,-0.305302
ID19402000,2017-12-12,11004798.0,FDP,middle,-0.349882
ID19400600,2017-12-12,11004798.0,FDP,middle,-0.276535
ID19400400,2017-12-12,11004798.0,FDP,middle,-1.091402
ID19406100,2017-12-12,11004703.0,The Left Party,left,0.443787
ID19406500,2017-12-12,11004304.0,CDU/CSU,middle,-0.472364
ID19404200,2017-12-12,11004798.0,FDP,middle,-0.887079
ID19402300,2017-12-12,11004018.0,CDU/CSU,middle,-0.81528
ID19407100,2017-12-12,11004114.0,The Left Party,left,0.726928
ID19504400,2017-12-13,11004018.0,CDU/CSU,middle,-0.34835
ID19503600,2017-12-13,11004798.0,FDP,middle,-1.253754
ID19508400,2017-12-13,11004908.0,FDP,middle,-1.481303
ID19511600,2017-12-13,11004761.0,AFD,right,-0.855764
ID19503400,2017-12-13,11003756.0,Alliance 90/The Greens,middle,1.819451
ID19602600,2018-01-17,11004753.0,AFD,right,0.515611
ID19601800,2018-01-17,11004910.0,FDP,middle,0.883338
ID19603400,2018-01-17,11004753.0,AFD,right,1.179121
ID19603600,2018-01-17,11004910.0,FDP,middle,1.380542
ID19706700,2018-01-18,11004910.0,FDP,middle,-1.279177
ID19707300,2018-01-18,11004336.0,CDU/CSU,middle,-0.759685
ID19701100,2018-01-18,11004393.0,SPD,middle,0.721567
ID19706400,2018-01-18,11004753.0,AFD,right,-1.736967
ID19706600,2018-01-18,11004844.0,SPD,middle,-1.020845
ID19705900,2018-01-18,11004792.0,AFD,right,-0.288199
ID19706300,2018-01-18,11004393.0,SPD,middle,-0.076385
ID19802800,2018-01-19,11004389.0,SPD,middle,0.797184
ID19805000,2018-01-19,11004454.0,The Left Party,left,-0.573568
ID19802600,2018-01-19,11003578.0,Alliance 90/The Greens,middle,0.212374
ID19804800,2018-01-19,11004454.0,The Left Party,left,0.354754
ID19900700,2018-01-22,11004183.0,The Left Party,left,-2.406644
ID191003300,2018-01-31,11004792.0,AFD,right,1.122021
ID191002800,2018-01-31,11004761.0,AFD,right,-1.124111
ID191106600,2018-02-01,11004910.0,FDP,middle,2.129339
ID191107700,2018-02-01,11004798.0,FDP,middle,-1.269563
ID191105300,2018-02-01,11003786.0,The Left Party,left,-2.22628
ID191108700,2018-02-01,11004703.0,The Left Party,left,0.950023
ID191109200,2018-02-01,11004261.0,SPD,middle,0.224329
ID191110400,2018-02-01,11004261.0,SPD,middle,-0.719062
ID191201300,2018-02-02,11004114.0,The Left Party,left,-1.336575
ID191200300,2018-02-02,11004761.0,AFD,right,-0.703548
ID191202700,2018-02-02,11003786.0,The Left Party,left,-1.714116
ID191305400,2018-02-21,11004749.0,AFD,right,0.778733
ID191306400,2018-02-21,11004844.0,SPD,middle,-2.363308
ID191407800,2018-02-22,11004726.0,Alliance 90/The Greens,middle,-0.372335
ID191410000,2018-02-22,11004114.0,The Left Party,left,-0.405177
ID191412600,2018-02-22,11004336.0,CDU/CSU,middle,-0.409748
ID191409800,2018-02-22,11004261.0,SPD,middle,1.368692
ID191502000,2018-02-23,11004304.0,CDU/CSU,middle,0.196896
ID191500600,2018-02-23,11004910.0,FDP,middle,1.500675
ID191502100,2018-02-23,11004798.0,FDP,middle,-1.602819
ID191601200,2018-02-28,11004792.0,AFD,right,1.480808
ID191706500,2018-03-01,11004703.0,The Left Party,left,1.074471
ID191701200,2018-03-01,11004336.0,CDU/CSU,middle,1.024619
ID191701600,2018-03-01,11004908.0,FDP,middle,1.258374
ID191708500,2018-03-01,11004454.0,The Left Party,left,-0.271236
ID191709500,2018-03-01,11003756.0,Alliance 90/The Greens,middle,1.305863
ID191700300,2018-03-01,11004753.0,AFD,right,-1.609798
ID191708700,2018-03-01,11004454.0,The Left Party,left,-1.161417
ID191704800,2018-03-01,11004304.0,CDU/CSU,middle,-0.179559
ID191700400,2018-03-01,11004910.0,FDP,middle,0.842839
ID191802000,2018-03-02,11004393.0,SPD,middle,-0.870664
ID191805100,2018-03-02,11004792.0,AFD,right,1.98115
ID192007100,2018-03-15,11004761.0,AFD,right,-2.214324
ID192010100,2018-03-15,11004753.0,AFD,right,-0.099205
ID192002000,2018-03-15,11004018.0,CDU/CSU,middle,0.047349
ID192000900,2018-03-15,11004018.0,CDU/CSU,middle,0.566717
ID192000600,2018-03-15,11004798.0,FDP,middle,0.757462
ID192011400,2018-03-15,11003888.0,Alliance 90/The Greens,middle,0.03095
ID192003600,2018-03-15,11004837.0,The Left Party,left,-1.508333
ID192100400,2018-03-16,11004871.0,FDP,middle,-0.277244
ID192101300,2018-03-16,11004908.0,FDP,middle,-1.555055
ID192101700,2018-03-16,11004749.0,AFD,right,-0.158217
ID192208000,2018-03-21,11004703.0,The Left Party,left,1.500235
ID192211100,2018-03-21,11004018.0,CDU/CSU,middle,0.046613
ID192205500,2018-03-21,11004908.0,FDP,middle,0.960777
ID192204500,2018-03-21,11004749.0,AFD,right,0.798869
ID192203400,2018-03-21,11004761.0,AFD,right,-1.331624
ID192210300,2018-03-21,11004798.0,FDP,middle,-1.482037
ID192208500,2018-03-21,11004798.0,FDP,middle,-1.996652
ID192308700,2018-03-22,11004798.0,FDP,middle,-0.425235
ID192306200,2018-03-22,11004910.0,FDP,middle,-0.070916
ID192307400,2018-03-22,11004910.0,FDP,middle,0.701993
ID192307600,2018-03-22,11003756.0,Alliance 90/The Greens,middle,1.491365
ID192304800,2018-03-22,11004761.0,AFD,right,-0.241058
ID192304000,2018-03-22,11003578.0,Alliance 90/The Greens,middle,-0.805756
ID192307800,2018-03-22,11004753.0,AFD,right,1.143548
ID192303900,2018-03-22,11003786.0,The Left Party,left,-2.323542
ID192307900,2018-03-22,11004942.0,SPD,middle,1.036455
ID192313700,2018-03-22,11004393.0,SPD,middle,-0.002769
ID192310800,2018-03-22,11004871.0,FDP,middle,-0.146041
ID192404200,2018-03-23,11004393.0,SPD,middle,0.506599
ID192406500,2018-03-23,11004261.0,SPD,middle,-0.101739
ID192405300,2018-03-23,11004792.0,AFD,right,0.046899
ID192406300,2018-03-23,11003602.0,CDU/CSU,middle,0.824246
ID192404800,2018-03-23,11003602.0,CDU/CSU,middle,-0.524996
ID192401000,2018-03-23,11004749.0,AFD,right,-0.572889
ID192505300,2018-04-18,11004908.0,FDP,middle,-0.137104
ID192503400,2018-04-18,11004753.0,AFD,right,1.172778
ID192506200,2018-04-18,11004798.0,FDP,middle,-1.610797
ID192504400,2018-04-18,11004393.0,SPD,middle,1.783857
ID192501200,2018-04-18,11003756.0,Alliance 90/The Greens,middle,2.070556
ID192505500,2018-04-18,11004753.0,AFD,right,1.528304
ID192506300,2018-04-18,11004183.0,The Left Party,left,-2.430055
ID192608000,2018-04-19,11003888.0,Alliance 90/The Greens,middle,0.222691
ID192605300,2018-04-19,11004798.0,FDP,middle,-2.058281
ID192607500,2018-04-19,11003786.0,The Left Party,left,-0.74996
ID192607000,2018-04-19,11004871.0,FDP,middle,0.523578
ID192615800,2018-04-19,11004837.0,The Left Party,left,-1.54554
ID192609300,2018-04-19,11004018.0,CDU/CSU,middle,-0.034674
ID192615900,2018-04-19,11003756.0,Alliance 90/The Greens,middle,-1.945685
ID192607400,2018-04-19,11004018.0,CDU/CSU,middle,0.199889
ID192703600,2018-04-20,11004304.0,CDU/CSU,middle,-0.162182
ID192703000,2018-04-20,11004114.0,The Left Party,left,0.143288
ID192800200,2018-04-25,11004761.0,AFD,right,1.424744
ID192804400,2018-04-25,11004910.0,FDP,middle,-0.10943
ID192805300,2018-04-25,11003602.0,CDU/CSU,middle,-0.910129
ID192806500,2018-04-25,11004393.0,SPD,middle,-0.335147
ID192805000,2018-04-25,11004749.0,AFD,right,0.922751
ID192905300,2018-04-26,11004749.0,AFD,right,1.652547
ID192908100,2018-04-26,11003756.0,Alliance 90/The Greens,middle,0.647202
ID192908700,2018-04-26,11004871.0,FDP,middle,0.124746
ID192910000,2018-04-26,11004703.0,The Left Party,left,1.05629
ID192900400,2018-04-26,11004798.0,FDP,middle,-1.648658
ID192902700,2018-04-26,11004753.0,AFD,right,0.67868
ID192915200,2018-04-26,11004792.0,AFD,right,1.015894
ID193000800,2018-04-27,11003756.0,Alliance 90/The Greens,middle,-1.658995
ID193001300,2018-04-27,11004844.0,SPD,middle,-0.663405
ID193101700,2018-05-15,11004687.0,AFD,right,1.875734
ID193106200,2018-05-15,11004393.0,SPD,middle,-0.664974
ID193205900,2018-05-16,11004018.0,CDU/CSU,middle,-0.455203
ID193200500,2018-05-16,11004183.0,The Left Party,left,-0.384666
ID193304200,2018-05-17,11004393.0,SPD,middle,-0.47313
ID193307500,2018-05-17,11003756.0,Alliance 90/The Greens,middle,1.222518
ID193307900,2018-05-17,11004910.0,FDP,middle,1.446044
ID193302700,2018-05-17,11004114.0,The Left Party,left,-0.688409
ID193304100,2018-05-17,11004761.0,AFD,right,-1.071104
ID193300800,2018-05-17,11004687.0,AFD,right,0.380731
ID193303100,2018-05-17,11004304.0,CDU/CSU,middle,1.067807
ID193308600,2018-05-17,11004382.0,CDU/CSU,middle,2.028349
ID193401200,2018-05-18,11003578.0,Alliance 90/The Greens,middle,-1.350314
ID193507100,2018-06-06,11004389.0,SPD,middle,1.490988
ID193506700,2018-06-06,11003888.0,Alliance 90/The Greens,middle,0.919745
ID193500600,2018-06-06,11004798.0,FDP,middle,-2.498268
ID193504000,2018-06-06,11004389.0,SPD,middle,-0.328535
ID193505000,2018-06-06,11004761.0,AFD,right,-2.126534
ID193615800,2018-06-07,11003578.0,Alliance 90/The Greens,middle,2.168229
ID193607200,2018-06-07,11004018.0,CDU/CSU,middle,0.150852
ID193608500,2018-06-07,11004871.0,FDP,middle,-0.59629
ID193610200,2018-06-07,11004798.0,FDP,middle,-1.0972
ID193611600,2018-06-07,11004837.0,The Left Party,left,-1.028603
ID193616600,2018-06-07,11004114.0,The Left Party,left,-0.664798
ID193604300,2018-06-07,11004304.0,CDU/CSU,middle,-0.0671
ID193602400,2018-06-07,11004304.0,CDU/CSU,middle,0.884015
ID193610400,2018-06-07,11004798.0,FDP,middle,-1.016059
ID193605300,2018-06-07,11004703.0,The Left Party,left,0.686963
ID193701500,2018-06-08,11004761.0,AFD,right,-1.333193
ID193701600,2018-06-08,11004393.0,SPD,middle,0.761361
ID193704700,2018-06-08,11004393.0,SPD,middle,-0.322228
ID193705700,2018-06-08,11004792.0,AFD,right,0.416574
ID193705000,2018-06-08,11004792.0,AFD,right,-1.244842
ID193806300,2018-06-13,11004908.0,FDP,middle,1.760771
ID193802600,2018-06-13,11004792.0,AFD,right,-0.108704
ID193901300,2018-06-14,11004798.0,FDP,middle,-1.731064
ID193902600,2018-06-14,11004871.0,FDP,middle,-0.259469
ID193901900,2018-06-14,11004393.0,SPD,middle,-1.459515
ID193911200,2018-06-14,11003578.0,Alliance 90/The Greens,middle,-0.989364
ID193908200,2018-06-14,11004837.0,The Left Party,left,-1.812426
ID193906600,2018-06-14,11004018.0,CDU/CSU,middle,0.459771
ID194005300,2018-06-15,11004753.0,AFD,right,1.155857
ID194008700,2018-06-15,11004844.0,SPD,middle,0.548238
ID194008900,2018-06-15,11004393.0,SPD,middle,-0.515042
ID194003000,2018-06-15,11004908.0,FDP,middle,-2.052866
ID194004200,2018-06-15,11004389.0,SPD,middle,0.509138
ID194107900,2018-06-27,11003786.0,The Left Party,left,-1.595615
ID194101400,2018-06-27,11004753.0,AFD,right,-1.24849
ID194209700,2018-06-28,11004454.0,The Left Party,left,1.262998
ID194205300,2018-06-28,11004389.0,SPD,middle,0.755943
ID194208900,2018-06-28,11003578.0,Alliance 90/The Greens,middle,-0.463721
ID194204700,2018-06-28,11003786.0,The Left Party,left,-1.556634
ID194200600,2018-06-28,11004183.0,The Left Party,left,-2.682835
ID194213800,2018-06-28,11003888.0,Alliance 90/The Greens,middle,-1.153343
ID194219100,2018-06-28,11004726.0,Alliance 90/The Greens,middle,0.90908
ID194207600,2018-06-28,11004753.0,AFD,right,0.941861
ID194208100,2018-06-28,11004942.0,SPD,middle,0.744686
ID194215100,2018-06-28,11004703.0,The Left Party,left,0.659295
ID194215500,2018-06-28,11004114.0,The Left Party,left,0.308422
ID194216700,2018-06-28,11004298.0,CDU/CSU,middle,-0.258346
ID194214200,2018-06-28,11004792.0,AFD,right,1.788396
ID194212000,2018-06-28,11004844.0,SPD,middle,1.15622
ID194302100,2018-06-29,11003756.0,Alliance 90/The Greens,middle,0.700741
ID194301600,2018-06-29,11004910.0,FDP,middle,1.016466
ID194307900,2018-06-29,11004393.0,SPD,middle,0.157046
ID194409800,2018-07-03,11003602.0,CDU/CSU,middle,0.361951
ID194404500,2018-07-03,11003602.0,CDU/CSU,middle,0.156292
ID194404200,2018-07-03,11004792.0,AFD,right,2.426527
ID194408900,2018-07-03,11004261.0,SPD,middle,1.281951
ID194401600,2018-07-03,11004761.0,AFD,right,-0.069556
ID194402600,2018-07-03,11004703.0,The Left Party,left,1.755814
ID194502800,2018-07-04,11004798.0,FDP,middle,-1.966132
ID194503900,2018-07-04,11004798.0,FDP,middle,-0.71861
ID194504900,2018-07-04,11004018.0,CDU/CSU,middle,0.055656
ID194600800,2018-07-05,11004687.0,AFD,right,0.398058
ID194600100,2018-07-05,11004749.0,AFD,right,-0.67114
ID194604800,2018-07-05,11003578.0,Alliance 90/The Greens,middle,-1.48468
ID194607900,2018-07-05,11004753.0,AFD,right,-0.50033
ID194607300,2018-07-05,11004382.0,CDU/CSU,middle,2.258881
ID194705300,2018-09-11,11004792.0,AFD,right,0.347138
ID194705800,2018-09-11,11004393.0,SPD,middle,0.83897
ID194801300,2018-09-12,11004761.0,AFD,right,-2.305942
ID194803900,2018-09-12,11004798.0,FDP,middle,-0.958719
ID194804400,2018-09-12,11004798.0,FDP,middle,-1.557893
ID194806100,2018-09-12,11004018.0,CDU/CSU,middle,0.059822
ID194905300,2018-09-13,11004761.0,AFD,right,0.766429
ID194907700,2018-09-13,11004753.0,AFD,right,-2.007752
ID194903400,2018-09-13,11004304.0,CDU/CSU,middle,-1.127048
ID194901000,2018-09-13,11004687.0,AFD,right,0.706905
ID194904800,2018-09-13,11004393.0,SPD,middle,-0.327214
ID194909000,2018-09-13,11004382.0,CDU/CSU,middle,1.839481
ID194908100,2018-09-13,11003756.0,Alliance 90/The Greens,middle,1.15376
ID195001100,2018-09-14,11003786.0,The Left Party,left,-1.418057
ID195002700,2018-09-14,11004454.0,The Left Party,left,-1.013693
ID195100400,2018-09-26,11004393.0,SPD,middle,0.965187
ID195103200,2018-09-26,11004749.0,AFD,right,-1.439499
ID195104300,2018-09-26,11004798.0,FDP,middle,0.920519
ID195103400,2018-09-26,11004393.0,SPD,middle,-0.843748
ID195208500,2018-09-27,11004304.0,CDU/CSU,middle,0.183654
ID195203800,2018-09-27,11003602.0,CDU/CSU,middle,0.322989
ID195202300,2018-09-27,11004798.0,FDP,middle,-2.294343
ID195204900,2018-09-27,11004114.0,The Left Party,left,-0.137096
ID195208200,2018-09-27,11004114.0,The Left Party,left,-1.4022
ID195204600,2018-09-27,11004792.0,AFD,right,-0.221843
ID195203600,2018-09-27,11004261.0,SPD,middle,1.087745
ID195206700,2018-09-27,11004304.0,CDU/CSU,middle,-1.705497
ID195206200,2018-09-27,11004761.0,AFD,right,-2.628984
ID195202500,2018-09-27,11004798.0,FDP,middle,-0.934404
ID195216500,2018-09-27,11003578.0,Alliance 90/The Greens,middle,1.90042
ID195307800,2018-09-28,11004393.0,SPD,middle,-0.344696
ID195301000,2018-09-28,11004753.0,AFD,right,0.098906
ID195309800,2018-09-28,11004726.0,Alliance 90/The Greens,middle,-0.696507
ID195301200,2018-09-28,11004910.0,FDP,middle,0.645734
ID195306000,2018-09-28,11004761.0,AFD,right,1.746627
ID195306600,2018-09-28,11004726.0,Alliance 90/The Greens,middle,-0.049565
ID195406500,2018-10-10,11004792.0,AFD,right,1.98438
ID195404600,2018-10-10,11004753.0,AFD,right,-1.150442
ID195503500,2018-10-11,11003786.0,The Left Party,left,-0.788603
ID195504300,2018-10-11,11004389.0,SPD,middle,0.145431
ID195507800,2018-10-11,11004798.0,FDP,middle,-1.261519
ID195515900,2018-10-11,11003578.0,Alliance 90/The Greens,middle,1.963756
ID195502300,2018-10-11,11004304.0,CDU/CSU,middle,-1.241491
ID195502100,2018-10-11,11004304.0,CDU/CSU,middle,-0.271196
ID195509700,2018-10-11,11003756.0,Alliance 90/The Greens,middle,-0.103954
ID195508200,2018-10-11,11004018.0,CDU/CSU,middle,-1.191766
ID195608300,2018-10-12,11004261.0,SPD,middle,0.76575
ID195600600,2018-10-12,11003578.0,Alliance 90/The Greens,middle,-0.448368
ID195607100,2018-10-12,11004114.0,The Left Party,left,2.604072
ID195608100,2018-10-12,11004261.0,SPD,middle,1.918921
ID195602500,2018-10-12,11003888.0,Alliance 90/The Greens,middle,0.440542
ID195700600,2018-10-17,11004183.0,The Left Party,left,-1.922072
ID195706900,2018-10-17,11004792.0,AFD,right,0.097053
ID195801200,2018-10-18,11004336.0,CDU/CSU,middle,-0.013208
ID195803000,2018-10-18,11003888.0,Alliance 90/The Greens,middle,1.022106
ID195803200,2018-10-18,11003888.0,Alliance 90/The Greens,middle,1.122042
ID195809600,2018-10-18,11004304.0,CDU/CSU,middle,0.126316
ID195812500,2018-10-18,11004761.0,AFD,right,-0.046372
ID195800900,2018-10-18,11004753.0,AFD,right,0.403259
ID195810100,2018-10-18,11004114.0,The Left Party,left,-0.854706
ID195803300,2018-10-18,11004389.0,SPD,middle,1.228555
ID195808500,2018-10-18,11004336.0,CDU/CSU,middle,-1.114372
ID195804100,2018-10-18,11003756.0,Alliance 90/The Greens,middle,1.584479
ID195903400,2018-10-19,11003756.0,Alliance 90/The Greens,middle,-1.587604
ID196004200,2018-11-07,11004393.0,SPD,middle,-1.560037
ID196007100,2018-11-07,11004798.0,FDP,middle,-0.930115
ID196115000,2018-11-08,11004767.0,AFD,right,-1.480686
ID196107800,2018-11-08,11004389.0,SPD,middle,1.01618
ID196115100,2018-11-08,11004844.0,SPD,middle,-0.645722
ID196112800,2018-11-08,11004114.0,The Left Party,left,-1.710883
ID196118100,2018-11-08,11004454.0,The Left Party,left,-0.324135
ID196100600,2018-11-08,11003578.0,Alliance 90/The Greens,middle,-0.393085
ID196113100,2018-11-08,11004761.0,AFD,right,1.218273
ID196116900,2018-11-08,11004393.0,SPD,middle,-2.175153
ID196200500,2018-11-09,11004454.0,The Left Party,left,0.043316
ID196209200,2018-11-09,11004018.0,CDU/CSU,middle,0.7273
ID196203200,2018-11-09,11004393.0,SPD,middle,0.35522
ID196200100,2018-11-09,11003602.0,CDU/CSU,middle,-0.423295
ID196306100,2018-11-20,11004687.0,AFD,right,0.222509
ID196301600,2018-11-20,11004761.0,AFD,right,-0.684542
ID196304100,2018-11-20,11003602.0,CDU/CSU,middle,-0.515718
ID196302700,2018-11-20,11004726.0,Alliance 90/The Greens,middle,-0.345104
ID196305900,2018-11-20,11004749.0,AFD,right,-0.551947
ID196305100,2018-11-20,11004749.0,AFD,right,-1.131507
ID196404600,2018-11-21,11004018.0,CDU/CSU,middle,0.931688
ID196400500,2018-11-21,11004183.0,The Left Party,left,-0.0
ID196507300,2018-11-22,11004382.0,CDU/CSU,middle,2.249513
ID196503300,2018-11-22,11004304.0,CDU/CSU,middle,0.154411
ID196501300,2018-11-22,11003602.0,CDU/CSU,middle,-0.088732
ID196502400,2018-11-22,11004767.0,AFD,right,-1.20156
ID196501100,2018-11-22,11004454.0,The Left Party,left,0.471082
ID196507900,2018-11-22,11003756.0,Alliance 90/The Greens,middle,1.630258
ID196701900,2018-11-28,11003602.0,CDU/CSU,middle,0.175378
ID196706300,2018-11-28,11003888.0,Alliance 90/The Greens,middle,1.057118
ID196700500,2018-11-28,11003786.0,The Left Party,left,0.360507
ID196701500,2018-11-28,11004261.0,SPD,middle,1.216162
ID196710400,2018-11-28,11004703.0,The Left Party,left,1.863477
ID196704900,2018-11-28,11003578.0,Alliance 90/The Greens,middle,0.389726
ID196709600,2018-11-28,11004908.0,FDP,middle,1.64576
ID196820600,2018-11-29,11004304.0,CDU/CSU,middle,1.888297
ID196801000,2018-11-29,11004910.0,FDP,middle,1.71965
ID196802300,2018-11-29,11004703.0,The Left Party,left,0.343136
ID196817400,2018-11-29,11004844.0,SPD,middle,1.628106
ID196803800,2018-11-29,11004798.0,FDP,middle,-2.024465
ID196818400,2018-11-29,11004454.0,The Left Party,left,-0.492277
ID196802600,2018-11-29,11004114.0,The Left Party,left,1.142982
ID196820100,2018-11-29,11003756.0,Alliance 90/The Greens,middle,0.153668
ID196803000,2018-11-29,11004304.0,CDU/CSU,middle,0.539585
ID196820200,2018-11-29,11004336.0,CDU/CSU,middle,0.851984
ID196901300,2018-11-30,11004389.0,SPD,middle,1.057851
ID196900600,2018-11-30,11003888.0,Alliance 90/The Greens,middle,1.075841
ID196908200,2018-11-30,11004703.0,The Left Party,left,1.778452
ID196904300,2018-11-30,11004393.0,SPD,middle,-1.02668
ID197000800,2018-12-12,11004798.0,FDP,middle,-1.286695
ID197000600,2018-12-12,11004798.0,FDP,middle,-1.719528
ID197004600,2018-12-12,11004749.0,AFD,right,0.169998
ID197002600,2018-12-12,11004798.0,FDP,middle,-1.689187
ID197002800,2018-12-12,11004798.0,FDP,middle,-1.358964
ID197103300,2018-12-13,11004261.0,SPD,middle,2.126874
ID197104300,2018-12-13,11003888.0,Alliance 90/The Greens,middle,0.456122
ID197115000,2018-12-13,11004703.0,The Left Party,left,0.97445
ID197104200,2018-12-13,11003786.0,The Left Party,left,-0.814194
ID197109200,2018-12-13,11004018.0,CDU/CSU,middle,0.715117
ID197100400,2018-12-13,11004798.0,FDP,middle,-1.026759
ID197106600,2018-12-13,11004837.0,The Left Party,left,-1.048206
ID197105900,2018-12-13,11004304.0,CDU/CSU,middle,0.208244
ID197205600,2018-12-14,11004304.0,CDU/CSU,middle,-0.37071
ID197201200,2018-12-14,11004336.0,CDU/CSU,middle,-0.794906
ID197201800,2018-12-14,11003756.0,Alliance 90/The Greens,middle,0.10466
ID197205400,2018-12-14,11004114.0,The Left Party,left,-0.304884
ID197302500,2019-01-16,11003756.0,Alliance 90/The Greens,middle,1.247806
ID197304700,2019-01-16,11004798.0,FDP,middle,-1.480244
ID197301900,2019-01-16,11004798.0,FDP,middle,0.078992
ID197415300,2019-01-17,11004703.0,The Left Party,left,1.608406
ID197413100,2019-01-17,11004726.0,Alliance 90/The Greens,middle,1.332479
ID197413700,2019-01-17,11004703.0,The Left Party,left,0.495168
ID197404900,2019-01-17,11004393.0,SPD,middle,0.068708
ID197407900,2019-01-17,11003888.0,Alliance 90/The Greens,middle,0.273266
ID197400900,2019-01-17,11004261.0,SPD,middle,1.53994
ID197406500,2019-01-17,11004792.0,AFD,right,0.523315
ID197402900,2019-01-17,11004798.0,FDP,middle,-0.709287
ID197505500,2019-01-18,11004393.0,SPD,middle,0.255724
ID197502200,2019-01-18,11004749.0,AFD,right,-2.447412
ID197501200,2019-01-18,11004749.0,AFD,right,-2.085761
ID197503300,2019-01-18,11004942.0,SPD,middle,1.103446
ID197507200,2019-01-18,11004393.0,SPD,middle,0.677633
ID197503700,2019-01-18,11003786.0,The Left Party,left,0.322276
ID197506300,2019-01-18,11003756.0,Alliance 90/The Greens,middle,1.361263
ID197501400,2019-01-18,11004908.0,FDP,middle,-2.550635
ID197506500,2019-01-18,11004753.0,AFD,right,-0.700134
ID197603200,2019-01-30,11003756.0,Alliance 90/The Greens,middle,1.562876
ID197601200,2019-01-30,11003756.0,Alliance 90/The Greens,middle,2.402285
ID197604700,2019-01-30,11004749.0,AFD,right,0.712619
ID197707200,2019-01-31,11004393.0,SPD,middle,0.675669
ID197707000,2019-01-31,11004298.0,CDU/CSU,middle,1.71571
ID197706800,2019-01-31,11004393.0,SPD,middle,-0.011295
ID197701700,2019-01-31,11004798.0,FDP,middle,-1.752146
ID197700200,2019-01-31,11004761.0,AFD,right,-1.889226
ID197807700,2019-02-01,11004798.0,FDP,middle,-1.131466
ID197801700,2019-02-01,11004749.0,AFD,right,-0.426283
ID197801100,2019-02-01,11003756.0,Alliance 90/The Greens,middle,1.40553
ID197801500,2019-02-01,11004908.0,FDP,middle,-0.301798
ID197905500,2019-02-13,11004761.0,AFD,right,-1.137394
ID197906600,2019-02-13,11004298.0,CDU/CSU,middle,-0.511724
ID197902200,2019-02-13,11004837.0,The Left Party,left,-0.492644
ID197903300,2019-02-13,11003756.0,Alliance 90/The Greens,middle,-0.28634
ID198006100,2019-02-14,11004792.0,AFD,right,-0.213487
ID198004200,2019-02-14,11004837.0,The Left Party,left,-1.05962
ID198004900,2019-02-14,11003756.0,Alliance 90/The Greens,middle,-0.647636
ID198003200,2019-02-14,11003888.0,Alliance 90/The Greens,middle,1.207321
ID198013500,2019-02-14,11003578.0,Alliance 90/The Greens,middle,-0.188864
ID198000800,2019-02-14,11004753.0,AFD,right,-1.076827
ID198015400,2019-02-14,11004393.0,SPD,middle,0.816487
ID198005500,2019-02-14,11004393.0,SPD,middle,-0.300835
ID198005700,2019-02-14,11004393.0,SPD,middle,-0.229524
ID198103500,2019-02-15,11004304.0,CDU/CSU,middle,-0.699569
ID198106000,2019-02-15,11004767.0,AFD,right,0.888114
ID198106400,2019-02-15,11004304.0,CDU/CSU,middle,0.274324
ID198106300,2019-02-15,11004114.0,The Left Party,left,1.472459
ID198103600,2019-02-15,11004454.0,The Left Party,left,-0.916947
ID198203800,2019-02-20,11004749.0,AFD,right,-0.885775
ID198206100,2019-02-20,11004798.0,FDP,middle,-2.307006
ID198201600,2019-02-20,11004393.0,SPD,middle,0.630423
ID198308900,2019-02-21,11004703.0,The Left Party,left,0.449589
ID198310600,2019-02-21,11003888.0,Alliance 90/The Greens,middle,0.20508
ID198300500,2019-02-21,11004703.0,The Left Party,left,1.674521
ID198301600,2019-02-21,11004767.0,AFD,right,-1.451691
ID198320400,2019-02-21,11004908.0,FDP,middle,1.595937
ID198316500,2019-02-21,11004871.0,FDP,middle,-0.106941
ID198302700,2019-02-21,11004844.0,SPD,middle,-0.884908
ID198307900,2019-02-21,11004018.0,CDU/CSU,middle,-1.654263
ID198304700,2019-02-21,11003578.0,Alliance 90/The Greens,middle,-0.772279
ID198400600,2019-02-22,11003756.0,Alliance 90/The Greens,middle,3.380755
ID198404700,2019-02-22,11003888.0,Alliance 90/The Greens,middle,0.663338
ID198500600,2019-03-13,11004336.0,CDU/CSU,middle,0.791073
ID198506100,2019-03-13,11004753.0,AFD,right,2.418651
ID198506300,2019-03-13,11004753.0,AFD,right,0.843016
ID198508800,2019-03-13,11004703.0,The Left Party,left,1.085748
ID198509100,2019-03-13,11004304.0,CDU/CSU,middle,-0.037835
ID198501000,2019-03-13,11004910.0,FDP,middle,0.204774
ID198500800,2019-03-13,11004910.0,FDP,middle,-0.062075
ID198612300,2019-03-14,11004114.0,The Left Party,left,-2.310962
ID198618700,2019-03-14,11004304.0,CDU/CSU,middle,0.834069
ID198602000,2019-03-14,11004703.0,The Left Party,left,0.604141
ID198604900,2019-03-14,11004792.0,AFD,right,0.900037
ID198610900,2019-03-14,11004304.0,CDU/CSU,middle,-0.143646
ID198601100,2019-03-14,11004261.0,SPD,middle,1.78735
ID198603400,2019-03-14,11004753.0,AFD,right,-0.770118
ID198609800,2019-03-14,11004726.0,Alliance 90/The Greens,middle,0.874407
ID198610500,2019-03-14,11004767.0,AFD,right,0.170525
ID198615000,2019-03-14,11004749.0,AFD,right,-0.039623
ID198708100,2019-03-15,11004942.0,SPD,middle,-1.550334
ID198703300,2019-03-15,11004114.0,The Left Party,left,-1.243439
ID198700800,2019-03-15,11004753.0,AFD,right,-1.985585
ID198702500,2019-03-15,11004798.0,FDP,middle,-0.478731
ID198801200,2019-03-20,11004018.0,CDU/CSU,middle,-0.331707
ID198807200,2019-03-20,11004726.0,Alliance 90/The Greens,middle,-0.377201
ID198806400,2019-03-20,11004942.0,SPD,middle,1.919715
ID198913100,2019-03-21,11004767.0,AFD,right,0.679126
ID198900600,2019-03-21,11004183.0,The Left Party,left,-2.246957
ID198912000,2019-03-21,11004393.0,SPD,middle,-0.717777
ID198908000,2019-03-21,11004018.0,CDU/CSU,middle,-0.843212
ID198913400,2019-03-21,11004114.0,The Left Party,left,0.321431
ID198901100,2019-03-21,11004798.0,FDP,middle,-2.981543
ID198913700,2019-03-21,11004908.0,FDP,middle,-0.621697
ID198905000,2019-03-21,11003578.0,Alliance 90/The Greens,middle,-0.626418
ID198905300,2019-03-21,11004389.0,SPD,middle,0.128242
ID198915400,2019-03-21,11004792.0,AFD,right,-1.074781
ID199003700,2019-03-22,11004114.0,The Left Party,left,1.080327
ID199000200,2019-03-22,11004753.0,AFD,right,-0.735455
ID199003900,2019-03-22,11004749.0,AFD,right,-1.916399
ID199006700,2019-03-22,11004844.0,SPD,middle,0.712586
ID199006800,2019-03-22,11004336.0,CDU/CSU,middle,0.289737
ID199003600,2019-03-22,11004908.0,FDP,middle,-0.348789
ID199101600,2019-04-03,11004454.0,The Left Party,left,-0.149123
ID199101800,2019-04-03,11004454.0,The Left Party,left,0.103041
ID199101000,2019-04-03,11004454.0,The Left Party,left,0.302661
ID199108300,2019-04-03,11004749.0,AFD,right,-0.345117
ID199211200,2019-04-04,11004304.0,CDU/CSU,middle,-1.358795
ID199205900,2019-04-04,11004298.0,CDU/CSU,middle,0.453114
ID199204400,2019-04-04,11003888.0,Alliance 90/The Greens,middle,-1.074401
ID199206600,2019-04-04,11004393.0,SPD,middle,0.062827
ID199210000,2019-04-04,11004393.0,SPD,middle,1.966946
ID199201100,2019-04-04,11003888.0,Alliance 90/The Greens,middle,-0.928313
ID199211800,2019-04-04,11004393.0,SPD,middle,0.502117
ID199306700,2019-04-05,11004908.0,FDP,middle,0.012493
ID199300600,2019-04-05,11003756.0,Alliance 90/The Greens,middle,0.79609
ID199305800,2019-04-05,11003756.0,Alliance 90/The Greens,middle,1.490829
ID199514000,2019-04-11,11004389.0,SPD,middle,0.349465
ID199510000,2019-04-11,11004837.0,The Left Party,left,-1.068018
ID199511500,2019-04-11,11004393.0,SPD,middle,0.638587
ID199501400,2019-04-11,11004261.0,SPD,middle,2.79679
ID199502200,2019-04-11,11003578.0,Alliance 90/The Greens,middle,1.213806
ID199502900,2019-04-11,11004942.0,SPD,middle,1.512014
ID199506400,2019-04-11,11004261.0,SPD,middle,0.10339
ID199509400,2019-04-11,11004018.0,CDU/CSU,middle,-0.364117
ID199513800,2019-04-11,11003888.0,Alliance 90/The Greens,middle,0.20144
ID199515400,2019-04-11,11004114.0,The Left Party,left,0.983815
ID199602700,2019-04-12,11004753.0,AFD,right,0.440435
ID199605300,2019-04-12,11004304.0,CDU/CSU,middle,-0.279494
ID199602400,2019-04-12,11004114.0,The Left Party,left,0.188335
ID199601000,2019-04-12,11004798.0,FDP,middle,-1.948579
ID199602100,2019-04-12,11004336.0,CDU/CSU,middle,1.611832
ID199708000,2019-05-08,11004183.0,The Left Party,left,-1.375996
ID199700200,2019-05-08,11004792.0,AFD,right,3.274963
ID199700400,2019-05-08,11004792.0,AFD,right,1.111273
ID199809200,2019-05-09,11004871.0,FDP,middle,0.096836
ID199816700,2019-05-09,11004767.0,AFD,right,1.648406
ID199817300,2019-05-09,11004304.0,CDU/CSU,middle,0.985148
ID199802100,2019-05-09,11004393.0,SPD,middle,0.068387
ID199804500,2019-05-09,11004393.0,SPD,middle,0.500103
ID199805800,2019-05-09,11004792.0,AFD,right,-0.558445
ID199804000,2019-05-09,11004018.0,CDU/CSU,middle,0.529981
ID199905800,2019-05-10,11004393.0,SPD,middle,-0.501683
ID199903500,2019-05-10,11003578.0,Alliance 90/The Greens,middle,-0.089879
ID1910001200,2019-05-15,11004910.0,FDP,middle,-0.437946
ID1910009200,2019-05-15,11004798.0,FDP,middle,-1.707337
ID1910001000,2019-05-15,11004910.0,FDP,middle,1.872636
ID1910004800,2019-05-15,11004753.0,AFD,right,0.423887
ID1910005000,2019-05-15,11004753.0,AFD,right,-1.292961
ID1910004600,2019-05-15,11003756.0,Alliance 90/The Greens,middle,2.767897
ID1910005400,2019-05-15,11003756.0,Alliance 90/The Greens,middle,2.468435
ID1910004400,2019-05-15,11003756.0,Alliance 90/The Greens,middle,3.181909
ID1910007400,2019-05-15,11003756.0,Alliance 90/The Greens,middle,1.840111
ID1910007200,2019-05-15,11004792.0,AFD,right,0.258738
ID1910115500,2019-05-16,11004304.0,CDU/CSU,middle,-0.151755
ID1910107600,2019-05-16,11003756.0,Alliance 90/The Greens,middle,1.127598
ID1910104800,2019-05-16,11004761.0,AFD,right,-0.166748
ID1910117000,2019-05-16,11004798.0,FDP,middle,-1.511146
ID1910108200,2019-05-16,11004942.0,SPD,middle,1.019046
ID1910116500,2019-05-16,11003888.0,Alliance 90/The Greens,middle,1.520611
ID1910113400,2019-05-16,11004767.0,AFD,right,-0.371964
ID1910117800,2019-05-16,11004304.0,CDU/CSU,middle,0.288449
ID1910115100,2019-05-16,11004304.0,CDU/CSU,middle,1.429579
ID1910102900,2019-05-16,11004389.0,SPD,middle,-0.281414
ID1910107900,2019-05-16,11004910.0,FDP,middle,2.162288
ID1910101100,2019-05-16,11004114.0,The Left Party,left,-0.797325
ID1910106300,2019-05-16,11003578.0,Alliance 90/The Greens,middle,-0.466618
ID1910104300,2019-05-16,11004908.0,FDP,middle,-1.40703
ID1910112200,2019-05-16,11004703.0,The Left Party,left,-1.126956
ID1910201500,2019-05-17,11004749.0,AFD,right,-0.800372
ID1910200300,2019-05-17,11004393.0,SPD,middle,0.620708
ID1910209200,2019-05-17,11003756.0,Alliance 90/The Greens,middle,-0.667912
ID1910209000,2019-05-17,11004753.0,AFD,right,-1.567984
ID1910306400,2019-06-05,11004798.0,FDP,middle,-1.198728
ID1910302400,2019-06-05,11004798.0,FDP,middle,-1.89548
ID1910302600,2019-06-05,11004798.0,FDP,middle,-1.055872
ID1910306200,2019-06-05,11004798.0,FDP,middle,-0.131488
ID1910408000,2019-06-06,11004908.0,FDP,middle,-1.976773
ID1910409600,2019-06-06,11004018.0,CDU/CSU,middle,-0.30274
ID1910417500,2019-06-06,11004261.0,SPD,middle,2.77092
ID1910406100,2019-06-06,11004298.0,CDU/CSU,middle,-0.146854
ID1910412600,2019-06-06,11004393.0,SPD,middle,0.096161
ID1910406300,2019-06-06,11004393.0,SPD,middle,-0.51141
ID1910419100,2019-06-06,11004304.0,CDU/CSU,middle,2.675419
ID1910411000,2019-06-06,11003578.0,Alliance 90/The Greens,middle,1.186889
ID1910409800,2019-06-06,11004749.0,AFD,right,-1.065307
ID1910503700,2019-06-07,11004304.0,CDU/CSU,middle,-1.953398
ID1910507900,2019-06-07,11003888.0,Alliance 90/The Greens,middle,0.178082
ID1910505900,2019-06-07,11004389.0,SPD,middle,-0.580106
ID1910507700,2019-06-07,11004389.0,SPD,middle,0.654785
ID1910510100,2019-06-07,11004393.0,SPD,middle,2.100245
ID1910508800,2019-06-07,11003756.0,Alliance 90/The Greens,middle,2.529185
ID1910504900,2019-06-07,11004298.0,CDU/CSU,middle,2.31719
ID1910601000,2019-06-26,11004910.0,FDP,middle,0.974965
ID1910601200,2019-06-26,11004910.0,FDP,middle,1.120956
ID1910609800,2019-06-26,11004761.0,AFD,right,-1.029306
ID1910607900,2019-06-26,11004261.0,SPD,middle,1.061817
ID1910604800,2019-06-26,11004393.0,SPD,middle,0.101935
ID1910607200,2019-06-26,11003602.0,CDU/CSU,middle,0.40428
ID1910604600,2019-06-26,11004393.0,SPD,middle,-0.140402
ID1910609400,2019-06-26,11004114.0,The Left Party,left,0.644675
ID1910720500,2019-06-27,11004114.0,The Left Party,left,2.717487
ID1910704200,2019-06-27,11004726.0,Alliance 90/The Greens,middle,0.717064
ID1910711200,2019-06-27,11004703.0,The Left Party,left,2.824214
ID1910721100,2019-06-27,11004393.0,SPD,middle,2.9946
ID1910705600,2019-06-27,11004749.0,AFD,right,-3.272609
ID1910720100,2019-06-27,11004304.0,CDU/CSU,middle,2.516486
ID1910712100,2019-06-27,11004304.0,CDU/CSU,middle,-0.536279
ID1910715800,2019-06-27,11003756.0,Alliance 90/The Greens,middle,-0.648467
ID1910717600,2019-06-27,11004304.0,CDU/CSU,middle,1.55476
ID1910808600,2019-06-28,11004908.0,FDP,middle,-0.788043
ID1910801300,2019-06-28,11004871.0,FDP,middle,-0.185746
ID1910804900,2019-06-28,11004393.0,SPD,middle,0.030019
ID1910901200,2019-07-24,11004018.0,CDU/CSU,middle,-0.701895
ID1911003700,2019-09-10,11003602.0,CDU/CSU,middle,-0.231197
ID1911105300,2019-09-11,11004018.0,CDU/CSU,middle,-0.539293
ID1911101000,2019-09-11,11004703.0,The Left Party,left,1.338581
ID1911202900,2019-09-12,11004114.0,The Left Party,left,0.029996
ID1911207400,2019-09-12,11003756.0,Alliance 90/The Greens,middle,1.009183
ID1911207200,2019-09-12,11004910.0,FDP,middle,1.297734
ID1911207600,2019-09-12,11004753.0,AFD,right,0.940076
ID1911204600,2019-09-12,11004726.0,Alliance 90/The Greens,middle,-0.498181
ID1911208500,2019-09-12,11004382.0,CDU/CSU,middle,1.917175
ID1911200800,2019-09-12,11004687.0,AFD,right,1.637199
ID1911303000,2019-09-13,11003602.0,CDU/CSU,middle,0.279573
ID1911301300,2019-09-13,11003786.0,The Left Party,left,-1.328641
ID1911302000,2019-09-13,11004261.0,SPD,middle,0.526978
ID1911407800,2019-09-25,11004798.0,FDP,middle,-2.193791
ID1911517500,2019-09-26,11004767.0,AFD,right,0.520758
ID1911514900,2019-09-26,11003888.0,Alliance 90/The Greens,middle,0.346414
ID1911508800,2019-09-26,11004749.0,AFD,right,-2.580898
ID1911510200,2019-09-26,11004798.0,FDP,middle,-0.673079
ID1911514300,2019-09-26,11004454.0,The Left Party,left,2.048286
ID1911518100,2019-09-26,11004908.0,FDP,middle,-1.495334
ID1911505100,2019-09-26,11004393.0,SPD,middle,0.379115
ID1911511300,2019-09-26,11004018.0,CDU/CSU,middle,-0.808057
ID1911500700,2019-09-26,11004183.0,The Left Party,left,-1.11013
ID1911508400,2019-09-26,11004749.0,AFD,right,-2.103317
ID1911521500,2019-09-26,11004261.0,SPD,middle,1.652428
ID1911521000,2019-09-26,11004304.0,CDU/CSU,middle,1.471096
ID1911520100,2019-09-26,11004261.0,SPD,middle,2.814398
ID1911601900,2019-09-27,11003888.0,Alliance 90/The Greens,middle,-0.056701
ID1911602800,2019-09-27,11004761.0,AFD,right,-1.396258
ID1911600500,2019-09-27,11004454.0,The Left Party,left,0.0607
ID1911604400,2019-09-27,11003578.0,Alliance 90/The Greens,middle,-0.24811
ID1911602200,2019-09-27,11004389.0,SPD,middle,0.281203
ID1911607800,2019-09-27,11004261.0,SPD,middle,1.588016
ID1911700200,2019-10-16,11004792.0,AFD,right,0.030557
ID1911704000,2019-10-16,11004703.0,The Left Party,left,0.241181
ID1911703800,2019-10-16,11004703.0,The Left Party,left,1.234968
ID1911700400,2019-10-16,11004792.0,AFD,right,-1.832253
ID1911707200,2019-10-16,11004798.0,FDP,middle,-1.770155
ID1911705000,2019-10-16,11004792.0,AFD,right,-1.39148
ID1911803400,2019-10-17,11004792.0,AFD,right,1.336812
ID1911804000,2019-10-17,11004298.0,CDU/CSU,middle,-0.633698
ID1911818800,2019-10-17,11004942.0,SPD,middle,3.338266
ID1911816700,2019-10-17,11004908.0,FDP,middle,-0.383542
ID1911814100,2019-10-17,11004304.0,CDU/CSU,middle,1.20974
ID1911820200,2019-10-17,11004114.0,The Left Party,left,2.396815
ID1911814200,2019-10-17,11004910.0,FDP,middle,2.423261
ID1911806300,2019-10-17,11003578.0,Alliance 90/The Greens,middle,-0.769664
ID1911821200,2019-10-17,11004304.0,CDU/CSU,middle,2.029485
ID1911820700,2019-10-17,11004304.0,CDU/CSU,middle,2.445928
ID1911820400,2019-10-17,11004018.0,CDU/CSU,middle,1.37937
ID1911814800,2019-10-17,11004749.0,AFD,right,-0.898773
ID1911813700,2019-10-17,11004114.0,The Left Party,left,0.630702
ID1911906300,2019-10-18,11004908.0,FDP,middle,-1.380564
ID1911908200,2019-10-18,11004908.0,FDP,middle,-0.706902
ID1911901800,2019-10-18,11004703.0,The Left Party,left,3.108369
ID1911907100,2019-10-18,11004261.0,SPD,middle,2.054116
ID1912002600,2019-10-23,11004792.0,AFD,right,-1.072135
ID1912005700,2019-10-23,11004908.0,FDP,middle,0.817655
ID1912004900,2019-10-23,11004792.0,AFD,right,-1.689649
ID1912005900,2019-10-23,11004908.0,FDP,middle,1.66044
ID1912005300,2019-10-23,11004749.0,AFD,right,-0.78108
ID1912000400,2019-10-23,11004749.0,AFD,right,-0.066531
ID1912000200,2019-10-23,11004749.0,AFD,right,0.608015
ID1912119200,2019-10-24,11003578.0,Alliance 90/The Greens,middle,2.480686
ID1912113700,2019-10-24,11004454.0,The Left Party,left,-0.048829
ID1912114700,2019-10-24,11003756.0,Alliance 90/The Greens,middle,0.753438
ID1912101700,2019-10-24,11003888.0,Alliance 90/The Greens,middle,0.067034
ID1912102700,2019-10-24,11004753.0,AFD,right,-0.042325
ID1912208900,2019-10-25,11004393.0,SPD,middle,1.006329
ID1912208500,2019-10-25,11004304.0,CDU/CSU,middle,-0.536438
ID1912202900,2019-10-25,11004393.0,SPD,middle,-0.056087
ID1912200900,2019-10-25,11003602.0,CDU/CSU,middle,-1.383499
ID1912207000,2019-10-25,11004753.0,AFD,right,-2.218485
ID1912207700,2019-10-25,11004336.0,CDU/CSU,middle,-1.426642
ID1912301400,2019-11-06,11004798.0,FDP,middle,-0.994916
ID1912306000,2019-11-06,11004792.0,AFD,right,-0.497556
ID1912306200,2019-11-06,11004792.0,AFD,right,-1.163151
ID1912305400,2019-11-06,11004837.0,The Left Party,left,-0.178933
ID1912301600,2019-11-06,11004798.0,FDP,middle,-2.067835
ID1912420100,2019-11-07,11004298.0,CDU/CSU,middle,0.889436
ID1912411500,2019-11-07,11004298.0,CDU/CSU,middle,0.509655
ID1912415300,2019-11-07,11004767.0,AFD,right,-1.147058
ID1912402800,2019-11-07,11003786.0,The Left Party,left,-0.82558
ID1912406700,2019-11-07,11004261.0,SPD,middle,3.478507
ID1912413800,2019-11-07,11004261.0,SPD,middle,0.695998
ID1912403800,2019-11-07,11004389.0,SPD,middle,0.769919
ID1912402400,2019-11-07,11004942.0,SPD,middle,1.940194
ID1912401700,2019-11-07,11004753.0,AFD,right,1.884616
ID1912404500,2019-11-07,11004767.0,AFD,right,0.337961
ID1912413000,2019-11-07,11004798.0,FDP,middle,-2.324415
ID1912504800,2019-11-08,11004261.0,SPD,middle,0.892485
ID1912500800,2019-11-08,11004761.0,AFD,right,-2.831237
ID1912507700,2019-11-08,11004942.0,SPD,middle,1.565244
ID1912509900,2019-11-08,11004749.0,AFD,right,-2.212055
ID1912502500,2019-11-08,11004393.0,SPD,middle,0.101283
ID1912605400,2019-11-13,11004761.0,AFD,right,-0.459885
ID1912607900,2019-11-13,11003578.0,Alliance 90/The Greens,middle,-2.098258
ID1912608200,2019-11-13,11004792.0,AFD,right,1.826303
ID1912601200,2019-11-13,11004393.0,SPD,middle,-0.766708
ID1912601000,2019-11-13,11004393.0,SPD,middle,-0.560837
ID1912605600,2019-11-13,11004761.0,AFD,right,-0.310897
ID1912717300,2019-11-14,11004844.0,SPD,middle,0.538355
ID1912708500,2019-11-14,11004767.0,AFD,right,0.485656
ID1912707300,2019-11-14,11004304.0,CDU/CSU,middle,2.260514
ID1912703700,2019-11-14,11003602.0,CDU/CSU,middle,0.448216
ID1912704500,2019-11-14,11003786.0,The Left Party,left,-0.325555
ID1912709300,2019-11-14,11004304.0,CDU/CSU,middle,1.281128
ID1912705100,2019-11-14,11004389.0,SPD,middle,-0.457781
ID1912715400,2019-11-14,11004393.0,SPD,middle,1.192531
ID1912716000,2019-11-14,11003756.0,Alliance 90/The Greens,middle,0.312019
ID1912706300,2019-11-14,11004389.0,SPD,middle,0.131607
ID1912712800,2019-11-14,11004703.0,The Left Party,left,-0.139359
ID1912718600,2019-11-14,11004837.0,The Left Party,left,0.041734
ID1912705300,2019-11-14,11004792.0,AFD,right,-0.354591
ID1912715900,2019-11-14,11004726.0,Alliance 90/The Greens,middle,1.439382
ID1912707000,2019-11-14,11004114.0,The Left Party,left,0.40303
ID1912703800,2019-11-14,11004261.0,SPD,middle,2.270217
ID1912717200,2019-11-14,11004336.0,CDU/CSU,middle,1.715348
ID1912803000,2019-11-15,11004798.0,FDP,middle,-2.266602
ID1912805600,2019-11-15,11004908.0,FDP,middle,-0.656842
ID1912803700,2019-11-15,11004114.0,The Left Party,left,1.051221
ID1912806100,2019-11-15,11004298.0,CDU/CSU,middle,1.445303
ID1912808800,2019-11-15,11004298.0,CDU/CSU,middle,2.62129
ID1912800300,2019-11-15,11003602.0,CDU/CSU,middle,-0.536494
ID1912808600,2019-11-15,11004703.0,The Left Party,left,2.113368
ID1912804500,2019-11-15,11003888.0,Alliance 90/The Greens,middle,0.130704
ID1912904300,2019-11-26,11004792.0,AFD,right,0.94397
ID1912908000,2019-11-26,11004393.0,SPD,middle,0.248256
ID1912903500,2019-11-26,11004393.0,SPD,middle,-0.305556
ID1913002900,2019-11-27,11004798.0,FDP,middle,-1.249116
ID1913004400,2019-11-27,11004018.0,CDU/CSU,middle,1.010542
ID1913100800,2019-11-28,11004749.0,AFD,right,-1.953717
ID1913103400,2019-11-28,11004304.0,CDU/CSU,middle,-0.385559
ID1913108100,2019-11-28,11004687.0,AFD,right,1.652349
ID1913107500,2019-11-28,11004382.0,CDU/CSU,middle,2.211547
ID1913107200,2019-11-28,11004844.0,SPD,middle,0.852121
ID1913100100,2019-11-28,11004687.0,AFD,right,1.571774
ID1913103000,2019-11-28,11004114.0,The Left Party,left,0.985351
ID1913200600,2019-11-29,11003578.0,Alliance 90/The Greens,middle,-1.112376
ID1913307100,2019-12-11,11003578.0,Alliance 90/The Greens,middle,-0.303254
ID1913310600,2019-12-11,11004942.0,SPD,middle,0.752784
ID1913305800,2019-12-11,11004114.0,The Left Party,left,1.597909
ID1913304800,2019-12-11,11004767.0,AFD,right,0.20105
ID1913312000,2019-12-11,11004018.0,CDU/CSU,middle,0.629876
ID1913311500,2019-12-11,11004871.0,FDP,middle,0.653901
ID1913310300,2019-12-11,11004910.0,FDP,middle,1.446675
ID1913306000,2019-12-11,11004114.0,The Left Party,left,2.631498
ID1913400500,2019-12-12,11004837.0,The Left Party,left,-0.378404
ID1913407900,2019-12-12,11004389.0,SPD,middle,0.219623
ID1913412600,2019-12-12,11004304.0,CDU/CSU,middle,0.649462
ID1913412500,2019-12-12,11004114.0,The Left Party,left,0.370685
ID1913411100,2019-12-12,11004304.0,CDU/CSU,middle,0.21002
ID1913406500,2019-12-12,11004261.0,SPD,middle,0.388135
ID1913409000,2019-12-12,11004261.0,SPD,middle,2.068765
ID1913401200,2019-12-12,11003756.0,Alliance 90/The Greens,middle,-1.338593
ID1913407700,2019-12-12,11003578.0,Alliance 90/The Greens,middle,-0.442305
ID1913406800,2019-12-12,11003578.0,Alliance 90/The Greens,middle,-0.806527
ID1913410500,2019-12-12,11004767.0,AFD,right,1.235738
ID1913401400,2019-12-12,11004844.0,SPD,middle,-0.202902
ID1913413300,2019-12-12,11004114.0,The Left Party,left,-0.534969
ID1913502700,2019-12-13,11004749.0,AFD,right,-0.434618
ID1913504100,2019-12-13,11004792.0,AFD,right,-0.034212
ID1913507300,2019-12-13,11004837.0,The Left Party,left,-1.402629
ID1913506900,2019-12-13,11003888.0,Alliance 90/The Greens,middle,2.056091
ID1913612100,2019-12-18,11004389.0,SPD,middle,0.315566
ID1913613000,2019-12-18,11004837.0,The Left Party,left,1.527178
ID1913610900,2019-12-18,11004336.0,CDU/CSU,middle,0.397135
ID1913608400,2019-12-18,11004114.0,The Left Party,left,0.823001
ID1913712900,2019-12-19,11004761.0,AFD,right,0.463974
ID1913701700,2019-12-19,11004908.0,FDP,middle,-0.600886
ID1913703600,2019-12-19,11004018.0,CDU/CSU,middle,-1.233402
ID1913707600,2019-12-19,11004304.0,CDU/CSU,middle,-1.143179
ID1913706000,2019-12-19,11004792.0,AFD,right,-0.291148
ID1913712500,2019-12-19,11003756.0,Alliance 90/The Greens,middle,0.121955
ID1913706100,2019-12-19,11003602.0,CDU/CSU,middle,-1.783583
ID1913703000,2019-12-19,11004908.0,FDP,middle,-0.511974
ID1913715100,2019-12-19,11004798.0,FDP,middle,-1.799777
ID1913802800,2019-12-20,11003888.0,Alliance 90/The Greens,middle,-1.279658
ID1913800500,2019-12-20,11004703.0,The Left Party,left,1.990408
ID1913902200,2020-01-15,11003888.0,Alliance 90/The Greens,middle,0.122968
ID1913902000,2020-01-15,11003888.0,Alliance 90/The Greens,middle,0.124384
ID1913911800,2020-01-15,11004393.0,SPD,middle,-0.612835
ID1913906900,2020-01-15,11004798.0,FDP,middle,-2.278868
ID1913901400,2020-01-15,11004389.0,SPD,middle,1.541922
ID1913901200,2020-01-15,11004389.0,SPD,middle,0.623676
ID1913908500,2020-01-15,11004767.0,AFD,right,-1.485314
ID1914009800,2020-01-16,11004753.0,AFD,right,-1.40398
ID1914006000,2020-01-16,11004749.0,AFD,right,-2.332481
ID1914010500,2020-01-16,11004336.0,CDU/CSU,middle,-0.16676
ID1914012200,2020-01-16,11004018.0,CDU/CSU,middle,-2.089872
ID1914000800,2020-01-16,11003602.0,CDU/CSU,middle,0.652964
ID1914014800,2020-01-16,11004753.0,AFD,right,-0.780642
ID1914010100,2020-01-16,11004844.0,SPD,middle,-1.017678
ID1914009900,2020-01-16,11004844.0,SPD,middle,-1.113479
ID1914008500,2020-01-16,11004703.0,The Left Party,left,0.227472
ID1914004200,2020-01-16,11004726.0,Alliance 90/The Greens,middle,1.523937
ID1914002000,2020-01-16,11004910.0,FDP,middle,-0.627496
ID1914008700,2020-01-16,11004304.0,CDU/CSU,middle,0.062813
ID1914013300,2020-01-16,11004261.0,SPD,middle,0.877477
ID1914100500,2020-01-17,11004114.0,The Left Party,left,0.757881
ID1914104200,2020-01-17,11004298.0,CDU/CSU,middle,-0.919544
ID1914100900,2020-01-17,11004304.0,CDU/CSU,middle,-0.597932
ID1914101100,2020-01-17,11003602.0,CDU/CSU,middle,-0.395091
ID1914105400,2020-01-17,11004726.0,Alliance 90/The Greens,middle,0.039659
ID1914205000,2020-01-29,11004798.0,FDP,middle,-1.070427
ID1914208400,2020-01-29,11004798.0,FDP,middle,-1.391113
ID1914209600,2020-01-29,11004393.0,SPD,middle,0.480708
ID1914201800,2020-01-29,11004798.0,FDP,middle,-1.424058
ID1914215500,2020-01-29,11004910.0,FDP,middle,-0.044484
ID1914209400,2020-01-29,11004393.0,SPD,middle,2.135677
ID1914204800,2020-01-29,11004798.0,FDP,middle,0.182251
ID1914301500,2020-01-30,11004393.0,SPD,middle,0.091833
ID1914302500,2020-01-30,11004908.0,FDP,middle,1.053874
ID1914306000,2020-01-30,11004798.0,FDP,middle,-2.059643
ID1914306800,2020-01-30,11004753.0,AFD,right,-1.384011
ID1914300900,2020-01-30,11004761.0,AFD,right,-1.170154
ID1914310000,2020-01-30,11004304.0,CDU/CSU,middle,-0.577626
ID1914303600,2020-01-30,11004726.0,Alliance 90/The Greens,middle,0.290253
ID1914403100,2020-01-31,11004761.0,AFD,right,0.790503
ID1914404600,2020-01-31,11004389.0,SPD,middle,0.598903
ID1914404100,2020-01-31,11004393.0,SPD,middle,1.16268
ID1914402500,2020-01-31,11004393.0,SPD,middle,0.503221
ID1914406200,2020-01-31,11003888.0,Alliance 90/The Greens,middle,-0.07369
ID1914511600,2020-02-12,11004871.0,FDP,middle,-0.427195
ID1914608100,2020-02-13,11004389.0,SPD,middle,0.702223
ID1914601400,2020-02-13,11004749.0,AFD,right,-1.40678
ID1914607600,2020-02-13,11004261.0,SPD,middle,2.361483
ID1914613200,2020-02-13,11003756.0,Alliance 90/The Greens,middle,0.801692
ID1914608300,2020-02-13,11003578.0,Alliance 90/The Greens,middle,0.274078
ID1914612300,2020-02-13,11004018.0,CDU/CSU,middle,-2.512381
ID1914706100,2020-02-14,11004792.0,AFD,right,2.335954
ID1914701900,2020-02-14,11004910.0,FDP,middle,0.60155
ID1914705700,2020-02-14,11004703.0,The Left Party,left,1.783022
ID1914706500,2020-02-14,11004792.0,AFD,right,2.752945
ID1914702100,2020-02-14,11004761.0,AFD,right,-0.194517
ID1914707500,2020-02-14,11003756.0,Alliance 90/The Greens,middle,1.911799
ID1914811700,2020-03-04,11004382.0,CDU/CSU,middle,-1.191103
ID1914809600,2020-03-04,11004908.0,FDP,middle,-2.260523
ID1914810200,2020-03-04,11004761.0,AFD,right,1.39962
ID1914800500,2020-03-04,11003602.0,CDU/CSU,middle,-0.224492
ID1914800800,2020-03-04,11004261.0,SPD,middle,2.444746
ID1914808200,2020-03-04,11003756.0,Alliance 90/The Greens,middle,-0.340191
ID1914808800,2020-03-04,11004798.0,FDP,middle,0.426755
ID1914912400,2020-03-05,11003756.0,Alliance 90/The Greens,middle,-1.518292
ID1914904400,2020-03-05,11004298.0,CDU/CSU,middle,-1.067572
ID1914904200,2020-03-05,11004298.0,CDU/CSU,middle,0.693471
ID1914911200,2020-03-05,11004749.0,AFD,right,0.333864
ID1914906200,2020-03-05,11004798.0,FDP,middle,-1.674926
ID1914908100,2020-03-05,11004336.0,CDU/CSU,middle,-0.045297
ID1914913300,2020-03-05,11004304.0,CDU/CSU,middle,-0.744547
ID1914907900,2020-03-05,11004942.0,SPD,middle,1.05313
ID1914904800,2020-03-05,11004393.0,SPD,middle,-0.549194
ID1914909100,2020-03-05,11004261.0,SPD,middle,3.140831
ID1915005700,2020-03-06,11004871.0,FDP,middle,0.53114
ID1915000900,2020-03-06,11004844.0,SPD,middle,-0.708348
ID1915009000,2020-03-06,11004389.0,SPD,middle,0.219281
ID1915005000,2020-03-06,11004393.0,SPD,middle,-0.694743
ID1915008700,2020-03-06,11003888.0,Alliance 90/The Greens,middle,1.075769
ID1915001600,2020-03-06,11004336.0,CDU/CSU,middle,0.104586
ID1915004000,2020-03-06,11004393.0,SPD,middle,0.458342
ID1915009900,2020-03-06,11003786.0,The Left Party,left,-1.725593
ID1915108200,2020-03-11,11004844.0,SPD,middle,-0.507473
ID1915110200,2020-03-11,11004753.0,AFD,right,1.299793
ID1915107400,2020-03-11,11004908.0,FDP,middle,-1.374669
ID1915209300,2020-03-12,11004298.0,CDU/CSU,middle,0.582205
ID1915207000,2020-03-12,11004726.0,Alliance 90/The Greens,middle,0.471422
ID1915202900,2020-03-12,11004871.0,FDP,middle,-0.59418
ID1915209000,2020-03-12,11004389.0,SPD,middle,1.009051
ID1915203400,2020-03-12,11004018.0,CDU/CSU,middle,-0.533905
ID1915202300,2020-03-12,11004908.0,FDP,middle,-1.668875
ID1915209900,2020-03-12,11004792.0,AFD,right,-1.01271
ID1915207700,2020-03-12,11004114.0,The Left Party,left,1.327315
ID1915209700,2020-03-12,11004792.0,AFD,right,-1.172793
ID1915301600,2020-03-13,11004761.0,AFD,right,0.122321
ID1915302400,2020-03-13,11003602.0,CDU/CSU,middle,-0.308613
ID1915304500,2020-03-13,11004018.0,CDU/CSU,middle,0.103171
ID1915304700,2020-03-13,11004018.0,CDU/CSU,middle,-0.560301
ID1915306400,2020-03-13,11004749.0,AFD,right,0.774736
ID1915300600,2020-03-13,11003888.0,Alliance 90/The Greens,middle,0.764694
ID1915405200,2020-03-25,11004018.0,CDU/CSU,middle,-0.531008
ID1915406900,2020-03-25,11004871.0,FDP,middle,0.753482
ID1915403500,2020-03-25,11003602.0,CDU/CSU,middle,-0.631305
ID1915407100,2020-03-25,11004792.0,AFD,right,-1.702884
ID1915402400,2020-03-25,11004018.0,CDU/CSU,middle,-0.912521
ID1915403200,2020-03-25,11004767.0,AFD,right,-0.532882
ID1915503000,2020-04-22,11004942.0,SPD,middle,0.729184
ID1915501800,2020-04-22,11004726.0,Alliance 90/The Greens,middle,0.651298
ID1915502000,2020-04-22,11004726.0,Alliance 90/The Greens,middle,0.695899
ID1915502800,2020-04-22,11004942.0,SPD,middle,2.038394
ID1915511400,2020-04-22,11003756.0,Alliance 90/The Greens,middle,-0.321445
ID1915508500,2020-04-22,11003888.0,Alliance 90/The Greens,middle,0.788292
ID1915605500,2020-04-23,11004393.0,SPD,middle,-1.53029
ID1915606800,2020-04-23,11004761.0,AFD,right,1.331107
ID1915603700,2020-04-23,11004798.0,FDP,middle,-1.73372
ID1915601600,2020-04-23,11003602.0,CDU/CSU,middle,-0.58756
ID1915606500,2020-04-23,11004389.0,SPD,middle,0.779858
ID1915606400,2020-04-23,11003888.0,Alliance 90/The Greens,middle,1.242963
ID1915701800,2020-05-06,11004393.0,SPD,middle,-0.35549
ID1915702000,2020-05-06,11004393.0,SPD,middle,0.105264
ID1915712100,2020-05-06,11004393.0,SPD,middle,-0.0761
ID1915702400,2020-05-06,11004792.0,AFD,right,-0.233109
ID1915701000,2020-05-06,11004792.0,AFD,right,1.924817
ID1915710600,2020-05-06,11004871.0,FDP,middle,0.162784
ID1915711500,2020-05-06,11004114.0,The Left Party,left,0.554121
ID1915700200,2020-05-06,11004792.0,AFD,right,1.393548
ID1915709600,2020-05-06,11004753.0,AFD,right,-1.063563
ID1915700400,2020-05-06,11004792.0,AFD,right,-0.46572
ID1915711800,2020-05-06,11004304.0,CDU/CSU,middle,-0.353049
ID1915801500,2020-05-07,11004336.0,CDU/CSU,middle,-0.843198
ID1915803000,2020-05-07,11004114.0,The Left Party,left,-2.712929
ID1915808600,2020-05-07,11004761.0,AFD,right,-1.253334
ID1915800600,2020-05-07,11003756.0,Alliance 90/The Greens,middle,-0.638008
ID1915802900,2020-05-07,11004908.0,FDP,middle,-2.06133
ID1915803900,2020-05-07,11003602.0,CDU/CSU,middle,-1.190355
ID1915809600,2020-05-07,11003786.0,The Left Party,left,0.200943
ID1915911000,2020-05-13,11004018.0,CDU/CSU,middle,-1.528255
ID1915912600,2020-05-13,11004837.0,The Left Party,left,-2.496097
ID1915911600,2020-05-13,11004454.0,The Left Party,left,-0.615594
ID1916000300,2020-05-14,11004261.0,SPD,middle,1.352693
ID1916009200,2020-05-14,11003578.0,Alliance 90/The Greens,middle,-0.492277
ID1916011100,2020-05-14,11004304.0,CDU/CSU,middle,-0.169479
ID1916018400,2020-05-14,11004304.0,CDU/CSU,middle,-2.205917
ID1916008200,2020-05-14,11004871.0,FDP,middle,-0.666191
ID1916001400,2020-05-14,11003786.0,The Left Party,left,-1.01909
ID1916002600,2020-05-14,11004798.0,FDP,middle,-2.359874
ID1916015200,2020-05-14,11004393.0,SPD,middle,-0.528496
ID1916012200,2020-05-14,11004798.0,FDP,middle,0.060813
ID1916015800,2020-05-14,11004767.0,AFD,right,-1.5451
ID1916016100,2020-05-14,11004114.0,The Left Party,left,-2.711906
ID1916110200,2020-05-15,11004261.0,SPD,middle,0.515025
ID1916102400,2020-05-15,11004726.0,Alliance 90/The Greens,middle,-1.017695
ID1916108500,2020-05-15,11004837.0,The Left Party,left,0.250644
ID1916103300,2020-05-15,11003578.0,Alliance 90/The Greens,middle,-0.797582
ID1916108100,2020-05-15,11004844.0,SPD,middle,1.235832
ID1916105200,2020-05-15,11004454.0,The Left Party,left,-0.770051
ID1916209800,2020-05-27,11004454.0,The Left Party,left,0.882336
ID1916304300,2020-05-28,11003578.0,Alliance 90/The Greens,middle,0.594243
ID1916308300,2020-05-28,11004336.0,CDU/CSU,middle,2.077399
ID1916305000,2020-05-28,11004798.0,FDP,middle,0.622487
ID1916307200,2020-05-28,11004908.0,FDP,middle,-0.279679
ID1916309900,2020-05-28,11003578.0,Alliance 90/The Greens,middle,-0.736073
ID1916409400,2020-05-29,11004753.0,AFD,right,-0.772923
ID1916405400,2020-05-29,11004792.0,AFD,right,-1.59284
ID1916402300,2020-05-29,11004018.0,CDU/CSU,middle,0.047361
ID1916406800,2020-05-29,11004908.0,FDP,middle,0.977713
ID1916406300,2020-05-29,11003888.0,Alliance 90/The Greens,middle,0.090947
ID1916408800,2020-05-29,11004114.0,The Left Party,left,0.04056
ID1916508900,2020-06-17,11004871.0,FDP,middle,-1.368004
ID1916513200,2020-06-17,11004767.0,AFD,right,2.228245
ID1916501400,2020-06-17,11004908.0,FDP,middle,0.703147
ID1916501600,2020-06-17,11004908.0,FDP,middle,0.029628
ID1916512200,2020-06-17,11004336.0,CDU/CSU,middle,0.445092
ID1916504400,2020-06-17,11004792.0,AFD,right,-0.600104
ID1916504200,2020-06-17,11004792.0,AFD,right,0.864708
ID1916511700,2020-06-17,11004844.0,SPD,middle,-0.713714
ID1916508200,2020-06-17,11004761.0,AFD,right,-2.529753
ID1916606200,2020-06-18,11004910.0,FDP,middle,0.419777
ID1916604600,2020-06-18,11004749.0,AFD,right,-2.112918
ID1916607500,2020-06-18,11004908.0,FDP,middle,-0.426144
ID1916604400,2020-06-18,11004749.0,AFD,right,-1.851493
ID1916609700,2020-06-18,11004393.0,SPD,middle,0.719052
ID1916615400,2020-06-18,11004304.0,CDU/CSU,middle,1.483426
ID1916607900,2020-06-18,11004304.0,CDU/CSU,middle,-0.028395
ID1916614100,2020-06-18,11004298.0,CDU/CSU,middle,1.019824
ID1916601900,2020-06-18,11004261.0,SPD,middle,-0.522473
ID1916601700,2020-06-18,11004261.0,SPD,middle,0.561301
ID1916607600,2020-06-18,11004114.0,The Left Party,left,-0.3577
ID1916607100,2020-06-18,11004304.0,CDU/CSU,middle,0.642786
ID1916707300,2020-06-19,11004393.0,SPD,middle,-1.046944
ID1916703000,2020-06-19,11004749.0,AFD,right,-2.488138
ID1916704900,2020-06-19,11004018.0,CDU/CSU,middle,-2.25337
ID1916707900,2020-06-19,11004393.0,SPD,middle,0.712128
ID1916706100,2020-06-19,11004336.0,CDU/CSU,middle,-0.270757
ID1916707800,2020-06-19,11004761.0,AFD,right,0.269704
ID1916800700,2020-06-29,11004183.0,The Left Party,left,-0.828071
ID1916905200,2020-07-01,11004844.0,SPD,middle,-1.192246
ID1916904800,2020-07-01,11004761.0,AFD,right,-2.943519
ID1916905400,2020-07-01,11004844.0,SPD,middle,-0.269171
ID1916905000,2020-07-01,11004761.0,AFD,right,-1.401859
ID1916911800,2020-07-01,11003578.0,Alliance 90/The Greens,middle,-0.116204
ID1916907900,2020-07-01,11004798.0,FDP,middle,-0.847916
ID1916912400,2020-07-01,11004114.0,The Left Party,left,0.331318
ID1917010200,2020-07-02,11004454.0,The Left Party,left,-0.843878
ID1917004100,2020-07-02,11003578.0,Alliance 90/The Greens,middle,0.273618
ID1917010500,2020-07-02,11003602.0,CDU/CSU,middle,-1.136692
ID1917016800,2020-07-02,11004942.0,SPD,middle,2.38083
ID1917009000,2020-07-02,11004910.0,FDP,middle,1.640687
ID1917001000,2020-07-02,11004687.0,AFD,right,-0.310557
ID1917017500,2020-07-02,11004304.0,CDU/CSU,middle,0.619502
ID1917009300,2020-07-02,11004942.0,SPD,middle,0.905007
ID1917001600,2020-07-02,11004018.0,CDU/CSU,middle,-0.663287
ID1917014700,2020-07-02,11004753.0,AFD,right,0.038699
ID1917015300,2020-07-02,11004114.0,The Left Party,left,0.391158
ID1917013700,2020-07-02,11004304.0,CDU/CSU,middle,-1.049766
ID1917109400,2020-07-03,11004908.0,FDP,middle,-0.898207
ID1917107700,2020-07-03,11004261.0,SPD,middle,2.173414
ID1917101900,2020-07-03,11004761.0,AFD,right,1.128304
ID1917109900,2020-07-03,11004749.0,AFD,right,-2.15691
ID1917212100,2020-09-09,11004114.0,The Left Party,left,0.693232
ID1917211800,2020-09-09,11004767.0,AFD,right,0.095893
ID1917212400,2020-09-09,11004304.0,CDU/CSU,middle,0.677578
ID1917311300,2020-09-10,11004767.0,AFD,right,1.266677
ID1917307400,2020-09-10,11003888.0,Alliance 90/The Greens,middle,0.069546
ID1917305100,2020-09-10,11004942.0,SPD,middle,1.285717
ID1917310700,2020-09-10,11004389.0,SPD,middle,-0.260091
ID1917307700,2020-09-10,11004749.0,AFD,right,-1.930566
ID1917316400,2020-09-10,11004304.0,CDU/CSU,middle,-0.543336
ID1917305400,2020-09-10,11004336.0,CDU/CSU,middle,-0.616832
ID1917308300,2020-09-10,11004749.0,AFD,right,-2.19322
ID1917315400,2020-09-10,11004767.0,AFD,right,0.27725
ID1917313700,2020-09-10,11004261.0,SPD,middle,3.06162
ID1917404000,2020-09-11,11003756.0,Alliance 90/The Greens,middle,1.173708
ID1917403600,2020-09-11,11004753.0,AFD,right,-0.223251
ID1917405800,2020-09-11,11004261.0,SPD,middle,1.242809
ID1917509400,2020-09-16,11003602.0,CDU/CSU,middle,-0.081837
ID1917509000,2020-09-16,11004792.0,AFD,right,-0.433414
ID1917504400,2020-09-16,11004908.0,FDP,middle,0.951061
ID1917504600,2020-09-16,11004908.0,FDP,middle,0.873265
ID1917510800,2020-09-16,11004726.0,Alliance 90/The Greens,middle,-0.928386
ID1917614500,2020-09-17,11004114.0,The Left Party,left,-0.102452
ID1917608600,2020-09-17,11004114.0,The Left Party,left,-0.236737
ID1917608200,2020-09-17,11004942.0,SPD,middle,0.928562
ID1917615500,2020-09-17,11004767.0,AFD,right,-1.029669
ID1917615900,2020-09-17,11004304.0,CDU/CSU,middle,-2.27424
ID1917603900,2020-09-17,11004336.0,CDU/CSU,middle,0.316464
ID1917700300,2020-09-18,11004261.0,SPD,middle,1.353686
ID1917713400,2020-09-18,11004389.0,SPD,middle,-0.854123
ID1917702600,2020-09-18,11004942.0,SPD,middle,0.798771
ID1917702700,2020-09-18,11004910.0,FDP,middle,1.321322
ID1917710300,2020-09-18,11004114.0,The Left Party,left,-1.87359
ID1917708300,2020-09-18,11004336.0,CDU/CSU,middle,-1.313722
ID1917708100,2020-09-18,11004336.0,CDU/CSU,middle,0.080653
ID1917705700,2020-09-18,11004792.0,AFD,right,0.254746
ID1917714300,2020-09-18,11004942.0,SPD,middle,-0.637067
ID1917802200,2020-09-29,11004792.0,AFD,right,-1.291665
ID1917802800,2020-09-29,11004687.0,AFD,right,-0.265387
ID1917905500,2020-09-30,11004018.0,CDU/CSU,middle,-1.478076
ID1918010100,2020-10-01,11004687.0,AFD,right,1.537118
ID1918001000,2020-10-01,11004687.0,AFD,right,0.479288
ID1918010900,2020-10-01,11004382.0,CDU/CSU,middle,1.969653
ID1918010500,2020-10-01,11003756.0,Alliance 90/The Greens,middle,1.201782
ID1918008000,2020-10-01,11004261.0,SPD,middle,0.278098
ID1918009000,2020-10-01,11003602.0,CDU/CSU,middle,0.4367
ID1918003900,2020-10-01,11004304.0,CDU/CSU,middle,0.929122
ID1918005500,2020-10-01,11004761.0,AFD,right,-1.789126
ID1918003400,2020-10-01,11004114.0,The Left Party,left,0.736698
ID1918103300,2020-10-02,11003578.0,Alliance 90/The Greens,middle,0.130345
ID1918210000,2020-10-07,11004114.0,The Left Party,left,-0.519003
ID1918202600,2020-10-07,11004798.0,FDP,middle,-1.492528
ID1918210400,2020-10-07,11004910.0,FDP,middle,0.951573
ID1918202800,2020-10-07,11004798.0,FDP,middle,-0.041041
ID1918210700,2020-10-07,11004942.0,SPD,middle,0.797553
ID1918203400,2020-10-07,11004792.0,AFD,right,-2.391091
ID1918210600,2020-10-07,11004753.0,AFD,right,-0.004588
ID1918208300,2020-10-07,11003786.0,The Left Party,left,-0.389224
ID1918315800,2020-10-08,11004792.0,AFD,right,2.345901
ID1918314700,2020-10-08,11004304.0,CDU/CSU,middle,-0.627596
ID1918310900,2020-10-08,11004844.0,SPD,middle,-0.612765
ID1918313500,2020-10-08,11004767.0,AFD,right,1.642211
ID1918312000,2020-10-08,11003888.0,Alliance 90/The Greens,middle,-0.512351
ID1918311100,2020-10-08,11004837.0,The Left Party,left,-1.425225
ID1918406400,2020-10-09,11004844.0,SPD,middle,-0.751631
ID1918408800,2020-10-09,11004798.0,FDP,middle,-1.526368
ID1918500600,2020-10-28,11004792.0,AFD,right,2.154261
ID1918507900,2020-10-28,11003756.0,Alliance 90/The Greens,middle,0.064674
ID1918507800,2020-10-28,11004837.0,The Left Party,left,-1.187653
ID1918502800,2020-10-28,11004792.0,AFD,right,0.71733
ID1918511400,2020-10-28,11003888.0,Alliance 90/The Greens,middle,0.872202
ID1918505200,2020-10-28,11004792.0,AFD,right,0.502617
ID1918609700,2020-10-29,11004018.0,CDU/CSU,middle,-0.641203
ID1918603900,2020-10-29,11004761.0,AFD,right,0.676249
ID1918614700,2020-10-29,11004908.0,FDP,middle,-1.294766
ID1918614000,2020-10-29,11004389.0,SPD,middle,1.208402
ID1918603400,2020-10-29,11003888.0,Alliance 90/The Greens,middle,0.116835
ID1918601800,2020-10-29,11004261.0,SPD,middle,0.161502
ID1918612000,2020-10-29,11003578.0,Alliance 90/The Greens,middle,0.668422
ID1918610800,2020-10-29,11004753.0,AFD,right,-0.186839
ID1918611200,2020-10-29,11003756.0,Alliance 90/The Greens,middle,0.223599
ID1918603700,2020-10-29,11004336.0,CDU/CSU,middle,-0.571831
ID1918610900,2020-10-29,11004942.0,SPD,middle,1.174859
ID1918605100,2020-10-29,11004114.0,The Left Party,left,0.198871
ID1918610000,2020-10-29,11004261.0,SPD,middle,1.471528
ID1918701300,2020-10-30,11004304.0,CDU/CSU,middle,-1.418165
ID1918701100,2020-10-30,11004304.0,CDU/CSU,middle,1.324643
ID1918701900,2020-10-30,11004114.0,The Left Party,left,-0.502821
ID1918802800,2020-11-04,11004114.0,The Left Party,left,-0.012619
ID1918810600,2020-11-04,11004703.0,The Left Party,left,2.296333
ID1918804800,2020-11-04,11004792.0,AFD,right,0.170076
ID1918808800,2020-11-04,11004018.0,CDU/CSU,middle,2.427074
ID1918803000,2020-11-04,11004114.0,The Left Party,left,1.652645
ID1918911200,2020-11-05,11004753.0,AFD,right,0.888137
ID1918913200,2020-11-05,11004908.0,FDP,middle,0.733498
ID1918912800,2020-11-05,11004908.0,FDP,middle,-0.331701
ID1918910600,2020-11-05,11004908.0,FDP,middle,1.034404
ID1918908100,2020-11-05,11004908.0,FDP,middle,-0.078494
ID1918907500,2020-11-05,11004908.0,FDP,middle,-1.490872
ID1918904400,2020-11-05,11004261.0,SPD,middle,-0.697527
ID1918903700,2020-11-05,11004726.0,Alliance 90/The Greens,middle,0.053602
ID1918912300,2020-11-05,11003756.0,Alliance 90/The Greens,middle,0.150684
ID1918915400,2020-11-05,11004792.0,AFD,right,3.644532
ID1918910400,2020-11-05,11004749.0,AFD,right,0.276141
ID1918906100,2020-11-05,11004749.0,AFD,right,-1.661123
ID1918909900,2020-11-05,11003786.0,The Left Party,left,-0.800951
ID1919000700,2020-11-06,11003602.0,CDU/CSU,middle,1.422345
ID1919003200,2020-11-06,11003756.0,Alliance 90/The Greens,middle,-1.053398
ID1919001600,2020-11-06,11004761.0,AFD,right,-0.534609
ID1919006900,2020-11-06,11004908.0,FDP,middle,-1.095209
ID1919105700,2020-11-18,11004792.0,AFD,right,0.411644
ID1919103300,2020-11-18,11004389.0,SPD,middle,-0.37278
ID1919114500,2020-11-18,11004871.0,FDP,middle,1.169896
ID1919109100,2020-11-18,11004114.0,The Left Party,left,1.542853
ID1919109400,2020-11-18,11004767.0,AFD,right,0.710008
ID1919106300,2020-11-18,11003578.0,Alliance 90/The Greens,middle,-0.189083
ID1919102100,2020-11-18,11003602.0,CDU/CSU,middle,-2.157646
ID1919111300,2020-11-18,11004726.0,Alliance 90/The Greens,middle,1.33098
ID1919110800,2020-11-18,11004908.0,FDP,middle,-2.118536
ID1919110100,2020-11-18,11003578.0,Alliance 90/The Greens,middle,-0.247469
ID1919208100,2020-11-19,11004389.0,SPD,middle,1.5441
ID1919205300,2020-11-19,11004910.0,FDP,middle,1.69259
ID1919211700,2020-11-19,11004798.0,FDP,middle,-0.214643
ID1919207100,2020-11-19,11004018.0,CDU/CSU,middle,-1.087721
ID1919209000,2020-11-19,11004749.0,AFD,right,-2.047154
ID1919206100,2020-11-19,11004942.0,SPD,middle,1.85647
ID1919210600,2020-11-19,11004942.0,SPD,middle,1.019915
ID1919200600,2020-11-19,11003756.0,Alliance 90/The Greens,middle,2.229894
ID1919208600,2020-11-19,11003578.0,Alliance 90/The Greens,middle,0.172571
ID1919207300,2020-11-19,11004761.0,AFD,right,-1.873943
ID1919209900,2020-11-19,11004703.0,The Left Party,left,0.890351
ID1919302000,2020-11-20,11003888.0,Alliance 90/The Greens,middle,0.584293
ID1919302600,2020-11-20,11004389.0,SPD,middle,0.912021
ID1919301800,2020-11-20,11003888.0,Alliance 90/The Greens,middle,0.936726
ID1919405000,2020-11-25,11004792.0,AFD,right,0.000418
ID1919408300,2020-11-25,11004792.0,AFD,right,1.987336
ID1919411400,2020-11-25,11004703.0,The Left Party,left,1.85536
ID1919407300,2020-11-25,11003888.0,Alliance 90/The Greens,middle,0.217424
ID1919506000,2020-11-26,11004454.0,The Left Party,left,-0.27235
ID1919510200,2020-11-26,11004837.0,The Left Party,left,1.173394
ID1919501600,2020-11-26,11003602.0,CDU/CSU,middle,-0.312366
ID1919505800,2020-11-26,11004261.0,SPD,middle,0.389404
ID1919501200,2020-11-26,11004261.0,SPD,middle,1.168374
ID1919601500,2020-11-27,11004910.0,FDP,middle,1.423304
ID1919602400,2020-11-27,11004753.0,AFD,right,-0.714034
ID1919601800,2020-11-27,11004942.0,SPD,middle,1.929243
ID1919601200,2020-11-27,11004336.0,CDU/CSU,middle,0.028806
ID1919704700,2020-12-08,11004389.0,SPD,middle,-0.59386
ID1919702900,2020-12-08,11004761.0,AFD,right,-0.708774
ID1919707400,2020-12-08,11004687.0,AFD,right,1.713402
ID1919704300,2020-12-08,11003602.0,CDU/CSU,middle,-0.568178
ID1919706800,2020-12-08,11004382.0,CDU/CSU,middle,2.064821
ID1919803300,2020-12-09,11004798.0,FDP,middle,-2.392219
ID1919801700,2020-12-09,11004703.0,The Left Party,left,1.82075
ID1919804800,2020-12-09,11004018.0,CDU/CSU,middle,-0.090155
ID1919905100,2020-12-10,11003602.0,CDU/CSU,middle,0.367903
ID1919902500,2020-12-10,11003756.0,Alliance 90/The Greens,middle,0.721329
ID1919907200,2020-12-10,11004844.0,SPD,middle,-0.101754
ID1919900100,2020-12-10,11004749.0,AFD,right,-1.109399
ID1919908100,2020-12-10,11004687.0,AFD,right,0.631246
ID1919904700,2020-12-10,11004261.0,SPD,middle,1.368234
ID1919900800,2020-12-10,11004687.0,AFD,right,-0.433688
ID1920001100,2020-12-11,11003786.0,The Left Party,left,-0.449235
ID1920107100,2020-12-16,11004261.0,SPD,middle,3.351587
ID1920108100,2020-12-16,11003602.0,CDU/CSU,middle,0.069633
ID1920109300,2020-12-16,11004298.0,CDU/CSU,middle,-0.103307
ID1920213400,2020-12-17,11004910.0,FDP,middle,1.179453
ID1920210900,2020-12-17,11003756.0,Alliance 90/The Greens,middle,1.7532
ID1920202200,2020-12-17,11004837.0,The Left Party,left,-1.173585
ID1920212400,2020-12-17,11004703.0,The Left Party,left,2.778378
ID1920204600,2020-12-17,11003786.0,The Left Party,left,-0.63941
ID1920205700,2020-12-17,11004767.0,AFD,right,0.604813
ID1920213700,2020-12-17,11004942.0,SPD,middle,1.821913
ID1920201400,2020-12-17,11003756.0,Alliance 90/The Greens,middle,-2.089314
ID1920213200,2020-12-17,11003578.0,Alliance 90/The Greens,middle,-0.911128
ID1920213600,2020-12-17,11004753.0,AFD,right,0.042635
ID1920203000,2020-12-17,11004261.0,SPD,middle,2.359815
ID1920309000,2021-01-13,11004114.0,The Left Party,left,1.448978
ID1920301000,2021-01-13,11003602.0,CDU/CSU,middle,-0.659692
ID1920406700,2021-01-14,11004798.0,FDP,middle,-2.492931
ID1920400600,2021-01-14,11003578.0,Alliance 90/The Greens,middle,0.667029
ID1920406300,2021-01-14,11004389.0,SPD,middle,-0.141536
ID1920406100,2021-01-14,11003786.0,The Left Party,left,-1.746967
ID1920401000,2021-01-14,11004749.0,AFD,right,0.043165
ID1920401200,2021-01-14,11004908.0,FDP,middle,0.1641
ID1920410700,2021-01-14,11004908.0,FDP,middle,-0.462016
ID1920510000,2021-01-27,11003602.0,CDU/CSU,middle,1.404037
ID1920501200,2021-01-27,11004792.0,AFD,right,-0.078266
ID1920504800,2021-01-27,11004792.0,AFD,right,-0.642566
ID1920512100,2021-01-27,11004389.0,SPD,middle,-0.536132
ID1920511900,2021-01-27,11003888.0,Alliance 90/The Greens,middle,0.680605
ID1920615000,2021-01-28,11004792.0,AFD,right,0.658922
ID1920616400,2021-01-28,11004298.0,CDU/CSU,middle,1.568335
ID1920600200,2021-01-28,11004761.0,AFD,right,-1.294372
ID1920601800,2021-01-28,11004261.0,SPD,middle,0.797089
ID1920605100,2021-01-28,11004261.0,SPD,middle,2.63563
ID1920616500,2021-01-28,11004261.0,SPD,middle,1.085721
ID1920607600,2021-01-28,11004767.0,AFD,right,0.298569
ID1920606600,2021-01-28,11004703.0,The Left Party,left,0.017049
ID1920603300,2021-01-28,11004703.0,The Left Party,left,1.87048
ID1920613600,2021-01-28,11004767.0,AFD,right,1.180315
ID1920610500,2021-01-28,11004114.0,The Left Party,left,1.982264
ID1920700900,2021-01-29,11004336.0,CDU/CSU,middle,1.024928
ID1920706900,2021-01-29,11004942.0,SPD,middle,1.947474
ID1920702200,2021-01-29,11004114.0,The Left Party,left,-0.618453
ID1920704300,2021-01-29,11004726.0,Alliance 90/The Greens,middle,0.555182
ID1920707100,2021-01-29,11004454.0,The Left Party,left,-0.363333
ID1920703400,2021-01-29,11004703.0,The Left Party,left,1.238857
ID1920701300,2021-01-29,11004910.0,FDP,middle,-0.212901
ID1920704800,2021-01-29,11004261.0,SPD,middle,1.051982
ID1920803800,2021-02-10,11004792.0,AFD,right,-1.093636
ID1920805000,2021-02-10,11004792.0,AFD,right,0.374254
ID1920806900,2021-02-10,11004798.0,FDP,middle,-3.372542
ID1920808400,2021-02-10,11003888.0,Alliance 90/The Greens,middle,0.801418
ID1920901400,2021-02-11,11004261.0,SPD,middle,1.466602
ID1920902600,2021-02-11,11004018.0,CDU/CSU,middle,-1.958754
ID1920903100,2021-02-11,11004703.0,The Left Party,left,2.713405
ID1920904600,2021-02-11,11003888.0,Alliance 90/The Greens,middle,0.319067
ID1920908500,2021-02-11,11004871.0,FDP,middle,1.035101
ID1921004000,2021-02-12,11003786.0,The Left Party,left,-0.583182
ID1921005800,2021-02-12,11004908.0,FDP,middle,-0.67569
ID1921002300,2021-02-12,11004910.0,FDP,middle,0.379541
ID1921001100,2021-02-12,11003602.0,CDU/CSU,middle,-0.011254
ID1921101400,2021-02-24,11004792.0,AFD,right,-1.015976
ID1921207200,2021-02-25,11004910.0,FDP,middle,1.144835
ID1921205700,2021-02-25,11004844.0,SPD,middle,-0.302847
ID1921209900,2021-02-25,11004749.0,AFD,right,-1.515008
ID1921205900,2021-02-25,11004336.0,CDU/CSU,middle,-0.568524
ID1921211200,2021-02-25,11004753.0,AFD,right,0.238294
ID1921202800,2021-02-25,11004798.0,FDP,middle,-0.243607
ID1921306500,2021-02-26,11004114.0,The Left Party,left,-0.068672
ID1921300300,2021-02-26,11004261.0,SPD,middle,2.067884
ID1921307000,2021-02-26,11004908.0,FDP,middle,-0.578114
ID1921304800,2021-02-26,11004298.0,CDU/CSU,middle,0.004777
ID1921307400,2021-02-26,11004749.0,AFD,right,-0.919768
ID1921400600,2021-03-03,11004792.0,AFD,right,0.747448
ID1921405400,2021-03-03,11004792.0,AFD,right,-0.48345
ID1921403400,2021-03-03,11004726.0,Alliance 90/The Greens,middle,0.364627
ID1921409900,2021-03-03,11004018.0,CDU/CSU,middle,0.266194
ID1921514100,2021-03-04,11004749.0,AFD,right,-1.378192
ID1921500300,2021-03-04,11004261.0,SPD,middle,1.380517
ID1921510900,2021-03-04,11004792.0,AFD,right,-0.179903
ID1921511100,2021-03-04,11004792.0,AFD,right,-0.18263
ID1921508900,2021-03-04,11003888.0,Alliance 90/The Greens,middle,1.180682
ID1921503900,2021-03-04,11004753.0,AFD,right,1.470275
ID1921505500,2021-03-04,11003888.0,Alliance 90/The Greens,middle,0.27785
ID1921516700,2021-03-04,11004871.0,FDP,middle,0.772272
ID1921510400,2021-03-04,11004837.0,The Left Party,left,-0.680903
ID1921610100,2021-03-05,11004298.0,CDU/CSU,middle,-0.297269
ID1921601100,2021-03-05,11003786.0,The Left Party,left,-0.343034
ID1921605200,2021-03-05,11004761.0,AFD,right,-1.671434
ID1921602900,2021-03-05,11004261.0,SPD,middle,2.675822
ID1921604000,2021-03-05,11004726.0,Alliance 90/The Greens,middle,0.238489
ID1921601700,2021-03-05,11004336.0,CDU/CSU,middle,0.700754
ID1921600800,2021-03-05,11004753.0,AFD,right,-1.614877
ID1921708400,2021-03-24,11004942.0,SPD,middle,1.748138
ID1921817200,2021-03-25,11004703.0,The Left Party,left,0.810426
ID1921815800,2021-03-25,11004792.0,AFD,right,1.065659
ID1921801700,2021-03-25,11004910.0,FDP,middle,0.291269
ID1921812600,2021-03-25,11003888.0,Alliance 90/The Greens,middle,1.205853
ID1921807000,2021-03-25,11004261.0,SPD,middle,0.012446
ID1921811200,2021-03-25,11004018.0,CDU/CSU,middle,-0.436467
ID1921904800,2021-03-26,11004844.0,SPD,middle,0.639603
ID1922005800,2021-04-13,11004792.0,AFD,right,1.148994
ID1922106000,2021-04-15,11004844.0,SPD,middle,0.934965
ID1922105500,2021-04-15,11003888.0,Alliance 90/The Greens,middle,0.655564
ID1922116400,2021-04-15,11004871.0,FDP,middle,2.047226
ID1922103500,2021-04-15,11004767.0,AFD,right,-0.759983
ID1922109500,2021-04-15,11004703.0,The Left Party,left,1.887027
ID1922202800,2021-04-16,11004942.0,SPD,middle,0.767788
ID1922204600,2021-04-16,11003578.0,Alliance 90/The Greens,middle,0.114856
ID1922207200,2021-04-16,11003578.0,Alliance 90/The Greens,middle,0.386115
ID1922208700,2021-04-16,11003578.0,Alliance 90/The Greens,middle,-0.910968
ID1922207800,2021-04-16,11004114.0,The Left Party,left,0.348037
ID1922316500,2021-04-21,11004753.0,AFD,right,2.66554
ID1922304400,2021-04-21,11004798.0,FDP,middle,-0.098633
ID1922302400,2021-04-21,11004792.0,AFD,right,-0.259028
ID1922308100,2021-04-21,11004908.0,FDP,middle,-0.593752
ID1922313100,2021-04-21,11004871.0,FDP,middle,0.799048
ID1922400500,2021-04-22,11004703.0,The Left Party,left,1.164951
ID1922406800,2021-04-22,11004798.0,FDP,middle,-2.484112
ID1922402100,2021-04-22,11004261.0,SPD,middle,3.780167
ID1922420800,2021-04-22,11004114.0,The Left Party,left,1.595088
ID1922402200,2021-04-22,11004703.0,The Left Party,left,3.417856
ID1922501100,2021-04-23,11004018.0,CDU/CSU,middle,-0.84669
ID1922505800,2021-04-23,11004389.0,SPD,middle,-0.612442
ID1922501600,2021-04-23,11004837.0,The Left Party,left,-0.629745
ID1922501000,2021-04-23,11004687.0,AFD,right,-1.125512
ID1922502500,2021-04-23,11003888.0,Alliance 90/The Greens,middle,0.057024
ID1922611600,2021-05-05,11004726.0,Alliance 90/The Greens,middle,0.441291
ID1922605800,2021-05-05,11004792.0,AFD,right,0.056932
ID1922601800,2021-05-05,11004792.0,AFD,right,-0.139785
ID1922600600,2021-05-05,11004792.0,AFD,right,2.113637
ID1922608700,2021-05-05,11004749.0,AFD,right,-1.981615
ID1922605000,2021-05-05,11004726.0,Alliance 90/The Greens,middle,1.096928
ID1922603200,2021-05-05,11004792.0,AFD,right,-0.351058
ID1922702100,2021-05-06,11004114.0,The Left Party,left,-0.702041
ID1922705900,2021-05-06,11004792.0,AFD,right,-1.383783
ID1922709600,2021-05-06,11004114.0,The Left Party,left,2.030387
ID1922708100,2021-05-06,11004261.0,SPD,middle,1.535473
ID1922711200,2021-05-06,11004908.0,FDP,middle,-1.114897
ID1922715500,2021-05-06,11004749.0,AFD,right,-0.512929
ID1922809300,2021-05-07,11004703.0,The Left Party,left,-1.785035
ID1922800400,2021-05-07,11004908.0,FDP,middle,-0.195825
ID1922808200,2021-05-07,11004942.0,SPD,middle,0.878218
ID1922804500,2021-05-07,11004753.0,AFD,right,1.786498
ID1922806000,2021-05-07,11004792.0,AFD,right,0.454606
ID1922900400,2021-05-19,11004798.0,FDP,middle,-2.068198
ID1922905800,2021-05-19,11004792.0,AFD,right,-0.623243
ID1922908700,2021-05-19,11004749.0,AFD,right,-1.55542
ID1922908300,2021-05-19,11004908.0,FDP,middle,-1.555874
ID1922907800,2021-05-19,11004792.0,AFD,right,-0.307858
ID1922912000,2021-05-19,11004018.0,CDU/CSU,middle,-1.206571
ID1922916400,2021-05-19,11004844.0,SPD,middle,1.002435
ID1923016300,2021-05-20,11004753.0,AFD,right,2.163617
ID1923017400,2021-05-20,11004261.0,SPD,middle,1.265213
ID1923006700,2021-05-20,11004261.0,SPD,middle,1.304862
ID1923015800,2021-05-20,11004726.0,Alliance 90/The Greens,middle,0.667533
ID1923003500,2021-05-20,11004703.0,The Left Party,left,1.355254
ID1923108100,2021-05-21,11004837.0,The Left Party,left,-0.538235
ID1923105300,2021-05-21,11003578.0,Alliance 90/The Greens,middle,-0.154456
ID1923110300,2021-05-21,11004767.0,AFD,right,-0.065953
ID1923103900,2021-05-21,11004336.0,CDU/CSU,middle,-0.436259
ID1923109400,2021-05-21,11004753.0,AFD,right,-1.1641
ID1923107000,2021-05-21,11004767.0,AFD,right,0.998314
ID1923108800,2021-05-21,11004871.0,FDP,middle,-0.650382
ID1923102500,2021-05-21,11004792.0,AFD,right,-0.747335
ID1923108900,2021-05-21,11004837.0,The Left Party,left,-2.017564
ID1923111500,2021-05-21,11004792.0,AFD,right,-0.522049
ID1923201900,2021-06-09,11004798.0,FDP,middle,-0.950591
ID1923210400,2021-06-09,11003786.0,The Left Party,left,0.449054
ID1923200400,2021-06-09,11004798.0,FDP,middle,-1.585993
ID1923202300,2021-06-09,11004798.0,FDP,middle,-0.038128
ID1923202500,2021-06-09,11004798.0,FDP,middle,-0.210552
ID1923210500,2021-06-09,11003888.0,Alliance 90/The Greens,middle,0.557764
ID1923306600,2021-06-10,11003888.0,Alliance 90/The Greens,middle,1.406697
ID1923305900,2021-06-10,11004389.0,SPD,middle,1.0625
ID1923321800,2021-06-10,11004114.0,The Left Party,left,0.95735
ID1923314200,2021-06-10,11004761.0,AFD,right,-0.403956
ID1923309600,2021-06-10,11004114.0,The Left Party,left,2.881733
ID1923300200,2021-06-10,11004792.0,AFD,right,0.235915
ID1923307500,2021-06-10,11004792.0,AFD,right,0.658728
ID1923312200,2021-06-10,11004753.0,AFD,right,-0.74986
ID1923316500,2021-06-10,11004336.0,CDU/CSU,middle,1.718533
ID1923403000,2021-06-11,11004703.0,The Left Party,left,1.560864
ID1923410600,2021-06-11,11004908.0,FDP,middle,0.933106
ID1923405400,2021-06-11,11004261.0,SPD,middle,-0.277426
ID1923410400,2021-06-11,11004767.0,AFD,right,-0.612091
ID1923405100,2021-06-11,11004336.0,CDU/CSU,middle,-1.036227
ID1923404100,2021-06-11,11004942.0,SPD,middle,0.758668
ID1923504800,2021-06-23,11004798.0,FDP,middle,-0.655334
ID1923508300,2021-06-23,11004942.0,SPD,middle,1.074258
ID1923507700,2021-06-23,11004753.0,AFD,right,0.691043
ID1923505000,2021-06-23,11004798.0,FDP,middle,-0.498098
ID1923508400,2021-06-23,11004910.0,FDP,middle,1.192601
ID1923625000,2021-06-24,11004114.0,The Left Party,left,0.800591
ID1923607600,2021-06-24,11004298.0,CDU/CSU,middle,1.4294
ID1923615100,2021-06-24,11004767.0,AFD,right,0.941665
ID1923611100,2021-06-24,11004767.0,AFD,right,1.050731
ID1923617700,2021-06-24,11004298.0,CDU/CSU,middle,0.011938
ID1923603600,2021-06-24,11004761.0,AFD,right,-1.70159
ID1923619800,2021-06-24,11004844.0,SPD,middle,-0.742936
ID1923621400,2021-06-24,11004114.0,The Left Party,left,1.017389
ID1923602700,2021-06-24,11004908.0,FDP,middle,1.3411
ID1923608200,2021-06-24,11004908.0,FDP,middle,-0.620943
ID1923622200,2021-06-24,11004703.0,The Left Party,left,2.888185
ID1923623100,2021-06-24,11004726.0,Alliance 90/The Greens,middle,0.353561
ID1923615300,2021-06-24,11004792.0,AFD,right,2.265822
ID1923702400,2021-06-25,11004114.0,The Left Party,left,-3.014013
ID1923708200,2021-06-25,11004837.0,The Left Party,left,0.455512
ID1923707500,2021-06-25,11004908.0,FDP,middle,0.712823
ID1923700500,2021-06-25,11004703.0,The Left Party,left,1.404547
ID1923704500,2021-06-25,11003888.0,Alliance 90/The Greens,middle,0.682092
ID1923708700,2021-06-25,11004753.0,AFD,right,1.004195
ID1923801700,2021-08-25,11004018.0,CDU/CSU,middle,-1.881065
ID1923806100,2021-08-25,11004792.0,AFD,right,-0.988229
ID1923806200,2021-08-25,11004114.0,The Left Party,left,-0.253684
ID1923805100,2021-08-25,11004261.0,SPD,middle,2.499087
ID1923906200,2021-09-07,11004871.0,FDP,middle,-0.343232
ID1923904900,2021-09-07,11004753.0,AFD,right,-0.837385
ID1923901700,2021-09-07,11004261.0,SPD,middle,2.162626
ID20100900,2021-10-26,11004767.0,AFD,right,-0.496849
ID20204900,2021-11-11,11004298.0,CDU/CSU,middle,0.103753
ID20203200,2021-11-11,11004837.0,The Left Party,left,-1.226717
ID20202100,2021-11-11,11004261.0,SPD,middle,0.62322
ID20205100,2021-11-11,11004792.0,AFD,right,0.587626
ID20305600,2021-11-18,11004837.0,The Left Party,left,-2.301832
ID20307200,2021-11-18,11004753.0,AFD,right,1.255467
ID20303200,2021-11-18,11004942.0,SPD,middle,-0.130615
ID20302500,2021-11-18,11004336.0,CDU/CSU,middle,-0.500854
ID20305100,2021-11-18,11004749.0,AFD,right,-2.574691
ID20300100,2021-11-18,11004261.0,SPD,middle,1.225777
ID20302900,2021-11-18,11004753.0,AFD,right,0.169015
ID20303500,2021-11-18,11004261.0,SPD,middle,0.858063
ID20400100,2021-12-07,11004261.0,SPD,middle,0.824046
ID20603600,2021-12-09,11004389.0,SPD,middle,-0.132912
ID20605400,2021-12-09,11004798.0,FDP,middle,-1.50978
ID20603800,2021-12-09,11004389.0,SPD,middle,-0.373105
ID20602900,2021-12-09,11004336.0,CDU/CSU,middle,-1.365291
ID20601300,2021-12-09,11004726.0,Alliance 90/The Greens,middle,-0.710724
ID20702300,2021-12-10,11004298.0,CDU/CSU,middle,-0.97228
ID20703500,2021-12-10,11004871.0,FDP,middle,0.089858
ID20801100,2021-12-15,11004798.0,FDP,middle,-0.545489
ID20908000,2021-12-16,11005256.0,SPD,middle,-0.674676
ID20905400,2021-12-16,11005091.0,AFD,right,-0.847366
ID20903800,2021-12-16,11004942.0,SPD,middle,0.678399
ID20905000,2021-12-16,11003786.0,The Left Party,left,-1.35039
ID20903300,2021-12-16,11003586.0,CDU/CSU,middle,-0.858054
ID201003800,2022-01-12,11003888.0,Alliance 90/The Greens,middle,1.257161
ID201004000,2022-01-12,11003888.0,Alliance 90/The Greens,middle,1.022374
ID201009600,2022-01-12,11004798.0,FDP,middle,-2.542473
ID201008800,2022-01-12,11004767.0,AFD,right,-2.20623
ID201110400,2022-01-13,11004726.0,Alliance 90/The Greens,middle,0.704524
ID201110900,2022-01-13,11004018.0,CDU/CSU,middle,0.635214
ID201111400,2022-01-13,11005214.0,Alliance 90/The Greens,middle,-0.112468
ID201106300,2022-01-13,11004389.0,SPD,middle,-0.116076
ID201106600,2022-01-13,11003586.0,CDU/CSU,middle,-1.380946
ID201100400,2022-01-13,11004761.0,AFD,right,-0.711781
ID201108100,2022-01-13,11003586.0,CDU/CSU,middle,-1.096188
ID201102400,2022-01-13,11004753.0,AFD,right,-0.456328
ID201110500,2022-01-13,11004703.0,The Left Party,left,1.339101
ID201206800,2022-01-14,11004018.0,CDU/CSU,middle,-1.439194
ID201302000,2022-01-26,11004761.0,AFD,right,-0.712167
ID201302200,2022-01-26,11004761.0,AFD,right,1.123234
ID201407600,2022-01-27,11004837.0,The Left Party,left,-2.444676
ID201400600,2022-01-27,11004798.0,FDP,middle,-2.030616
ID201408400,2022-01-27,11004837.0,The Left Party,left,-0.9309
ID201503600,2022-01-28,11004837.0,The Left Party,left,-0.984806
ID201504100,2022-01-28,11005047.0,Alliance 90/The Greens,middle,-0.965759
ID201600600,2022-02-16,11004792.0,AFD,right,-0.403414
ID201705000,2022-02-17,11003586.0,CDU/CSU,middle,-1.207678
ID201711300,2022-02-17,11004837.0,The Left Party,left,-1.668395
ID201706700,2022-02-17,11005162.0,Alliance 90/The Greens,middle,0.004359
ID201709900,2022-02-17,11004336.0,CDU/CSU,middle,-1.7789
ID201711200,2022-02-17,11004871.0,FDP,middle,0.23325
ID201706000,2022-02-17,11004792.0,AFD,right,-1.946858
ID201705600,2022-02-17,11004792.0,AFD,right,-0.725735
ID201703300,2022-02-17,11004018.0,CDU/CSU,middle,-2.217929
ID201715100,2022-02-17,11004749.0,AFD,right,-1.50264
ID201809000,2022-02-18,11004942.0,SPD,middle,-0.901558
ID201804200,2022-02-18,11005091.0,AFD,right,-0.366073
ID201805200,2022-02-18,11005082.0,The Left Party,left,0.05853
ID201809100,2022-02-18,11004018.0,CDU/CSU,middle,-0.653328
ID202011400,2022-03-16,11005082.0,The Left Party,left,-0.608631
ID202012700,2022-03-16,11004792.0,AFD,right,0.73007
ID202001900,2022-03-16,11005047.0,Alliance 90/The Greens,middle,0.368685
ID202006100,2022-03-16,11004749.0,AFD,right,1.016386
ID202009100,2022-03-16,11004798.0,FDP,middle,-2.950971
ID202005900,2022-03-16,11004749.0,AFD,right,-0.239649
ID202002100,2022-03-16,11005047.0,Alliance 90/The Greens,middle,0.172273
ID202107800,2022-03-17,11005047.0,Alliance 90/The Greens,middle,-0.847672
ID202115700,2022-03-17,11004183.0,The Left Party,left,0.151374
ID202116700,2022-03-17,11004336.0,CDU/CSU,middle,-1.530372
ID202108000,2022-03-17,11003586.0,CDU/CSU,middle,-0.375335
ID202208000,2022-03-18,11004753.0,AFD,right,-2.146155
ID202206200,2022-03-18,11004837.0,The Left Party,left,-0.885776
ID202202900,2022-03-18,11004761.0,AFD,right,-1.81543
ID202206900,2022-03-18,11003578.0,Alliance 90/The Greens,middle,-0.400971
ID202302100,2022-03-22,11004687.0,AFD,right,-0.49563
ID202306300,2022-03-22,11005031.0,AFD,right,-0.665053
ID202304600,2022-03-22,11004792.0,AFD,right,-0.147412
ID202306400,2022-03-22,11004726.0,Alliance 90/The Greens,middle,0.545514
ID202305500,2022-03-22,11004018.0,CDU/CSU,middle,1.032826
ID202305700,2022-03-22,11004687.0,AFD,right,-0.071887
ID202401200,2022-03-23,11003586.0,CDU/CSU,middle,-1.324647
ID202402700,2022-03-23,11004382.0,CDU/CSU,middle,-0.405955
ID202405500,2022-03-23,11004018.0,CDU/CSU,middle,-0.739014
ID202511600,2022-03-24,11004382.0,CDU/CSU,middle,0.585803
ID202501000,2022-03-24,11004761.0,AFD,right,-0.243348
ID202510000,2022-03-24,11004687.0,AFD,right,1.85448
ID202506200,2022-03-24,11004687.0,AFD,right,0.776886
ID202510600,2022-03-24,11004753.0,AFD,right,-0.041289
ID202505100,2022-03-24,11004767.0,AFD,right,0.019417
ID202601600,2022-03-25,11004336.0,CDU/CSU,middle,-0.118211
ID202602600,2022-03-25,11004844.0,SPD,middle,-0.444167
ID202601500,2022-03-25,11003578.0,Alliance 90/The Greens,middle,-0.964204
ID202601300,2022-03-25,11004389.0,SPD,middle,-0.448552
ID202701000,2022-04-06,11004761.0,AFD,right,-0.340235
ID202709700,2022-04-06,11003586.0,CDU/CSU,middle,-0.662642
ID202706400,2022-04-06,11004389.0,SPD,middle,-0.552418
ID202706600,2022-04-06,11004389.0,SPD,middle,0.29156
ID202701200,2022-04-06,11004761.0,AFD,right,-1.792873
ID202809600,2022-04-07,11004837.0,The Left Party,left,-0.868242
ID202803900,2022-04-07,11003586.0,CDU/CSU,middle,-0.103906
ID202807700,2022-04-07,11005162.0,Alliance 90/The Greens,middle,0.88076
ID202806200,2022-04-07,11004844.0,SPD,middle,1.755308
ID202811000,2022-04-07,11004844.0,SPD,middle,-1.018178
ID202804400,2022-04-07,11004336.0,CDU/CSU,middle,1.707838
ID202807800,2022-04-07,11005091.0,AFD,right,0.813337
ID202808200,2022-04-07,11003888.0,Alliance 90/The Greens,middle,0.77559
ID202817200,2022-04-07,11004753.0,AFD,right,1.939239
ID202804900,2022-04-07,11004753.0,AFD,right,0.261813
ID202807200,2022-04-07,11003586.0,CDU/CSU,middle,1.014135
ID202801800,2022-04-07,11004183.0,The Left Party,left,-1.455678
ID202900500,2022-04-08,11005162.0,Alliance 90/The Greens,middle,-1.364557
ID203107400,2022-04-28,11003586.0,CDU/CSU,middle,-2.057617
ID203116700,2022-04-28,11005162.0,Alliance 90/The Greens,middle,0.112827
ID203108000,2022-04-28,11005091.0,AFD,right,-0.557171
ID203102800,2022-04-28,11005256.0,SPD,middle,0.483541
ID203115600,2022-04-28,11004792.0,AFD,right,-1.973292
ID203109600,2022-04-28,11004298.0,CDU/CSU,middle,-0.591252
ID203205800,2022-04-29,11004942.0,SPD,middle,-1.087001
ID203205600,2022-04-29,11004871.0,FDP,middle,1.372692
ID203204700,2022-04-29,11004767.0,AFD,right,1.152215
ID203203700,2022-04-29,11004792.0,AFD,right,-0.686796
ID203201100,2022-04-29,11004837.0,The Left Party,left,-1.012181
ID203604000,2022-05-08,11005091.0,AFD,right,-0.083375
ID203604200,2022-05-08,11005091.0,AFD,right,-0.645363
ID203607900,2022-05-08,11004908.0,FDP,middle,0.175567
ID203311400,2022-05-11,11004336.0,CDU/CSU,middle,0.297565
ID203412000,2022-05-12,11004298.0,CDU/CSU,middle,-0.005472
ID203412200,2022-05-12,11004792.0,AFD,right,0.86713
ID203408100,2022-05-12,11005091.0,AFD,right,-0.070969
ID203417000,2022-05-12,11005162.0,Alliance 90/The Greens,middle,1.471784
ID203402100,2022-05-12,11004183.0,The Left Party,left,-1.315177
ID203412800,2022-05-12,11004837.0,The Left Party,left,-1.230843
ID203417500,2022-05-12,11004767.0,AFD,right,-0.17193
ID203410400,2022-05-12,11005162.0,Alliance 90/The Greens,middle,0.094394
ID203500300,2022-05-13,11003578.0,Alliance 90/The Greens,middle,-0.309048
ID203508800,2022-05-13,11004726.0,Alliance 90/The Greens,middle,0.733884
ID203501000,2022-05-13,11005091.0,AFD,right,-0.051619
ID203504200,2022-05-13,11003586.0,CDU/CSU,middle,-0.708626
ID203504400,2022-05-13,11003586.0,CDU/CSU,middle,-1.07388
ID203712300,2022-05-19,11004726.0,Alliance 90/The Greens,middle,1.221435
ID203701100,2022-05-19,11004798.0,FDP,middle,-2.071477
ID203717200,2022-05-19,11005031.0,AFD,right,-1.340048
ID203715900,2022-05-19,11005162.0,Alliance 90/The Greens,middle,0.439762
ID203718300,2022-05-19,11005162.0,Alliance 90/The Greens,middle,0.592099
ID203702000,2022-05-19,11005214.0,Alliance 90/The Greens,middle,0.989737
ID203716800,2022-05-19,11004792.0,AFD,right,-1.244497
ID203717400,2022-05-19,11004767.0,AFD,right,1.829589
ID203707700,2022-05-19,11003888.0,Alliance 90/The Greens,middle,0.103182
ID203714700,2022-05-19,11004726.0,Alliance 90/The Greens,middle,-0.207122
ID203802900,2022-05-20,11005214.0,Alliance 90/The Greens,middle,-0.039068
ID203902700,2022-05-31,11004687.0,AFD,right,-0.734841
ID203906900,2022-05-31,11004703.0,The Left Party,left,1.289819
ID203906100,2022-05-31,11004687.0,AFD,right,-1.824738
ID203905700,2022-05-31,11003586.0,CDU/CSU,middle,-1.016666
ID204001700,2022-06-01,11004382.0,CDU/CSU,middle,-0.276407
ID204001900,2022-06-01,11004382.0,CDU/CSU,middle,-0.037597
ID204006400,2022-06-01,11004942.0,SPD,middle,-0.869642
ID204002700,2022-06-01,11004726.0,Alliance 90/The Greens,middle,-0.190193
ID204104200,2022-06-02,11005256.0,SPD,middle,0.49087
ID204111900,2022-06-02,11004687.0,AFD,right,2.43799
ID204100300,2022-06-02,11004687.0,AFD,right,1.57232
ID204110500,2022-06-02,11004382.0,CDU/CSU,middle,1.778702
ID204106400,2022-06-02,11004767.0,AFD,right,-1.056523
ID204110200,2022-06-02,11005214.0,Alliance 90/The Greens,middle,-0.545604
ID204208800,2022-06-03,11003888.0,Alliance 90/The Greens,middle,0.583666
ID204210400,2022-06-03,11004792.0,AFD,right,0.382498
ID204201900,2022-06-03,11004389.0,SPD,middle,-0.566031
ID204201600,2022-06-03,11003888.0,Alliance 90/The Greens,middle,0.424901
ID204206300,2022-06-03,11005091.0,AFD,right,0.541537
ID204200100,2022-06-03,11004336.0,CDU/CSU,middle,-1.738352
ID204208100,2022-06-03,11004792.0,AFD,right,-1.365402
ID204206200,2022-06-03,11003578.0,Alliance 90/The Greens,middle,-0.488682
ID204209500,2022-06-03,11003578.0,Alliance 90/The Greens,middle,-1.984492
ID204207800,2022-06-03,11004753.0,AFD,right,-0.447016
ID204301600,2022-06-22,11004018.0,CDU/CSU,middle,0.080709
ID204309700,2022-06-22,11003586.0,CDU/CSU,middle,-2.557359
ID204303200,2022-06-22,11004018.0,CDU/CSU,middle,-0.615234
ID204304000,2022-06-22,11005047.0,Alliance 90/The Greens,middle,-0.574506
ID204303800,2022-06-22,11005047.0,Alliance 90/The Greens,middle,-0.854547
ID204410100,2022-06-23,11004837.0,The Left Party,left,-1.513773
ID204402600,2022-06-23,11003578.0,Alliance 90/The Greens,middle,-0.329399
ID204411400,2022-06-23,11003586.0,CDU/CSU,middle,0.352024
ID204403700,2022-06-23,11005031.0,AFD,right,-0.401027
ID204410000,2022-06-23,11004871.0,FDP,middle,0.298288
ID204418700,2022-06-23,11004336.0,CDU/CSU,middle,1.250006
ID204505500,2022-06-24,11004942.0,SPD,middle,0.039995
ID204501800,2022-06-24,11004844.0,SPD,middle,-0.35648
ID204505800,2022-06-24,11004298.0,CDU/CSU,middle,0.180076
ID204502400,2022-06-24,11004703.0,The Left Party,left,1.276092
ID204504800,2022-06-24,11004908.0,FDP,middle,-0.41566
ID204501300,2022-06-24,11003586.0,CDU/CSU,middle,-1.536638
ID204608600,2022-07-06,11005047.0,Alliance 90/The Greens,middle,0.221677
ID204716200,2022-07-07,11004767.0,AFD,right,1.052248
ID204709600,2022-07-07,11004726.0,Alliance 90/The Greens,middle,-0.277539
ID204713300,2022-07-07,11004792.0,AFD,right,-0.412331
ID204704300,2022-07-07,11005047.0,Alliance 90/The Greens,middle,0.013269
ID204702600,2022-07-07,11005091.0,AFD,right,0.046583
ID204718500,2022-07-07,11005256.0,SPD,middle,0.107304
ID204705100,2022-07-07,11004761.0,AFD,right,-1.432886
ID204704700,2022-07-07,11005256.0,SPD,middle,-0.091163
ID204715500,2022-07-07,11004018.0,CDU/CSU,middle,-0.402421
ID204702000,2022-07-07,11005031.0,AFD,right,-1.355499
ID204712000,2022-07-07,11003586.0,CDU/CSU,middle,-0.826826
ID204700800,2022-07-07,11004298.0,CDU/CSU,middle,-0.155973
ID204803900,2022-07-08,11004837.0,The Left Party,left,-1.913381
ID204800500,2022-07-08,11004798.0,FDP,middle,-2.298071
ID204809000,2022-07-08,11005091.0,AFD,right,-0.343839
ID204806400,2022-07-08,11004942.0,SPD,middle,-0.565764
ID204806300,2022-07-08,11004837.0,The Left Party,left,-2.89679
ID204806100,2022-07-08,11004837.0,The Left Party,left,-2.963236
ID204801900,2022-07-08,11005256.0,SPD,middle,1.647568
ID204902400,2022-09-06,11003586.0,CDU/CSU,middle,0.119086
ID204904600,2022-09-06,11004687.0,AFD,right,0.019144
ID204905900,2022-09-06,11004687.0,AFD,right,-0.79648
ID204904500,2022-09-06,11005214.0,Alliance 90/The Greens,middle,-0.215384
ID204906700,2022-09-06,11004703.0,The Left Party,left,0.224938
ID204906600,2022-09-06,11004726.0,Alliance 90/The Greens,middle,-0.158857
ID204903900,2022-09-06,11003578.0,Alliance 90/The Greens,middle,0.159848
ID205005500,2022-09-07,11004018.0,CDU/CSU,middle,-0.156802
ID205001200,2022-09-07,11004382.0,CDU/CSU,middle,0.86704
ID205003500,2022-09-07,11004798.0,FDP,middle,-0.493664
ID205102300,2022-09-08,11005256.0,SPD,middle,0.180855
ID205106800,2022-09-08,11003586.0,CDU/CSU,middle,-0.570379
ID205109700,2022-09-08,11004767.0,AFD,right,-0.898386
ID205111300,2022-09-08,11004389.0,SPD,middle,-1.127333
ID205115400,2022-09-08,11004382.0,CDU/CSU,middle,0.000277
ID205111800,2022-09-08,11004336.0,CDU/CSU,middle,-1.659028
ID205110300,2022-09-08,11003578.0,Alliance 90/The Greens,middle,-1.125031
ID205115200,2022-09-08,11004687.0,AFD,right,1.272262
ID205100400,2022-09-08,11004761.0,AFD,right,-1.310227
ID205114000,2022-09-08,11004753.0,AFD,right,-0.344061
ID205113100,2022-09-08,11005214.0,Alliance 90/The Greens,middle,-0.405913
ID205100600,2022-09-08,11004183.0,The Left Party,left,-1.035198
ID205116300,2022-09-08,11004753.0,AFD,right,1.519744
ID205101700,2022-09-08,11004792.0,AFD,right,-0.590199
ID205201000,2022-09-09,11004687.0,AFD,right,-0.284014
ID205200400,2022-09-09,11004749.0,AFD,right,-1.944292
ID205202000,2022-09-09,11005047.0,Alliance 90/The Greens,middle,-0.637266
ID205308100,2022-09-21,11003586.0,CDU/CSU,middle,-0.695629
ID205310600,2022-09-21,11004761.0,AFD,right,-1.771349
ID205310500,2022-09-21,11005162.0,Alliance 90/The Greens,middle,2.156742
ID205306200,2022-09-21,11004792.0,AFD,right,0.298707
ID205302800,2022-09-21,11004792.0,AFD,right,-0.930052
ID205303000,2022-09-21,11004792.0,AFD,right,-0.942104
ID205304200,2022-09-21,11005047.0,Alliance 90/The Greens,middle,0.427293
ID205308300,2022-09-21,11004753.0,AFD,right,-0.692631
ID205419200,2022-09-22,11004298.0,CDU/CSU,middle,-0.279161
ID205400600,2022-09-22,11004703.0,The Left Party,left,1.249658
ID205402700,2022-09-22,11004792.0,AFD,right,0.128299
ID205417200,2022-09-22,11004792.0,AFD,right,-0.389747
ID205411900,2022-09-22,11004942.0,SPD,middle,1.150786
ID205411400,2022-09-22,11004753.0,AFD,right,0.982279
ID205400800,2022-09-22,11004018.0,CDU/CSU,middle,0.311257
ID205410700,2022-09-22,11005162.0,Alliance 90/The Greens,middle,0.487283
ID205414300,2022-09-22,11005047.0,Alliance 90/The Greens,middle,-0.026075
ID205416700,2022-09-22,11004767.0,AFD,right,-0.648183
ID205417800,2022-09-22,11005031.0,AFD,right,-0.683898
ID205415600,2022-09-22,11004767.0,AFD,right,-1.432952
ID205418700,2022-09-22,11004837.0,The Left Party,left,-0.89672
ID205414600,2022-09-22,11005082.0,The Left Party,left,1.31738
ID205504900,2022-09-23,11003888.0,Alliance 90/The Greens,middle,-1.332216
ID205505400,2022-09-23,11005091.0,AFD,right,-0.424282
ID205601400,2022-09-28,11004844.0,SPD,middle,-1.109499
ID205601600,2022-09-28,11004844.0,SPD,middle,-0.206393
ID205605600,2022-09-28,11003586.0,CDU/CSU,middle,-0.443663
ID205605800,2022-09-28,11003586.0,CDU/CSU,middle,0.449989
ID205610500,2022-09-28,11004753.0,AFD,right,-0.086532
ID205709700,2022-09-29,11003888.0,Alliance 90/The Greens,middle,0.753513
ID205700400,2022-09-29,11004792.0,AFD,right,0.192358
ID205704900,2022-09-29,11004703.0,The Left Party,left,1.397032
ID205706500,2022-09-29,11004753.0,AFD,right,0.511532
ID205702600,2022-09-29,11004726.0,Alliance 90/The Greens,middle,-0.213431
ID205704700,2022-09-29,11004767.0,AFD,right,1.168367
ID205711600,2022-09-29,11004767.0,AFD,right,-0.427842
ID205708300,2022-09-29,11003586.0,CDU/CSU,middle,-1.746003
ID205718600,2022-09-29,11005082.0,The Left Party,left,0.458726
ID205701800,2022-09-29,11004703.0,The Left Party,left,2.825842
ID205914500,2022-10-12,11004336.0,CDU/CSU,middle,-1.12356
ID205914200,2022-10-12,11005047.0,Alliance 90/The Greens,middle,-1.151221
ID205910100,2022-10-12,11004792.0,AFD,right,-1.217206
ID206011100,2022-10-13,11005031.0,AFD,right,1.0419
ID206008100,2022-10-13,11003578.0,Alliance 90/The Greens,middle,-0.5943
ID206001400,2022-10-13,11003888.0,Alliance 90/The Greens,middle,-0.43562
ID206007000,2022-10-13,11005162.0,Alliance 90/The Greens,middle,0.85061
ID206000400,2022-10-13,11005091.0,AFD,right,1.145397
ID206103800,2022-10-14,11004761.0,AFD,right,-1.947342
ID206101700,2022-10-14,11005162.0,Alliance 90/The Greens,middle,1.038579
ID206102100,2022-10-14,11005091.0,AFD,right,0.500053
ID206207300,2022-10-19,11004703.0,The Left Party,left,1.914578
ID206208100,2022-10-19,11004018.0,CDU/CSU,middle,0.312679
ID206207700,2022-10-19,11005047.0,Alliance 90/The Greens,middle,0.880637
ID206206900,2022-10-19,11004018.0,CDU/CSU,middle,0.896041
ID206209400,2022-10-19,11004298.0,CDU/CSU,middle,-0.679304
ID206202800,2022-10-19,11004726.0,Alliance 90/The Greens,middle,-0.015936
ID206207100,2022-10-19,11004703.0,The Left Party,left,2.560118
ID206202600,2022-10-19,11004726.0,Alliance 90/The Greens,middle,0.403676
ID206315800,2022-10-20,11005256.0,SPD,middle,-0.62691
ID206314000,2022-10-20,11004336.0,CDU/CSU,middle,-1.57662
ID206304100,2022-10-20,11003888.0,Alliance 90/The Greens,middle,0.634058
ID206314600,2022-10-20,11003578.0,Alliance 90/The Greens,middle,0.321605
ID206317300,2022-10-20,11003578.0,Alliance 90/The Greens,middle,1.902971
ID206301000,2022-10-20,11004798.0,FDP,middle,-1.537704
ID206314300,2022-10-20,11004767.0,AFD,right,-0.293677
ID206304900,2022-10-20,11004792.0,AFD,right,0.54469
ID206313900,2022-10-20,11003578.0,Alliance 90/The Greens,middle,-0.576885
ID206303500,2022-10-20,11003578.0,Alliance 90/The Greens,middle,0.005037
ID206312000,2022-10-20,11004767.0,AFD,right,1.128824
ID206404400,2022-10-21,11004703.0,The Left Party,left,1.084073
ID206403600,2022-10-21,11004837.0,The Left Party,left,-1.0449
ID206406500,2022-10-21,11004018.0,CDU/CSU,middle,-0.439689
ID206404000,2022-10-21,11004018.0,CDU/CSU,middle,-0.276865
ID206406900,2022-10-21,11004703.0,The Left Party,left,0.878434
ID206511800,2022-11-09,11005256.0,SPD,middle,-0.262004
ID206506000,2022-11-09,11004792.0,AFD,right,-0.109801
ID206500400,2022-11-09,11004792.0,AFD,right,0.112238
ID206501400,2022-11-09,11004792.0,AFD,right,0.388848
ID206509700,2022-11-09,11004018.0,CDU/CSU,middle,0.791173
ID206501600,2022-11-09,11005047.0,Alliance 90/The Greens,middle,0.3642
ID206510500,2022-11-09,11005082.0,The Left Party,left,1.216834
ID206601000,2022-11-10,11005091.0,AFD,right,0.775578
ID206612100,2022-11-10,11004298.0,CDU/CSU,middle,0.147571
ID206605800,2022-11-10,11005214.0,Alliance 90/The Greens,middle,0.089389
ID206619300,2022-11-10,11003888.0,Alliance 90/The Greens,middle,-0.965702
ID206623600,2022-11-10,11005162.0,Alliance 90/The Greens,middle,2.384701
ID206604400,2022-11-10,11005162.0,Alliance 90/The Greens,middle,0.286532
ID206600700,2022-11-10,11004389.0,SPD,middle,0.059568
ID206610900,2022-11-10,11004726.0,Alliance 90/The Greens,middle,-1.068348
ID206612300,2022-11-10,11003586.0,CDU/CSU,middle,1.338379
ID206703000,2022-11-11,11004753.0,AFD,right,-1.828983
ID206701000,2022-11-11,11004792.0,AFD,right,1.21004
ID206706900,2022-11-11,11004798.0,FDP,middle,-0.691711
ID206806300,2022-11-21,11003586.0,CDU/CSU,middle,-0.647768
ID206806100,2022-11-21,11003586.0,CDU/CSU,middle,-1.543074
ID206810200,2022-11-21,11004792.0,AFD,right,0.23989
ID206802600,2022-11-21,11003578.0,Alliance 90/The Greens,middle,1.169549
ID206802500,2022-11-21,11004687.0,AFD,right,-0.303415
ID206806700,2022-11-21,11004687.0,AFD,right,-1.051495
ID206901500,2022-11-23,11004726.0,Alliance 90/The Greens,middle,-0.940556
ID206901200,2022-11-23,11004382.0,CDU/CSU,middle,-0.398083
ID206906300,2022-11-23,11004942.0,SPD,middle,-1.301647
ID207001600,2022-11-24,11004389.0,SPD,middle,-0.182015
ID207007800,2022-11-24,11005082.0,The Left Party,left,-0.485386
ID207000100,2022-11-24,11004336.0,CDU/CSU,middle,-1.36148
ID207005900,2022-11-24,11005031.0,AFD,right,-0.803901
ID207013400,2022-11-24,11004687.0,AFD,right,1.474576
ID207000400,2022-11-24,11003578.0,Alliance 90/The Greens,middle,-0.612307
ID207009400,2022-11-24,11004687.0,AFD,right,0.674145
ID207013200,2022-11-24,11004382.0,CDU/CSU,middle,1.6153
ID207001400,2022-11-24,11003578.0,Alliance 90/The Greens,middle,0.870854
ID207104100,2022-11-25,11003578.0,Alliance 90/The Greens,middle,-0.742203
ID207101500,2022-11-25,11004761.0,AFD,right,-0.744295
ID207102500,2022-11-25,11005256.0,SPD,middle,0.579416
ID207201200,2022-11-30,11004753.0,AFD,right,0.578013
ID207210700,2022-11-30,11004844.0,SPD,middle,-0.149042
ID207211700,2022-11-30,11005047.0,Alliance 90/The Greens,middle,0.810548
ID207205000,2022-11-30,11004753.0,AFD,right,-0.300299
ID207209000,2022-11-30,11004798.0,FDP,middle,-2.340373
ID207204800,2022-11-30,11004753.0,AFD,right,-0.183589
ID207201400,2022-11-30,11004753.0,AFD,right,-0.74302
ID207306000,2022-12-01,11005162.0,Alliance 90/The Greens,middle,0.420412
ID207314200,2022-12-01,11005214.0,Alliance 90/The Greens,middle,0.827638
ID207306800,2022-12-01,11003888.0,Alliance 90/The Greens,middle,0.798813
ID207316800,2022-12-01,11005091.0,AFD,right,0.407083
ID207315600,2022-12-01,11004792.0,AFD,right,0.65259
ID207316300,2022-12-01,11004749.0,AFD,right,-0.227542
ID207324200,2022-12-01,11005082.0,The Left Party,left,2.970061
ID207408700,2022-12-02,11004749.0,AFD,right,-1.573918
ID207406900,2022-12-02,11005162.0,Alliance 90/The Greens,middle,-0.907649
ID207400800,2022-12-02,11004336.0,CDU/CSU,middle,0.267035
ID207407700,2022-12-02,11003586.0,CDU/CSU,middle,0.079948
ID207407900,2022-12-02,11004753.0,AFD,right,-0.526644
ID207403100,2022-12-02,11004726.0,Alliance 90/The Greens,middle,-0.314625
ID207516800,2022-12-14,11004749.0,AFD,right,0.222846
ID207504400,2022-12-14,11005214.0,Alliance 90/The Greens,middle,0.424802
ID207501000,2022-12-14,11004798.0,FDP,middle,-2.328405
ID207516500,2022-12-14,11004749.0,AFD,right,-0.923198
ID207507000,2022-12-14,11005082.0,The Left Party,left,0.421807
ID207504000,2022-12-14,11004792.0,AFD,right,-0.321794
ID207504200,2022-12-14,11004792.0,AFD,right,1.193729
ID207615700,2022-12-15,11003578.0,Alliance 90/The Greens,middle,0.5962
ID207611500,2022-12-15,11004018.0,CDU/CSU,middle,0.12195
ID207617300,2022-12-15,11004726.0,Alliance 90/The Greens,middle,1.04663
ID207612700,2022-12-15,11005214.0,Alliance 90/The Greens,middle,1.313789
ID207610800,2022-12-15,11004726.0,Alliance 90/The Greens,middle,-0.094597
ID207601400,2022-12-15,11004298.0,CDU/CSU,middle,-0.59719
ID207613000,2022-12-15,11005082.0,The Left Party,left,2.190129
ID207606100,2022-12-15,11004792.0,AFD,right,-0.104826
ID207610300,2022-12-15,11003888.0,Alliance 90/The Greens,middle,-0.543652
ID207603400,2022-12-15,11003586.0,CDU/CSU,middle,-2.714851
ID207603600,2022-12-15,11003586.0,CDU/CSU,middle,-1.071375
ID207701900,2022-12-16,11004336.0,CDU/CSU,middle,-1.922714
ID207702600,2022-12-16,11005091.0,AFD,right,-0.977058
ID207700400,2022-12-16,11004767.0,AFD,right,-0.150472
ID207704200,2022-12-16,11004767.0,AFD,right,-0.57086
ID207801800,2023-01-18,11004792.0,AFD,right,0.734864
ID207814300,2023-01-18,11005256.0,SPD,middle,1.687571
ID207914700,2023-01-19,11004336.0,CDU/CSU,middle,-0.711609
ID207914500,2023-01-19,11004703.0,The Left Party,left,1.334155
ID207900700,2023-01-19,11005082.0,The Left Party,left,1.068564
ID208001000,2023-01-20,11005091.0,AFD,right,-0.510856
ID208005600,2023-01-20,11004767.0,AFD,right,0.999801
ID208004000,2023-01-20,11004837.0,The Left Party,left,-0.332551
ID208006300,2023-01-20,11003578.0,Alliance 90/The Greens,middle,-1.390415
ID208110700,2023-01-25,11005214.0,Alliance 90/The Greens,middle,-0.814085
ID208209600,2023-01-26,11004942.0,SPD,middle,1.057432
ID208206600,2023-01-26,11005031.0,AFD,right,-0.152811
ID208200400,2023-01-26,11004761.0,AFD,right,-0.544525
ID208209300,2023-01-26,11004753.0,AFD,right,1.121179
ID208304500,2023-01-27,11004703.0,The Left Party,left,0.674887
ID208304900,2023-01-27,11004018.0,CDU/CSU,middle,0.937091
ID208300600,2023-01-27,11005082.0,The Left Party,left,-1.195294
ID208408600,2023-02-08,11005047.0,Alliance 90/The Greens,middle,0.798725
ID208405200,2023-02-08,11005256.0,SPD,middle,1.284653
ID208414300,2023-02-08,11005031.0,AFD,right,-0.140698
ID208405000,2023-02-08,11005256.0,SPD,middle,-0.796173
ID208408400,2023-02-08,11005047.0,Alliance 90/The Greens,middle,-0.404033
ID208401200,2023-02-08,11005256.0,SPD,middle,-0.618682
ID208401000,2023-02-08,11004798.0,FDP,middle,-0.843687
ID208502200,2023-02-09,11004726.0,Alliance 90/The Greens,middle,-0.655238
ID208504000,2023-02-09,11004767.0,AFD,right,-0.175777
ID208504200,2023-02-09,11005082.0,The Left Party,left,0.324974
ID208607600,2023-02-10,11005047.0,Alliance 90/The Greens,middle,1.100278
ID208600600,2023-02-10,11005082.0,The Left Party,left,1.300247
ID208602500,2023-02-10,11003586.0,CDU/CSU,middle,-1.70339
ID208607000,2023-02-10,11003888.0,Alliance 90/The Greens,middle,0.224706
ID208711600,2023-03-01,11005162.0,Alliance 90/The Greens,middle,0.428894
ID208708900,2023-03-01,11005091.0,AFD,right,-1.348493
ID208707100,2023-03-01,11005214.0,Alliance 90/The Greens,middle,0.038095
ID208714600,2023-03-01,11004749.0,AFD,right,-0.157902
ID208714100,2023-03-01,11005082.0,The Left Party,left,-0.392423
ID208707300,2023-03-01,11005214.0,Alliance 90/The Greens,middle,-0.810107
ID208711500,2023-03-01,11004761.0,AFD,right,-0.76367
ID208709500,2023-03-01,11005047.0,Alliance 90/The Greens,middle,-0.28793
ID208709100,2023-03-01,11005091.0,AFD,right,-0.571201
ID208805900,2023-03-02,11004336.0,CDU/CSU,middle,0.27659
ID208807400,2023-03-02,11004753.0,AFD,right,1.536398
ID208805700,2023-03-02,11005047.0,Alliance 90/The Greens,middle,-0.291168
ID208812100,2023-03-02,11004382.0,CDU/CSU,middle,1.164643
ID208815400,2023-03-02,11005082.0,The Left Party,left,2.189576
ID208811600,2023-03-02,11004753.0,AFD,right,-2.344217
ID208903000,2023-03-03,11004726.0,Alliance 90/The Greens,middle,0.128275
ID208900300,2023-03-03,11005214.0,Alliance 90/The Greens,middle,0.937248
ID208906300,2023-03-03,11004837.0,The Left Party,left,-1.205025
ID208905200,2023-03-03,11005214.0,Alliance 90/The Greens,middle,-0.715768
ID208900600,2023-03-03,11005082.0,The Left Party,left,1.155314
ID209009500,2023-03-15,11005091.0,AFD,right,1.731937
ID209016900,2023-03-15,11005047.0,Alliance 90/The Greens,middle,1.268308
ID209004300,2023-03-15,11004749.0,AFD,right,-0.496944
ID209004100,2023-03-15,11004749.0,AFD,right,-1.800938
ID209009700,2023-03-15,11005091.0,AFD,right,-0.269682
ID209106700,2023-03-16,11003586.0,CDU/CSU,middle,-1.756225
ID209104500,2023-03-16,11004726.0,Alliance 90/The Greens,middle,-0.561743
ID209116900,2023-03-16,11004753.0,AFD,right,2.207023
ID209204200,2023-03-17,11003586.0,CDU/CSU,middle,-0.360769
ID209207900,2023-03-17,11005091.0,AFD,right,1.004985
ID209209100,2023-03-17,11004298.0,CDU/CSU,middle,0.074191
ID209206200,2023-03-17,11004703.0,The Left Party,left,1.106096
ID209209200,2023-03-17,11004726.0,Alliance 90/The Greens,middle,-0.732157
ID209203100,2023-03-17,11004703.0,The Left Party,left,2.352054
ID209205000,2023-03-17,11004753.0,AFD,right,-1.65915
ID209204900,2023-03-17,11004844.0,SPD,middle,-0.200512
ID209303800,2023-03-29,11004687.0,AFD,right,-0.461074
ID209304000,2023-03-29,11004687.0,AFD,right,-1.480879
ID209403500,2023-03-30,11004871.0,FDP,middle,0.094838
ID209406800,2023-03-30,11003586.0,CDU/CSU,middle,-0.831154
ID209501700,2023-03-31,11004798.0,FDP,middle,-0.219945
ID209506900,2023-03-31,11004703.0,The Left Party,left,1.705453
ID209604500,2023-04-19,11004753.0,AFD,right,0.580849
ID209610100,2023-04-19,11004761.0,AFD,right,-0.844635
ID209606700,2023-04-19,11004753.0,AFD,right,-0.161986
ID209606500,2023-04-19,11004753.0,AFD,right,1.328
ID209609700,2023-04-19,11004798.0,FDP,middle,-1.494063
ID209707700,2023-04-20,11005047.0,Alliance 90/The Greens,middle,-1.857878
ID209716400,2023-04-20,11004703.0,The Left Party,left,0.809452
ID209714600,2023-04-20,11004726.0,Alliance 90/The Greens,middle,0.82473
ID209707600,2023-04-20,11003586.0,CDU/CSU,middle,-1.897838
ID209806600,2023-04-21,11005162.0,Alliance 90/The Greens,middle,1.5718
ID209807100,2023-04-21,11004726.0,Alliance 90/The Greens,middle,0.699579
ID209803100,2023-04-21,11005256.0,SPD,middle,1.79674
ID209913100,2023-04-26,11004749.0,AFD,right,-1.138963
ID209910800,2023-04-26,11004798.0,FDP,middle,-0.897166
ID209904300,2023-04-26,11005082.0,The Left Party,left,-0.632966
ID2010003500,2023-04-27,11004298.0,CDU/CSU,middle,-0.443204
ID2010006100,2023-04-27,11005091.0,AFD,right,-0.611377
ID2010000400,2023-04-27,11005091.0,AFD,right,-0.571353
ID2010010800,2023-04-27,11005031.0,AFD,right,-0.291122
ID2010011300,2023-04-27,11003888.0,Alliance 90/The Greens,middle,-0.438787
ID2010007000,2023-04-27,11004767.0,AFD,right,1.300931
ID2010100900,2023-04-28,11003888.0,Alliance 90/The Greens,middle,1.608462
ID2010101000,2023-04-28,11005091.0,AFD,right,1.489618
ID2010100700,2023-04-28,11004389.0,SPD,middle,0.41404
ID2010207200,2023-05-10,11004018.0,CDU/CSU,middle,0.67901
ID2010204200,2023-05-10,11005091.0,AFD,right,0.680211
ID2010213900,2023-05-10,11005047.0,Alliance 90/The Greens,middle,-0.708079
ID2010203700,2023-05-10,11005047.0,Alliance 90/The Greens,middle,-0.936912
ID2010203500,2023-05-10,11005047.0,Alliance 90/The Greens,middle,0.162882
ID2010204000,2023-05-10,11005091.0,AFD,right,0.081474
ID2010208400,2023-05-10,11005031.0,AFD,right,-1.147473
ID2010317700,2023-05-11,11005214.0,Alliance 90/The Greens,middle,1.061209
ID2010305400,2023-05-11,11004753.0,AFD,right,-0.679509
ID2010304300,2023-05-11,11004837.0,The Left Party,left,-0.989233
ID2010314500,2023-05-11,11004767.0,AFD,right,1.533768
ID2010300800,2023-05-11,11003586.0,CDU/CSU,middle,-1.783681
ID2010317600,2023-05-11,11005082.0,The Left Party,left,2.57642
ID2010406700,2023-05-12,11005214.0,Alliance 90/The Greens,middle,0.048062
ID2010408000,2023-05-12,11003586.0,CDU/CSU,middle,-1.250282
ID2010518000,2023-05-24,11005047.0,Alliance 90/The Greens,middle,-1.222942
ID2010513700,2023-05-24,11004753.0,AFD,right,1.726233
ID2010600600,2023-05-25,11004703.0,The Left Party,left,1.064503
ID2010707700,2023-05-26,11004726.0,Alliance 90/The Greens,middle,-0.929964
ID2010811300,2023-06-14,11003586.0,CDU/CSU,middle,0.080239
ID2010800700,2023-06-14,11004844.0,SPD,middle,-0.016632
ID2010816300,2023-06-14,11004726.0,Alliance 90/The Greens,middle,-0.522059
ID2010800900,2023-06-14,11004844.0,SPD,middle,0.333706
ID2010810700,2023-06-14,11005214.0,Alliance 90/The Greens,middle,0.158826
ID2010801500,2023-06-14,11005214.0,Alliance 90/The Greens,middle,-0.204152
ID2010801700,2023-06-14,11005214.0,Alliance 90/The Greens,middle,-0.994116
ID2010811100,2023-06-14,11003586.0,CDU/CSU,middle,0.772554
ID2010909600,2023-06-15,11005214.0,Alliance 90/The Greens,middle,0.562964
ID2010919900,2023-06-15,11005256.0,SPD,middle,0.774663
ID2010911800,2023-06-15,11004767.0,AFD,right,0.594541
ID2010906100,2023-06-15,11004749.0,AFD,right,-2.294309
ID2010912600,2023-06-15,11003586.0,CDU/CSU,middle,-0.873995
ID2010909300,2023-06-15,11005082.0,The Left Party,left,0.374336
ID2011004300,2023-06-16,11005214.0,Alliance 90/The Greens,middle,0.548371
ID2011007100,2023-06-16,11005091.0,AFD,right,-1.086532
ID2011000500,2023-06-16,11004798.0,FDP,middle,-0.376949
ID2011006400,2023-06-16,11004837.0,The Left Party,left,-2.700913
ID2011112400,2023-06-21,11003888.0,Alliance 90/The Greens,middle,-0.002779
ID2011111800,2023-06-21,11003578.0,Alliance 90/The Greens,middle,0.111305
ID2011117900,2023-06-21,11004844.0,SPD,middle,-1.897804
ID2011117500,2023-06-21,11004298.0,CDU/CSU,middle,0.169801
ID2011113300,2023-06-21,11005031.0,AFD,right,-1.549077
ID2011114400,2023-06-21,11005214.0,Alliance 90/The Greens,middle,-0.049309
ID2011107900,2023-06-21,11005214.0,Alliance 90/The Greens,middle,0.006624
ID2011213000,2023-06-22,11005091.0,AFD,right,-0.026372
ID2011212900,2023-06-22,11003888.0,Alliance 90/The Greens,middle,0.419744
ID2011201200,2023-06-22,11005256.0,SPD,middle,-0.145974
ID2011216100,2023-06-22,11004837.0,The Left Party,left,-0.518093
ID2011203600,2023-06-22,11004726.0,Alliance 90/The Greens,middle,-0.135412
ID2011206900,2023-06-22,11004761.0,AFD,right,-0.503887
ID2011302000,2023-06-23,11004389.0,SPD,middle,-0.757684
ID2011309800,2023-06-23,11004942.0,SPD,middle,-1.481492
ID2011302200,2023-06-23,11004389.0,SPD,middle,-1.126734
ID2011307500,2023-06-23,11005162.0,Alliance 90/The Greens,middle,-0.352838
ID2011304800,2023-06-23,11003888.0,Alliance 90/The Greens,middle,0.966873
ID2011304300,2023-06-23,11005091.0,AFD,right,0.053623
ID2011400400,2023-07-05,11003586.0,CDU/CSU,middle,0.119155
ID2011401800,2023-07-05,11005256.0,SPD,middle,0.4857
ID2011400200,2023-07-05,11003586.0,CDU/CSU,middle,-0.630002
ID2011408600,2023-07-05,11005031.0,AFD,right,-0.679603
ID2011401600,2023-07-05,11005256.0,SPD,middle,-0.217872
ID2011408300,2023-07-05,11004871.0,FDP,middle,2.700056
ID2011407200,2023-07-05,11004761.0,AFD,right,-0.765248
ID2011406800,2023-07-05,11004761.0,AFD,right,-1.550143
ID2011406600,2023-07-05,11004761.0,AFD,right,-0.789778
ID2011407800,2023-07-05,11005162.0,Alliance 90/The Greens,middle,-0.989321
ID2011511800,2023-07-06,11004798.0,FDP,middle,-1.582617
ID2011515100,2023-07-06,11004389.0,SPD,middle,-0.598504
ID2011519300,2023-07-06,11003578.0,Alliance 90/The Greens,middle,0.332173
ID2011507700,2023-07-06,11004749.0,AFD,right,-2.458277
ID2011517600,2023-07-06,11005047.0,Alliance 90/The Greens,middle,-1.570098
ID2011506500,2023-07-06,11004018.0,CDU/CSU,middle,0.619453
ID2011507000,2023-07-06,11005031.0,AFD,right,0.038959
ID2011501800,2023-07-06,11004908.0,FDP,middle,-0.210237
ID2011600600,2023-07-07,11004761.0,AFD,right,-0.559862
ID2011603500,2023-07-07,11004703.0,The Left Party,left,0.703255
ID2011604100,2023-07-07,11005047.0,Alliance 90/The Greens,middle,1.502897
ID2011603200,2023-07-07,11005047.0,Alliance 90/The Greens,middle,1.423412
ID2011705000,2023-09-05,11003578.0,Alliance 90/The Greens,middle,1.878642
ID2011705700,2023-09-05,11004687.0,AFD,right,-0.043458
ID2011806500,2023-09-06,11004018.0,CDU/CSU,middle,-0.866018
ID2011807600,2023-09-06,11004703.0,The Left Party,left,1.629361
ID2011802500,2023-09-06,11004382.0,CDU/CSU,middle,0.944486
ID2011806700,2023-09-06,11004687.0,AFD,right,-0.367465
ID2011802300,2023-09-06,11004726.0,Alliance 90/The Greens,middle,-0.177642
ID2011805600,2023-09-06,11004837.0,The Left Party,left,-1.120003
ID2011800900,2023-09-06,11005091.0,AFD,right,0.143429
ID2011913300,2023-09-07,11004382.0,CDU/CSU,middle,1.579078
ID2011912600,2023-09-07,11004687.0,AFD,right,1.257764
ID2011908300,2023-09-07,11004687.0,AFD,right,0.308956
ID2011911600,2023-09-07,11004753.0,AFD,right,0.461956
ID2011901000,2023-09-07,11004761.0,AFD,right,-0.939608
ID2012000300,2023-09-08,11003578.0,Alliance 90/The Greens,middle,-1.095759
ID2012001900,2023-09-08,11004336.0,CDU/CSU,middle,-1.028642
ID2012001700,2023-09-08,11004389.0,SPD,middle,-1.364484
ID2012105500,2023-09-20,11004749.0,AFD,right,-0.879466
ID2012108700,2023-09-20,11005047.0,Alliance 90/The Greens,middle,1.964225
ID2012115500,2023-09-20,11004703.0,The Left Party,left,1.810999
ID2012114200,2023-09-20,11004703.0,The Left Party,left,1.071683
ID2012109500,2023-09-20,11004753.0,AFD,right,-0.016603
ID2012114000,2023-09-20,11004767.0,AFD,right,-0.299448
ID2012113500,2023-09-20,11003586.0,CDU/CSU,middle,-0.606483
ID2012113300,2023-09-20,11003586.0,CDU/CSU,middle,-2.313914
ID2012105300,2023-09-20,11004749.0,AFD,right,-1.10461
ID2012103500,2023-09-20,11004749.0,AFD,right,-0.474669
ID2012223300,2023-09-21,11005082.0,The Left Party,left,1.302728
ID2012222800,2023-09-21,11005082.0,The Left Party,left,2.134886
ID2012218100,2023-09-21,11004753.0,AFD,right,0.444843
ID2012215300,2023-09-21,11004726.0,Alliance 90/The Greens,middle,-0.902444
ID2012218500,2023-09-21,11004726.0,Alliance 90/The Greens,middle,0.370882
ID2012217100,2023-09-21,11004336.0,CDU/CSU,middle,0.054731
ID2012216800,2023-09-21,11004871.0,FDP,middle,-0.483794
ID2012208300,2023-09-21,11004749.0,AFD,right,-1.44817
ID2012218700,2023-09-21,11005031.0,AFD,right,-0.783351
ID2012212100,2023-09-21,11004761.0,AFD,right,-1.345191
ID2012220500,2023-09-21,11005091.0,AFD,right,-0.436302
ID2012216100,2023-09-21,11004767.0,AFD,right,0.566416
ID2012203200,2023-09-21,11003586.0,CDU/CSU,middle,-0.087196
ID2012213700,2023-09-21,11003586.0,CDU/CSU,middle,-1.551843
ID2012201000,2023-09-21,11005162.0,Alliance 90/The Greens,middle,0.51333
ID2012207400,2023-09-21,11005162.0,Alliance 90/The Greens,middle,-1.016924
ID2012301200,2023-09-22,11004298.0,CDU/CSU,middle,1.128329
ID2012415500,2023-09-27,11005031.0,AFD,right,-1.229972
ID2012414700,2023-09-27,11005256.0,SPD,middle,2.20282
ID2012416200,2023-09-27,11005031.0,AFD,right,-1.314044
ID2012505000,2023-09-28,11004018.0,CDU/CSU,middle,0.041473
ID2012504100,2023-09-28,11004703.0,The Left Party,left,1.87807
ID2012505700,2023-09-28,11004749.0,AFD,right,0.06137
ID2012502100,2023-09-28,11005214.0,Alliance 90/The Greens,middle,0.527709
ID2012505300,2023-09-28,11004749.0,AFD,right,-1.810567
ID2012600900,2023-09-29,11005256.0,SPD,middle,1.53628
ID2012711900,2023-10-11,11005031.0,AFD,right,-0.936253
ID2012707200,2023-10-11,11005047.0,Alliance 90/The Greens,middle,0.660525
ID2012709000,2023-10-11,11005047.0,Alliance 90/The Greens,middle,0.319725
ID2012811900,2023-10-12,11005091.0,AFD,right,-1.071422
ID2012809700,2023-10-12,11004767.0,AFD,right,-1.501567
ID2012818700,2023-10-12,11004767.0,AFD,right,0.214502
ID2012904900,2023-10-13,11003888.0,Alliance 90/The Greens,middle,0.178718
ID2012903000,2023-10-13,11004018.0,CDU/CSU,middle,0.750204
ID2012901100,2023-10-13,11005162.0,Alliance 90/The Greens,middle,0.962523
ID2012907800,2023-10-13,11004018.0,CDU/CSU,middle,-0.015636
ID2012906300,2023-10-13,11005082.0,The Left Party,left,2.220334
ID2013011600,2023-10-18,11004749.0,AFD,right,-1.991263
ID2013010500,2023-10-18,11005031.0,AFD,right,-0.369366
ID2013010300,2023-10-18,11005031.0,AFD,right,-2.311613
ID2013008900,2023-10-18,11004018.0,CDU/CSU,middle,0.722366
ID2013008700,2023-10-18,11004018.0,CDU/CSU,middle,-0.727232
ID2013013300,2023-10-18,11004837.0,The Left Party,left,-1.532841
ID2013001500,2023-10-18,11004726.0,Alliance 90/The Greens,middle,0.195818
ID2013003700,2023-10-18,11004726.0,Alliance 90/The Greens,middle,1.658225
ID2013001700,2023-10-18,11004726.0,Alliance 90/The Greens,middle,0.896628
ID2013110900,2023-10-19,11005047.0,Alliance 90/The Greens,middle,-0.48189
ID2013101500,2023-10-19,11005256.0,SPD,middle,0.725153
ID2013102400,2023-10-19,11004761.0,AFD,right,-0.151314
ID2013103500,2023-10-19,11004761.0,AFD,right,-1.77159
ID2013117100,2023-10-19,11004767.0,AFD,right,-1.712368
ID2013111200,2023-10-19,11005091.0,AFD,right,-0.494577
ID2013109800,2023-10-19,11004726.0,Alliance 90/The Greens,middle,0.440626
ID2013121100,2023-10-19,11005082.0,The Left Party,left,0.793786
ID2013120000,2023-10-19,11005082.0,The Left Party,left,1.771523
ID2013111500,2023-10-19,11003888.0,Alliance 90/The Greens,middle,0.812747
ID2013200100,2023-10-20,11004871.0,FDP,middle,1.518287
ID2013200400,2023-10-20,11005031.0,AFD,right,-1.907873
ID2013206200,2023-10-20,11004726.0,Alliance 90/The Greens,middle,0.250025
ID2013201100,2023-10-20,11005031.0,AFD,right,-2.370891
ID2013304700,2023-11-08,11003586.0,CDU/CSU,middle,0.228579
ID2013302900,2023-11-08,11003586.0,CDU/CSU,middle,-0.054072
ID2013314500,2023-11-08,11005082.0,The Left Party,left,0.675778
ID2013300500,2023-11-08,11003586.0,CDU/CSU,middle,-0.909872
ID2013300300,2023-11-08,11003586.0,CDU/CSU,middle,0.141388
ID2013407000,2023-11-09,11004844.0,SPD,middle,0.187758
ID2013411200,2023-11-09,11004767.0,AFD,right,-2.075179
ID2013417800,2023-11-09,11004767.0,AFD,right,2.560152
ID2013409400,2023-11-09,11003586.0,CDU/CSU,middle,-0.27656
ID2013401200,2023-11-09,11003586.0,CDU/CSU,middle,-0.161645
ID2013414900,2023-11-09,11005162.0,Alliance 90/The Greens,middle,0.870661
ID2013407600,2023-11-09,11004749.0,AFD,right,-2.332573
ID2013412600,2023-11-09,11003888.0,Alliance 90/The Greens,middle,-0.378779
ID2013413000,2023-11-09,11005091.0,AFD,right,-0.0619
ID2013412900,2023-11-09,11003578.0,Alliance 90/The Greens,middle,1.275209
ID2013410900,2023-11-09,11004767.0,AFD,right,-0.933865
ID2013405400,2023-11-09,11005091.0,AFD,right,-0.318761
ID2013419300,2023-11-09,11005082.0,The Left Party,left,2.153503
ID2013410400,2023-11-09,11004726.0,Alliance 90/The Greens,middle,1.486321
ID2013500200,2023-11-10,11004298.0,CDU/CSU,middle,1.34151
ID2013603000,2023-11-15,11003586.0,CDU/CSU,middle,0.652932
ID2013613600,2023-11-15,11005214.0,Alliance 90/The Greens,middle,-0.128446
ID2013607900,2023-11-15,11004726.0,Alliance 90/The Greens,middle,-0.55696
ID2013611300,2023-11-15,11003586.0,CDU/CSU,middle,0.836772
ID2013602800,2023-11-15,11003586.0,CDU/CSU,middle,-1.265521
ID2013718500,2023-11-16,11004761.0,AFD,right,-0.561755
ID2013711900,2023-11-16,11004703.0,The Left Party,left,0.566893
ID2013715500,2023-11-16,11005162.0,Alliance 90/The Greens,middle,-0.333859
ID2013713800,2023-11-16,11005162.0,Alliance 90/The Greens,middle,0.410572
ID2013716200,2023-11-16,11005091.0,AFD,right,-1.154187
ID2013712400,2023-11-16,11004018.0,CDU/CSU,middle,-0.062058
ID2013719900,2023-11-16,11005082.0,The Left Party,left,1.267908
ID2013701000,2023-11-16,11003586.0,CDU/CSU,middle,-0.106411
ID2013701200,2023-11-16,11004753.0,AFD,right,-1.523369
ID2013716800,2023-11-16,11004767.0,AFD,right,-2.251122
ID2013812300,2023-11-17,11004767.0,AFD,right,1.019925
ID2013802600,2023-11-17,11004767.0,AFD,right,-0.519984
ID2013801300,2023-11-17,11005162.0,Alliance 90/The Greens,middle,0.846831
ID2013812500,2023-11-17,11005082.0,The Left Party,left,0.543168
ID2013807500,2023-11-17,11005091.0,AFD,right,0.008992
ID2013807400,2023-11-17,11003888.0,Alliance 90/The Greens,middle,-0.201958
ID2013811800,2023-11-17,11005082.0,The Left Party,left,1.128753
ID2014014200,2023-11-29,11005214.0,Alliance 90/The Greens,middle,0.423191
ID2014102200,2023-11-30,11004761.0,AFD,right,-1.155219
ID2014113900,2023-11-30,11004336.0,CDU/CSU,middle,-1.763906
ID2014202200,2023-12-01,11004726.0,Alliance 90/The Greens,middle,-0.714991
ID2014202700,2023-12-01,11005031.0,AFD,right,-2.142145
ID2014311900,2023-12-13,11005214.0,Alliance 90/The Greens,middle,2.069361
ID2014311700,2023-12-13,11005214.0,Alliance 90/The Greens,middle,-0.109259
ID2014312900,2023-12-13,11004753.0,AFD,right,0.725437
ID2014409900,2023-12-14,11005162.0,Alliance 90/The Greens,middle,0.049209
ID2014402000,2023-12-14,11004761.0,AFD,right,-2.267896
ID2014506900,2023-12-15,11004298.0,CDU/CSU,middle,0.286791
ID2014504000,2023-12-15,11004767.0,AFD,right,-1.254043
ID2014616800,2024-01-17,11005214.0,Alliance 90/The Greens,middle,-0.875741
ID2014602900,2024-01-17,11005047.0,Alliance 90/The Greens,middle,-0.743322
ID2014712500,2024-01-18,11004018.0,CDU/CSU,middle,1.843468
ID2014716300,2024-01-18,11005256.0,SPD,middle,1.355729
ID2014711300,2024-01-18,11004767.0,AFD,right,-0.591501
ID2014709400,2024-01-18,11004749.0,AFD,right,-1.564663
ID2014802900,2024-01-19,11005091.0,AFD,right,-1.263384
ID2014803100,2024-01-19,11005091.0,AFD,right,-2.435619
ID2014803200,2024-01-19,11003888.0,Alliance 90/The Greens,middle,-0.757782
ID2014908100,2024-01-30,11004726.0,Alliance 90/The Greens,middle,0.160437
ID2014911000,2024-01-30,11005047.0,Alliance 90/The Greens,middle,0.039872
ID2014903800,2024-01-30,11003586.0,CDU/CSU,middle,-0.977136
ID2014904900,2024-01-30,11004687.0,AFD,right,-0.266513
ID2014909200,2024-01-30,11004749.0,AFD,right,-1.032578
ID2014912500,2024-01-30,11004687.0,AFD,right,1.107529
ID2014903400,2024-01-30,11004844.0,SPD,middle,0.696139
ID2014907100,2024-01-30,11004687.0,AFD,right,-0.968391
ID2014909700,2024-01-30,11004687.0,AFD,right,0.375107
ID2014904500,2024-01-30,11003578.0,Alliance 90/The Greens,middle,0.960882
ID2014901700,2024-01-30,11003578.0,Alliance 90/The Greens,middle,-0.100638
ID2014911300,2024-01-30,11004382.0,CDU/CSU,middle,0.70883
ID2015006800,2024-01-31,11004018.0,CDU/CSU,middle,-0.476189
ID2015001100,2024-01-31,11004382.0,CDU/CSU,middle,0.717361
ID2015103200,2024-02-01,11003578.0,Alliance 90/The Greens,middle,-1.184844
ID2015102900,2024-02-01,11004336.0,CDU/CSU,middle,-0.817697
ID2015104000,2024-02-01,11004389.0,SPD,middle,-0.739486
ID2015104200,2024-02-01,11003888.0,Alliance 90/The Greens,middle,0.843317
ID2015308200,2024-02-21,11004753.0,AFD,right,1.725283
ID2015308400,2024-02-21,11004753.0,AFD,right,0.576555
ID2015312100,2024-02-21,11004183.0,BSW,left,-2.614305
ID2015305200,2024-02-21,11004753.0,AFD,right,0.677414
ID2015400400,2024-02-22,11004761.0,AFD,right,-0.942417
ID2015418500,2024-02-22,11004726.0,Alliance 90/The Greens,middle,0.461112
ID2015420200,2024-02-22,11004703.0,The Left Party,left,1.628408
ID2015401800,2024-02-22,11005256.0,SPD,middle,0.87294
ID2015411800,2024-02-22,11004749.0,AFD,right,-2.14188
ID2015417900,2024-02-22,11005031.0,AFD,right,-0.838941
ID2015418700,2024-02-22,11004753.0,AFD,right,1.707
ID2015501200,2024-02-23,11004871.0,FDP,middle,2.53596
ID2015504600,2024-02-23,11004703.0,The Left Party,left,2.769654
ID2015504800,2024-02-23,11004018.0,CDU/CSU,middle,0.263736
ID2015507700,2024-02-23,11004753.0,AFD,right,0.93467
ID2015504900,2024-02-23,11003586.0,CDU/CSU,middle,-1.214823
ID2015708900,2024-03-14,11004767.0,AFD,right,0.750113
ID2015704900,2024-03-14,11005091.0,AFD,right,1.526947
ID2015710600,2024-03-14,11005256.0,SPD,middle,1.621119
ID2015703200,2024-03-14,11004183.0,BSW,left,-2.930112
ID2015700100,2024-03-14,11005047.0,Alliance 90/The Greens,middle,-0.453459
ID2015714700,2024-03-14,11004749.0,AFD,right,-0.756976
ID2015802900,2024-03-15,11004687.0,AFD,right,-0.466912
ID2015803900,2024-03-15,11004749.0,AFD,right,-0.869485
ID2015800900,2024-03-15,11004753.0,AFD,right,-2.274885
ID2015800200,2024-03-15,11003586.0,CDU/CSU,middle,-0.564002
ID2015803600,2024-03-15,11005047.0,Alliance 90/The Greens,middle,-1.047392
ID2015800300,2024-03-15,11004844.0,SPD,middle,-1.018794
ID2015907500,2024-03-20,11005047.0,Alliance 90/The Greens,middle,-1.293684
ID2015912700,2024-03-20,11003586.0,CDU/CSU,middle,-0.777036
ID2015910300,2024-03-20,11005047.0,Alliance 90/The Greens,middle,1.299846
ID2015907300,2024-03-20,11005047.0,Alliance 90/The Greens,middle,-0.619405
ID2015917000,2024-03-20,11004298.0,CDU/CSU,middle,-1.45863
ID2015909900,2024-03-20,11004761.0,AFD,right,-2.973316
ID2015916300,2024-03-20,11005214.0,Alliance 90/The Greens,middle,-0.937958
ID2015917300,2024-03-20,11004382.0,CDU/CSU,middle,-0.440884
ID2015910900,2024-03-20,11004749.0,AFD,right,0.000307
ID2015901700,2024-03-20,11004183.0,BSW,left,-2.297792
ID2015911100,2024-03-20,11004749.0,AFD,right,-0.574387
ID2016007500,2024-03-21,11004844.0,SPD,middle,-1.430462
ID2016015400,2024-03-21,11005047.0,Alliance 90/The Greens,middle,-0.026851
ID2016010900,2024-03-21,11004726.0,Alliance 90/The Greens,middle,-0.830748
ID2016009500,2024-03-21,11004871.0,FDP,middle,0.499312
ID2016001900,2024-03-21,11004703.0,The Left Party,left,0.651526
ID2016012500,2024-03-21,11004753.0,AFD,right,0.412067
ID2016000200,2024-03-21,11004018.0,CDU/CSU,middle,0.800044
ID2016016600,2024-03-21,11004336.0,CDU/CSU,middle,-1.646961
ID2016104700,2024-03-22,11004018.0,CDU/CSU,middle,-0.42513
ID2016101900,2024-03-22,11005214.0,Alliance 90/The Greens,middle,-0.210678
ID2016106900,2024-03-22,11004703.0,The Left Party,left,-1.037725
ID2016105400,2024-03-22,11003578.0,Alliance 90/The Greens,middle,-0.251643
ID2016106000,2024-03-22,11004761.0,AFD,right,-2.436011
ID2016100400,2024-03-22,11005091.0,AFD,right,1.004765
ID2016206300,2024-04-10,11004726.0,Alliance 90/The Greens,middle,0.325411
ID2016206100,2024-04-10,11004726.0,Alliance 90/The Greens,middle,0.716028
ID2016204900,2024-04-10,11005047.0,Alliance 90/The Greens,middle,0.103889
ID2016209700,2024-04-10,11004749.0,AFD,right,-1.157913
ID2016211400,2024-04-10,11004753.0,AFD,right,-2.178132
ID2016211300,2024-04-10,11004844.0,SPD,middle,-0.176795
ID2016311100,2024-04-11,11004767.0,AFD,right,1.350901
ID2016306600,2024-04-11,11005082.0,The Left Party,left,-1.642408
ID2016300900,2024-04-11,11004687.0,AFD,right,0.087751
ID2016406100,2024-04-12,11004183.0,BSW,left,-0.566071
ID2016404700,2024-04-12,11004726.0,Alliance 90/The Greens,middle,0.703845
ID2016407400,2024-04-12,11005162.0,Alliance 90/The Greens,middle,-0.005031
ID2016410000,2024-04-12,11005047.0,Alliance 90/The Greens,middle,0.799393
ID2016408100,2024-04-12,11004298.0,CDU/CSU,middle,1.114889
ID2016512100,2024-04-24,11004749.0,AFD,right,-2.189254
ID2016601400,2024-04-25,11005082.0,The Left Party,left,-2.455234
ID2016609600,2024-04-25,11004018.0,CDU/CSU,middle,-0.179811
ID2016608900,2024-04-25,11004837.0,BSW,left,0.044485
ID2016605600,2024-04-25,11004336.0,CDU/CSU,middle,-1.201184
ID2016610900,2024-04-25,11004942.0,SPD,middle,-0.705348
ID2016613500,2024-04-25,11005214.0,Alliance 90/The Greens,middle,-0.073313
ID2016603900,2024-04-25,11004871.0,FDP,middle,-0.060193
ID2016609900,2024-04-25,11004703.0,The Left Party,left,0.28678
ID2016616500,2024-04-25,11003578.0,Alliance 90/The Greens,middle,2.707001
ID2016614400,2024-04-25,11005091.0,AFD,right,-0.448543
ID2016615900,2024-04-25,11005031.0,AFD,right,0.825536
ID2016707700,2024-04-26,11004298.0,CDU/CSU,middle,0.341606
ID2016709500,2024-04-26,11005214.0,Alliance 90/The Greens,middle,0.144441
ID2016708600,2024-04-26,11004726.0,Alliance 90/The Greens,middle,1.130051
ID2016811000,2024-05-15,11004753.0,AFD,right,-0.05518
ID2016804300,2024-05-15,11004389.0,SPD,middle,-0.408228
ID2016815300,2024-05-15,11004753.0,AFD,right,1.119368
ID2016816800,2024-05-15,11004336.0,CDU/CSU,middle,-1.933961
ID2016901300,2024-05-16,11005082.0,The Left Party,left,-2.193536
ID2016900400,2024-05-16,11004753.0,AFD,right,-0.651454
ID2016911400,2024-05-16,11005031.0,AFD,right,-1.139778
ID2016903300,2024-05-16,11004183.0,BSW,left,-2.443767
ID2016909800,2024-05-16,11005162.0,Alliance 90/The Greens,middle,-0.774253
ID2016913100,2024-05-16,11004018.0,CDU/CSU,middle,0.068691
ID2016918200,2024-05-16,11005031.0,AFD,right,-0.197218
ID2017006300,2024-05-17,11004761.0,AFD,right,-1.322759
ID2017002800,2024-05-17,11004336.0,CDU/CSU,middle,-2.718673
ID2017003500,2024-05-17,11004753.0,AFD,right,0.298676
ID2017104500,2024-06-05,11004837.0,BSW,left,-1.431724
ID2017114600,2024-06-05,11005162.0,Alliance 90/The Greens,middle,-0.186479
ID2017212300,2024-06-06,11005082.0,The Left Party,left,0.079719
ID2017205700,2024-06-06,11005214.0,Alliance 90/The Greens,middle,-0.883859
ID2017201400,2024-06-06,11004183.0,BSW,left,-1.958029
ID2017209700,2024-06-06,11004753.0,AFD,right,-0.187537
ID2017216700,2024-06-06,11005031.0,AFD,right,-0.225016
ID2017205200,2024-06-06,11005082.0,The Left Party,left,0.270478
ID2017304400,2024-06-07,11005162.0,Alliance 90/The Greens,middle,0.068563
ID2017306900,2024-06-07,11004336.0,CDU/CSU,middle,-1.068813
ID2017406900,2024-06-12,11005047.0,Alliance 90/The Greens,middle,-0.928476
ID2017402100,2024-06-12,11005214.0,Alliance 90/The Greens,middle,-0.767459
ID2017401900,2024-06-12,11005214.0,Alliance 90/The Greens,middle,-0.092935
ID2017407900,2024-06-12,11005214.0,Alliance 90/The Greens,middle,-0.547632
ID2017403100,2024-06-12,11005047.0,Alliance 90/The Greens,middle,-0.940334
ID2017503300,2024-06-13,11004183.0,BSW,left,-1.453128
ID2017512700,2024-06-13,11004767.0,AFD,right,1.02338
ID2017509200,2024-06-13,11005091.0,AFD,right,-0.235585
ID2017505800,2024-06-13,11004749.0,AFD,right,-2.137072
ID2017506400,2024-06-13,11004336.0,CDU/CSU,middle,-0.722855
ID2017513700,2024-06-13,11004703.0,The Left Party,left,0.67489
ID2017511400,2024-06-13,11004726.0,Alliance 90/The Greens,middle,-0.693204
ID2017608300,2024-06-14,11005214.0,Alliance 90/The Greens,middle,-0.843607
ID2017601000,2024-06-14,11004753.0,AFD,right,1.730339
ID2017609200,2024-06-14,11004726.0,Alliance 90/The Greens,middle,0.636031
ID2017701800,2024-06-26,11004942.0,SPD,middle,-1.780501
ID2017715600,2024-06-26,11003586.0,CDU/CSU,middle,-1.708696
ID2017717400,2024-06-26,11005091.0,AFD,right,-0.389093
ID2017717300,2024-06-26,11004389.0,SPD,middle,-0.742043
ID2017701300,2024-06-26,11004183.0,BSW,left,-3.103411
ID2017707300,2024-06-26,11005047.0,Alliance 90/The Greens,middle,0.90884
ID2017810900,2024-06-27,11004837.0,BSW,left,-2.625968
ID2017808800,2024-06-27,11004761.0,AFD,right,-2.629691
ID2017805900,2024-06-27,11004336.0,CDU/CSU,middle,-1.897964
ID2017810800,2024-06-27,11004942.0,SPD,middle,-1.004465
ID2017800500,2024-06-27,11005031.0,AFD,right,-0.77701
ID2017905800,2024-06-28,11005091.0,AFD,right,0.033419
ID2017906800,2024-06-28,11004298.0,CDU/CSU,middle,0.542134
ID2017906100,2024-06-28,11005162.0,Alliance 90/The Greens,middle,0.367331
ID2018011900,2024-07-03,11005031.0,AFD,right,-1.114515
ID2018006000,2024-07-03,11004753.0,AFD,right,1.147536
ID2018003600,2024-07-03,11004761.0,AFD,right,-0.461615
ID2018003400,2024-07-03,11004761.0,AFD,right,-1.131065
ID2018006200,2024-07-03,11004753.0,AFD,right,-1.108321
ID2018002800,2024-07-03,11004018.0,CDU/CSU,middle,-1.956525
ID2018101100,2024-07-04,11004942.0,SPD,middle,-1.496889
ID2018103500,2024-07-04,11004767.0,AFD,right,-1.177444
ID2018115600,2024-07-04,11004767.0,AFD,right,0.338952
ID2018109300,2024-07-04,11005047.0,Alliance 90/The Greens,middle,-0.981346
ID2018112700,2024-07-04,11004298.0,CDU/CSU,middle,1.04757
ID2018206300,2024-07-05,11004844.0,SPD,middle,-1.765213
ID2018206100,2024-07-05,11004844.0,SPD,middle,-0.393047
ID2018303100,2024-09-10,11004389.0,SPD,middle,-0.610208
ID2018306100,2024-09-10,11004687.0,AFD,right,-0.218434
ID2018408600,2024-09-11,11004726.0,Alliance 90/The Greens,middle,-1.095735
ID2018402800,2024-09-11,11004382.0,CDU/CSU,middle,-0.294072
ID2018407100,2024-09-11,11004687.0,AFD,right,-0.685986
ID2018406900,2024-09-11,11004018.0,CDU/CSU,middle,0.350115
ID2018401800,2024-09-11,11004183.0,BSW,left,-2.2125
ID2018406300,2024-09-11,11004837.0,BSW,left,-1.670546
ID2018507100,2024-09-12,11004753.0,AFD,right,0.969402
ID2018508900,2024-09-12,11004382.0,CDU/CSU,middle,2.154274
ID2018508000,2024-09-12,11004687.0,AFD,right,1.246824
ID2018509300,2024-09-12,11005047.0,Alliance 90/The Greens,middle,0.552485
ID2018512300,2024-09-12,11005082.0,The Left Party,left,0.725108
ID2018502800,2024-09-12,11003586.0,CDU/CSU,middle,-0.409535
ID2018501700,2024-09-12,11004749.0,AFD,right,-2.184802
ID2018509800,2024-09-12,11004687.0,AFD,right,0.756823
ID2018604100,2024-09-13,11005256.0,SPD,middle,0.093332
ID2018600800,2024-09-13,11004767.0,AFD,right,-1.404796
ID2018602300,2024-09-13,11004761.0,AFD,right,-1.909698
ID2018605600,2024-09-13,11005047.0,Alliance 90/The Greens,middle,-0.468643
ID2018710400,2024-09-25,11005162.0,Alliance 90/The Greens,middle,0.46516
ID2018711600,2024-09-25,11005091.0,AFD,right,0.61831
ID2018801900,2024-09-26,11005256.0,SPD,middle,0.933092
ID2018816800,2024-09-26,11004767.0,AFD,right,1.627202
ID2018814800,2024-09-26,11004726.0,Alliance 90/The Greens,middle,-0.689435
ID2018818400,2024-09-26,11004767.0,AFD,right,-1.754424
ID2018812800,2024-09-26,11004767.0,AFD,right,-0.008376
ID2018815600,2024-09-26,11005091.0,AFD,right,0.260415
ID2018804600,2024-09-26,11005162.0,Alliance 90/The Greens,middle,1.407791
ID2018822800,2024-09-26,11004298.0,CDU/CSU,middle,0.638308
ID2018813800,2024-09-26,11004703.0,The Left Party,left,0.340361
ID2018805300,2024-09-26,11004761.0,AFD,right,-1.508496
ID2018900800,2024-09-27,11005091.0,AFD,right,-0.789207
ID2019006100,2024-10-09,11004018.0,CDU/CSU,middle,-0.408517
ID2019000700,2024-10-09,11004726.0,Alliance 90/The Greens,middle,-1.151613
ID2019003500,2024-10-09,11004749.0,AFD,right,-0.662483
ID2019010300,2024-10-09,11005031.0,AFD,right,-0.209688
ID2019010500,2024-10-09,11005031.0,AFD,right,-0.375705
ID2019000900,2024-10-09,11004726.0,Alliance 90/The Greens,middle,-0.334623
ID2019009500,2024-10-09,11004018.0,CDU/CSU,middle,1.762753
ID2019016200,2024-10-09,11004336.0,CDU/CSU,middle,-1.110323
ID2019005500,2024-10-09,11004018.0,CDU/CSU,middle,-0.482709
ID2019113700,2024-10-10,11004761.0,AFD,right,-2.31025
ID2019114200,2024-10-10,11004726.0,Alliance 90/The Greens,middle,-0.449131
ID2019109100,2024-10-10,11005214.0,Alliance 90/The Greens,middle,-0.502717
ID2019104300,2024-10-10,11004767.0,AFD,right,-0.0095
ID2019108000,2024-10-10,11005091.0,AFD,right,0.480035
ID2019205500,2024-10-11,11004703.0,The Left Party,left,0.706447
ID2019201300,2024-10-11,11004703.0,The Left Party,left,1.313736
ID2019205700,2024-10-11,11004753.0,AFD,right,0.822908
ID2019314000,2024-10-16,11005031.0,AFD,right,-1.608389
ID2019301500,2024-10-16,11004183.0,BSW,left,-2.267553
ID2019314500,2024-10-16,11005047.0,Alliance 90/The Greens,middle,-2.333843
ID2019412300,2024-10-17,11003586.0,CDU/CSU,middle,-0.396362
ID2019410100,2024-10-17,11004837.0,BSW,left,-0.557116
ID2019406400,2024-10-17,11005091.0,AFD,right,0.490354
ID2019412900,2024-10-17,11004703.0,The Left Party,left,-0.505131
ID2019414100,2024-10-17,11004703.0,The Left Party,left,1.915636
ID2019505900,2024-10-18,11005162.0,Alliance 90/The Greens,middle,1.240035
ID2019510300,2024-10-18,11005047.0,Alliance 90/The Greens,middle,-1.044026
ID2019511900,2024-10-18,11005214.0,Alliance 90/The Greens,middle,-0.083266
ID2019513000,2024-10-18,11004844.0,SPD,middle,1.5622
ID2019610900,2024-11-06,11005256.0,SPD,middle,-0.39572
ID2019606100,2024-11-06,11003586.0,CDU/CSU,middle,-0.436313
ID2019610500,2024-11-06,11004761.0,AFD,right,-2.503258
ID2019611400,2024-11-06,11004183.0,BSW,left,-1.516686
ID2019702400,2024-11-07,11004183.0,BSW,left,-2.742275
ID2019907000,2024-11-13,11004389.0,SPD,middle,-1.089033
ID2019904800,2024-11-13,11005091.0,AFD,right,-0.335718
ID2019904600,2024-11-13,11005091.0,AFD,right,-1.470866
ID2019902200,2024-11-13,11004183.0,BSW,left,-2.418438
ID2020100800,2024-11-15,11004336.0,CDU/CSU,middle,-1.031919
ID2020209300,2024-12-04,11004753.0,AFD,right,-0.813604
ID2020207200,2024-12-04,11004761.0,AFD,right,-1.799417
ID2020202200,2024-12-04,11004761.0,AFD,right,-2.485447
ID2020202000,2024-12-04,11004761.0,AFD,right,-0.902845
ID2020303700,2024-12-05,11005091.0,AFD,right,-1.461273
ID2020303300,2024-12-05,11004908.0,FDP,middle,-2.6435
ID2020305900,2024-12-05,11004336.0,CDU/CSU,middle,-2.339703
ID2020310900,2024-12-05,11004261.0,SPD,middle,0.35333
ID2020309300,2024-12-05,11003586.0,CDU/CSU,middle,-1.817023
ID2020309500,2024-12-05,11003586.0,CDU/CSU,middle,-0.005038
ID2020302900,2024-12-05,11004703.0,The Left Party,left,-0.51175
ID2020313700,2024-12-05,11004018.0,CDU/CSU,middle,0.013556
ID2020315100,2024-12-05,11004703.0,The Left Party,left,0.588418
ID2020310600,2024-12-05,11004844.0,SPD,middle,0.204406
ID2020401800,2024-12-06,11005256.0,SPD,middle,-0.793334
ID2020400500,2024-12-06,11004753.0,AFD,right,-0.969537
ID2020400700,2024-12-06,11003586.0,CDU/CSU,middle,-0.948599
ID2020502200,2024-12-16,11004753.0,AFD,right,-2.135553
ID2020501200,2024-12-16,11004183.0,BSW,left,-2.50129
ID2020616700,2024-12-18,11005091.0,AFD,right,-0.812538
ID2020618100,2024-12-18,11005162.0,Alliance 90/The Greens,middle,-0.738695
ID2020603000,2024-12-18,11005214.0,Alliance 90/The Greens,middle,-0.567708
ID2020606400,2024-12-18,11005214.0,Alliance 90/The Greens,middle,-0.661533
ID2020612400,2024-12-18,11005214.0,Alliance 90/The Greens,middle,-0.104306
ID2020607800,2024-12-18,11004837.0,BSW,left,-0.735746
ID2020603800,2024-12-18,11005047.0,Alliance 90/The Greens,middle,1.046636
ID2020610800,2024-12-18,11005047.0,Alliance 90/The Greens,middle,-0.847881
ID2020612200,2024-12-18,11005214.0,Alliance 90/The Greens,middle,0.162686
ID2020710900,2024-12-19,11004908.0,FDP,middle,-0.981946
ID2020713600,2024-12-19,11004871.0,FDP,middle,0.620896
ID2020702900,2024-12-19,11005256.0,SPD,middle,-1.210574
ID2020710600,2024-12-19,11005162.0,Alliance 90/The Greens,middle,0.598597
ID2020704400,2024-12-19,11005162.0,Alliance 90/The Greens,middle,-1.169116
ID2020700500,2024-12-19,11004767.0,AFD,right,-1.755911
ID2020805300,2024-12-20,11004703.0,The Left Party,left,0.136301
ID2020807000,2024-12-20,11004336.0,CDU/CSU,middle,-2.587745
ID2020808200,2024-12-20,11005047.0,Alliance 90/The Greens,middle,0.374628
ID2020808300,2024-12-20,11004908.0,FDP,middle,-0.146986
ID2020802800,2024-12-20,11004908.0,FDP,middle,-1.155702
ID2020901100,2025-01-29,11004183.0,BSW,left,-2.855327
ID2020910600,2025-01-29,11005214.0,Alliance 90/The Greens,middle,0.29653
ID2021013600,2025-01-30,11004703.0,The Left Party,left,-1.671409
ID2021012300,2025-01-30,11004703.0,The Left Party,left,-0.620043
ID2021004600,2025-01-30,11004749.0,AFD,right,-2.213598
ID2021004800,2025-01-30,11004749.0,AFD,right,0.830299
ID2021003700,2025-01-30,11005162.0,Alliance 90/The Greens,middle,0.316862
ID2021001500,2025-01-30,11004183.0,BSW,left,-2.100419
ID2021000600,2025-01-30,11004761.0,AFD,right,-1.376056
ID2021100600,2025-01-31,11004942.0,SPD,middle,-1.181302
ID2021108300,2025-01-31,11003586.0,CDU/CSU,middle,-1.126187
ID2021106000,2025-01-31,11004871.0,FDP,middle,1.168116
ID2021104600,2025-01-31,11004183.0,BSW,left,-3.499877
ID2021110200,2025-01-31,11004753.0,AFD,right,-2.085125
ID2021107500,2025-01-31,11004753.0,AFD,right,0.603019
ID2021201400,2025-02-11,11004183.0,BSW,left,-2.686645
ID2021302700,2025-03-13,11004183.0,BSW,left,-3.419982
ID2021302900,2025-03-13,11004183.0,BSW,left,-2.08563
ID2021405300,2025-03-18,11004726.0,Alliance 90/The Greens,middle,-1.61132
ID2021406600,2025-03-18,11004382.0,CDU/CSU,middle,-0.436465
ID2021403400,2025-03-18,11004183.0,BSW,left,-2.234941
ID2021405200,2025-03-18,11005047.0,Alliance 90/The Greens,middle,0.54555
ID21101500,2025-03-25,11004844.0,SPD,middle,-1.227789
ID21309100,2025-05-14,11005047.0,Alliance 90/The Greens,middle,-0.838529
ID21305100,2025-05-14,11005047.0,Alliance 90/The Greens,middle,-0.776689
ID21303100,2025-05-14,11005047.0,Alliance 90/The Greens,middle,0.167242
ID21407900,2025-05-15,11004298.0,CDU/CSU,middle,0.422727
ID21404900,2025-05-15,11005091.0,AFD,right,-0.28865
ID21413400,2025-05-15,11004753.0,AFD,right,0.989966
ID21502800,2025-05-16,11004767.0,AFD,right,-0.912541
ID21504900,2025-05-16,11004761.0,AFD,right,-1.284716
ID21500700,2025-05-16,11004749.0,AFD,right,-1.315597
ID21606900,2025-05-21,11004749.0,AFD,right,0.78079
ID21612400,2025-05-21,11004749.0,AFD,right,-0.795133
ID21606700,2025-05-21,11004749.0,AFD,right,0.213839
ID21708600,2025-05-22,11005031.0,AFD,right,-2.264999
ID21708000,2025-05-22,11004761.0,AFD,right,-1.328914
ID21805200,2025-05-23,11004753.0,AFD,right,-0.175022
ID21800200,2025-05-23,11004753.0,AFD,right,-1.917948
ID21913800,2025-06-04,11004749.0,AFD,right,-1.121719
ID211001500,2025-06-05,11005091.0,AFD,right,-2.47473
ID211008400,2025-06-05,11005162.0,Alliance 90/The Greens,middle,-1.274186
ID211005500,2025-06-05,11004749.0,AFD,right,-2.003926
ID211105500,2025-06-06,11004298.0,CDU/CSU,middle,-1.072983
