id,actor,date,party,leaning,emi_w2vparliament
550449929760813056,actor_T34,2015-01-01,The Left Party,left,0.91238
550570090031513600,actor_T13,2015-01-01,CDU/CSU,middle,0.747319
550600951250563072,actor_T27,2015-01-01,CDU/CSU,middle,-0.518975
550681492628971520,actor_T12,2015-01-01,CDU/CSU,middle,-0.016873
550754170467532800,actor_T15,2015-01-01,SPD,middle,0.501221
550777232386699265,actor_T09,2015-01-01,The Left Party,left,-1.028241
550964810247315456,actor_T23,2015-01-02,SPD,middle,0.706104
550974956616839168,actor_T29,2015-01-02,The Left Party,left,0.233891
551827625430482944,actor_T26,2015-01-04,CDU/CSU,middle,0.025141
552788016742535168,actor_T07,2015-01-07,CDU/CSU,middle,0.034183
553107233727590400,actor_T10,2015-01-08,SPD,middle,-0.364688
553303497392029698,actor_T06,2015-01-08,The Left Party,left,0.088044
555028955645116417,actor_T26,2015-01-13,CDU/CSU,middle,0.908388
555495394881601536,actor_T27,2015-01-14,CDU/CSU,middle,-0.646957
556054681731207168,actor_T09,2015-01-16,The Left Party,left,-0.005555
556092549430280193,actor_T29,2015-01-16,The Left Party,left,-0.250994
556151862358179840,actor_T12,2015-01-16,CDU/CSU,middle,0.059803
557985083865317377,actor_T34,2015-01-21,The Left Party,left,0.037981
558353377655263232,actor_T28,2015-01-22,FDP,middle,0.336768
559050629633413120,actor_T12,2015-01-24,CDU/CSU,middle,0.155737
559257899411578880,actor_T29,2015-01-25,The Left Party,left,-0.494641
559752887388360704,actor_T13,2015-01-26,CDU/CSU,middle,0.848613
559789919397511170,actor_T27,2015-01-26,CDU/CSU,middle,-0.084846
560170896535851008,actor_T26,2015-01-27,CDU/CSU,middle,-0.05509
560517850042208258,actor_T09,2015-01-28,The Left Party,left,-0.664927
560529408340279297,actor_T12,2015-01-28,CDU/CSU,middle,0.679927
561831944187809792,actor_T09,2015-02-01,The Left Party,left,-0.773802
562627425419681792,actor_T06,2015-02-03,The Left Party,left,-1.099162
562732496346169348,actor_T12,2015-02-03,CDU/CSU,middle,0.659548
563261372847620096,actor_T07,2015-02-05,CDU/CSU,middle,-0.574417
563702201315758080,actor_T09,2015-02-06,The Left Party,left,-0.709534
564072890732392448,actor_T27,2015-02-07,CDU/CSU,middle,-0.325118
564818108041662464,actor_T29,2015-02-09,The Left Party,left,0.910733
564912917892837376,actor_T09,2015-02-09,The Left Party,left,-0.50081
566007291624058880,actor_T12,2015-02-12,CDU/CSU,middle,-0.154798
566571548828778497,actor_T06,2015-02-14,The Left Party,left,0.669662
567024490128097280,actor_T34,2015-02-15,The Left Party,left,-0.355886
567103721616977920,actor_T09,2015-02-15,The Left Party,left,0.141956
567966320769282048,actor_T27,2015-02-18,CDU/CSU,middle,-0.432982
568782344485806080,actor_T26,2015-02-20,CDU/CSU,middle,1.10015
569192667613143041,actor_T13,2015-02-21,CDU/CSU,middle,0.976649
570156230704029696,actor_T15,2015-02-24,SPD,middle,-0.668614
570205810539823104,actor_T29,2015-02-24,The Left Party,left,-0.9802
570704599201521664,actor_T23,2015-02-25,SPD,middle,0.887915
570715171330646016,actor_T09,2015-02-25,The Left Party,left,-0.274552
571229229817466880,actor_T12,2015-02-27,CDU/CSU,middle,1.276273
571418330197860353,actor_T06,2015-02-27,The Left Party,left,0.245508
572503674884362240,actor_T27,2015-03-02,CDU/CSU,middle,0.237085
572770449391796224,actor_T26,2015-03-03,CDU/CSU,middle,0.999123
574713146809655296,actor_T12,2015-03-08,CDU/CSU,middle,0.551503
575611682036322304,actor_T27,2015-03-11,CDU/CSU,middle,-0.062244
576113224724054017,actor_T07,2015-03-12,CDU/CSU,middle,0.487161
576154626065637376,actor_T09,2015-03-12,The Left Party,left,0.095332
576904163583459328,actor_T12,2015-03-15,CDU/CSU,middle,0.416205
577493155450343425,actor_T26,2015-03-16,CDU/CSU,middle,0.321437
577536344848789505,actor_T06,2015-03-16,The Left Party,left,0.527342
579323664010747904,actor_T23,2015-03-21,SPD,middle,-0.801157
579406772512956416,actor_T27,2015-03-21,CDU/CSU,middle,-1.66484
579671669033316354,actor_T18,2015-03-22,AFD,right,-0.122735
580048145616359424,actor_T34,2015-03-23,The Left Party,left,0.706994
580599802628571137,actor_T13,2015-03-25,CDU/CSU,middle,0.546021
580999486522073089,actor_T12,2015-03-26,CDU/CSU,middle,0.410487
581359211382202368,actor_T09,2015-03-27,The Left Party,left,1.02399
581415662435901440,actor_T26,2015-03-27,CDU/CSU,middle,1.638628
582486920187551744,actor_T20,2015-03-30,The Left Party,left,-0.284384
583243012630773760,actor_T19,2015-04-01,Alliance 90/The Greens,middle,-0.314728
583722037031673856,actor_T15,2015-04-02,SPD,middle,0.900866
584834762335989762,actor_T09,2015-04-05,The Left Party,left,0.194832
585309602293645312,actor_T06,2015-04-07,The Left Party,left,0.552967
585427700468297728,actor_T27,2015-04-07,CDU/CSU,middle,0.076473
586334514781224960,actor_T26,2015-04-10,CDU/CSU,middle,0.775689
586472428244721664,actor_T07,2015-04-10,CDU/CSU,middle,-0.177281
586516075644379136,actor_T12,2015-04-10,CDU/CSU,middle,1.193429
588754018261983233,actor_T29,2015-04-16,The Left Party,left,0.033339
588784720680464384,actor_T12,2015-04-16,CDU/CSU,middle,-0.317971
589451801138700288,actor_T26,2015-04-18,CDU/CSU,middle,0.449748
589811947052408832,actor_T15,2015-04-19,SPD,middle,0.503956
590060257851899904,actor_T09,2015-04-20,The Left Party,left,0.232741
590620766292615169,actor_T27,2015-04-21,CDU/CSU,middle,-0.22837
591204668098904064,actor_T12,2015-04-23,CDU/CSU,middle,-0.354521
591289473113133058,actor_T13,2015-04-23,CDU/CSU,middle,0.536968
592577936668172288,actor_T29,2015-04-27,The Left Party,left,0.684566
593006145557635072,actor_T12,2015-04-28,CDU/CSU,middle,0.903805
593401336852525056,actor_T15,2015-04-29,SPD,middle,0.634396
593807587663052800,actor_T29,2015-04-30,The Left Party,left,-0.24937
593812668340969472,actor_T26,2015-04-30,CDU/CSU,middle,0.075425
593836861061255168,actor_T06,2015-04-30,The Left Party,left,1.544949
595479918110179328,actor_T23,2015-05-05,SPD,middle,-0.582243
596037100962762752,actor_T27,2015-05-06,CDU/CSU,middle,0.70379
596252847106347008,actor_T29,2015-05-07,The Left Party,left,-0.068872
596652502579286016,actor_T26,2015-05-08,CDU/CSU,middle,0.816119
597207141410336768,actor_T19,2015-05-10,Alliance 90/The Greens,middle,0.587426
597467083924987904,actor_T09,2015-05-10,The Left Party,left,-0.277583
598427972534738945,actor_T29,2015-05-13,The Left Party,left,-0.701364
598459812314218496,actor_T12,2015-05-13,CDU/CSU,middle,0.796274
599821052366233600,actor_T13,2015-05-17,CDU/CSU,middle,-0.296088
599923083756118016,actor_T26,2015-05-17,CDU/CSU,middle,0.09013
600036665130889216,actor_T27,2015-05-17,CDU/CSU,middle,0.093566
600661006839320576,actor_T07,2015-05-19,CDU/CSU,middle,-0.522293
600673535686799360,actor_T29,2015-05-19,The Left Party,left,0.355751
601680910627536896,actor_T26,2015-05-22,CDU/CSU,middle,1.791656
601866924318978048,actor_T12,2015-05-22,CDU/CSU,middle,0.800542
603984874807173121,actor_T06,2015-05-28,The Left Party,left,0.639237
605470417541820416,actor_T27,2015-06-01,CDU/CSU,middle,0.071158
605646022350643200,actor_T26,2015-06-02,CDU/CSU,middle,0.211686
605722905750740992,actor_T09,2015-06-02,The Left Party,left,0.206792
606404790587949056,actor_T29,2015-06-04,The Left Party,left,0.19586
606504831449219072,actor_T12,2015-06-04,CDU/CSU,middle,-0.570664
607576132049858561,actor_T15,2015-06-07,SPD,middle,-1.522389
607846694420643840,actor_T23,2015-06-08,SPD,middle,1.388665
607926992755937280,actor_T09,2015-06-08,The Left Party,left,0.049439
607988781933842434,actor_T29,2015-06-08,The Left Party,left,0.270285
608613092809957376,actor_T10,2015-06-10,SPD,middle,0.023406
608655074596913152,actor_T34,2015-06-10,The Left Party,left,0.591656
608752444215013376,actor_T27,2015-06-10,CDU/CSU,middle,-0.080771
609028084982009858,actor_T26,2015-06-11,CDU/CSU,middle,0.645778
609644279422693376,actor_T29,2015-06-13,The Left Party,left,0.572731
609657060700090368,actor_T13,2015-06-13,CDU/CSU,middle,0.550872
610107938397650946,actor_T12,2015-06-14,CDU/CSU,middle,0.232673
610124708848209921,actor_T09,2015-06-14,The Left Party,left,0.859601
610858959398940672,actor_T09,2015-06-16,The Left Party,left,-0.191513
611079292399841281,actor_T26,2015-06-17,CDU/CSU,middle,1.569104
611178851998265346,actor_T15,2015-06-17,SPD,middle,0.151244
612158570067591168,actor_T29,2015-06-20,The Left Party,left,-0.154225
612195802434433024,actor_T06,2015-06-20,The Left Party,left,1.263644
613317595358490624,actor_T12,2015-06-23,CDU/CSU,middle,0.060472
614002173261836288,actor_T23,2015-06-25,SPD,middle,-0.616861
614503331227140096,actor_T26,2015-06-26,CDU/CSU,middle,0.940093
615759282026340353,actor_T15,2015-06-30,SPD,middle,0.613983
615786086439063552,actor_T29,2015-06-30,The Left Party,left,-0.816768
615834801761832960,actor_T09,2015-06-30,The Left Party,left,-0.543115
615893888021172224,actor_T07,2015-06-30,CDU/CSU,middle,-0.616397
615949115080470528,actor_T06,2015-06-30,The Left Party,left,0.351353
616199144336719872,actor_T27,2015-07-01,CDU/CSU,middle,0.547551
616503812187136000,actor_T12,2015-07-02,CDU/CSU,middle,0.549248
616750798022836225,actor_T26,2015-07-02,CDU/CSU,middle,0.109835
617652809454985216,actor_T29,2015-07-05,The Left Party,left,0.300067
617805749289418752,actor_T09,2015-07-05,The Left Party,left,-1.065928
618176216026247169,actor_T13,2015-07-06,CDU/CSU,middle,0.513168
619900443142057984,actor_T06,2015-07-11,The Left Party,left,0.3016
619984584881668104,actor_T15,2015-07-11,SPD,middle,-0.360701
620013982712209408,actor_T12,2015-07-11,CDU/CSU,middle,-0.64196
620197187503431680,actor_T26,2015-07-12,CDU/CSU,middle,0.74985
620492773960097792,actor_T29,2015-07-13,The Left Party,left,-1.520557
621404528496275456,actor_T09,2015-07-15,The Left Party,left,-0.306771
621629117352538112,actor_T15,2015-07-16,SPD,middle,-0.073966
621741347276488704,actor_T12,2015-07-16,CDU/CSU,middle,0.199055
623052090450030592,actor_T21,2015-07-20,AFD,right,0.98321
623104862079819776,actor_T21,2015-07-20,AFD,right,0.335476
623159210835058688,actor_T12,2015-07-20,CDU/CSU,middle,-0.292607
623459733924655105,actor_T29,2015-07-21,The Left Party,left,-0.397742
624175687759437825,actor_T26,2015-07-23,CDU/CSU,middle,0.617823
624961687691636737,actor_T13,2015-07-25,CDU/CSU,middle,0.317236
625977486191521792,actor_T12,2015-07-28,CDU/CSU,middle,0.103459
626059833184227328,actor_T26,2015-07-28,CDU/CSU,middle,0.759757
627078823209779201,actor_T23,2015-07-31,SPD,middle,-0.152272
628537456321765376,actor_T12,2015-08-04,CDU/CSU,middle,0.154951
628917265996623872,actor_T06,2015-08-05,The Left Party,left,0.685772
629655023895584768,actor_T26,2015-08-07,CDU/CSU,middle,1.426333
629657842681712640,actor_T15,2015-08-07,SPD,middle,0.108893
630323015444729856,actor_T29,2015-08-09,The Left Party,left,0.103374
630342994038792193,actor_T27,2015-08-09,CDU/CSU,middle,0.317947
631475859807932416,actor_T34,2015-08-12,The Left Party,left,0.713312
633302971443494912,actor_T13,2015-08-17,CDU/CSU,middle,-0.67828
633629028461715457,actor_T12,2015-08-18,CDU/CSU,middle,0.443976
634096561904058368,actor_T29,2015-08-19,The Left Party,left,-1.069229
634247144996761600,actor_T26,2015-08-20,CDU/CSU,middle,0.058178
635877462702968832,actor_T06,2015-08-24,The Left Party,left,0.414983
636785996852559872,actor_T12,2015-08-27,CDU/CSU,middle,-0.055049
637309238835052544,actor_T21,2015-08-28,AFD,right,-0.175337
637315974539182080,actor_T21,2015-08-28,AFD,right,0.092413
637332628576858112,actor_T21,2015-08-28,AFD,right,-1.188949
637477311416299520,actor_T21,2015-08-29,AFD,right,-1.076053
637478244430835712,actor_T21,2015-08-29,AFD,right,-0.727117
637509182250446848,actor_T29,2015-08-29,The Left Party,left,0.543583
637547852412112896,actor_T21,2015-08-29,AFD,right,0.286371
637547883022168064,actor_T21,2015-08-29,AFD,right,0.40612
637548632900792320,actor_T21,2015-08-29,AFD,right,-0.077196
637555804212756480,actor_T21,2015-08-29,AFD,right,0.086239
637556071872245760,actor_T21,2015-08-29,AFD,right,0.367482
637557944847048704,actor_T21,2015-08-29,AFD,right,0.449569
637560024873758720,actor_T21,2015-08-29,AFD,right,1.760515
637560446967484416,actor_T21,2015-08-29,AFD,right,-1.257337
637607466784681984,actor_T21,2015-08-29,AFD,right,0.18962
637610526932135936,actor_T21,2015-08-29,AFD,right,0.450761
637611716612890624,actor_T21,2015-08-29,AFD,right,-0.102883
637617331670265856,actor_T21,2015-08-29,AFD,right,0.122268
637622114850312192,actor_T21,2015-08-29,AFD,right,-1.056085
637627719161917440,actor_T21,2015-08-29,AFD,right,0.706492
637630397061406720,actor_T21,2015-08-29,AFD,right,-0.213094
637636577355780097,actor_T21,2015-08-29,AFD,right,-0.519863
637649285362937856,actor_T21,2015-08-29,AFD,right,-0.59274
637750730749775873,actor_T21,2015-08-29,AFD,right,-1.299447
638629970521260032,actor_T29,2015-09-01,The Left Party,left,-0.301179
638740297661444096,actor_T09,2015-09-01,The Left Party,left,-0.752447
638813499825782784,actor_T15,2015-09-01,SPD,middle,0.587114
640129234506268672,actor_T12,2015-09-05,CDU/CSU,middle,-0.379659
640138682398310400,actor_T27,2015-09-05,CDU/CSU,middle,0.564884
640186167682539520,actor_T29,2015-09-05,The Left Party,left,-0.766759
640806955519471616,actor_T21,2015-09-07,AFD,right,-1.103292
640851786509721600,actor_T26,2015-09-07,CDU/CSU,middle,0.442872
641504953371099136,actor_T21,2015-09-09,AFD,right,-0.723806
641616988146659328,actor_T21,2015-09-09,AFD,right,0.630375
642268194711867392,actor_T12,2015-09-11,CDU/CSU,middle,0.121103
642625669759897600,actor_T26,2015-09-12,CDU/CSU,middle,-1.638286
642648988928331776,actor_T06,2015-09-12,The Left Party,left,-0.208762
642717294653784064,actor_T34,2015-09-12,The Left Party,left,-0.921255
643124702291042304,actor_T29,2015-09-13,The Left Party,left,0.576152
643441623733510144,actor_T13,2015-09-14,CDU/CSU,middle,-0.46386
645328049785978880,actor_T23,2015-09-19,SPD,middle,-0.409228
645340201468973056,actor_T21,2015-09-19,AFD,right,0.22808
645543946010165248,actor_T26,2015-09-20,CDU/CSU,middle,0.332653
645557697761427456,actor_T06,2015-09-20,The Left Party,left,1.364801
645994886773252096,actor_T15,2015-09-21,SPD,middle,-0.117005
646065657155555328,actor_T12,2015-09-21,CDU/CSU,middle,0.788954
646201451551850496,actor_T29,2015-09-22,The Left Party,left,-0.537473
646685381816135680,actor_T07,2015-09-23,CDU/CSU,middle,1.435629
647298314946379776,actor_T29,2015-09-25,The Left Party,left,-0.280963
647313587774574592,actor_T27,2015-09-25,CDU/CSU,middle,0.730034
648493534404870144,actor_T26,2015-09-28,CDU/CSU,middle,0.054208
648576016781344769,actor_T06,2015-09-28,The Left Party,left,-0.423619
649119485648109568,actor_T29,2015-09-30,The Left Party,left,-0.732346
649238935340744704,actor_T10,2015-09-30,SPD,middle,0.921257
649323024387305472,actor_T09,2015-09-30,The Left Party,left,0.141368
649545914638561280,actor_T15,2015-10-01,SPD,middle,0.779361
650439836957024256,actor_T12,2015-10-03,CDU/CSU,middle,0.52586
651073032908357632,actor_T13,2015-10-05,CDU/CSU,middle,0.388143
651656645949399040,actor_T06,2015-10-07,The Left Party,left,0.450847
651707142139985920,actor_T26,2015-10-07,CDU/CSU,middle,1.262043
651925144986894336,actor_T12,2015-10-08,CDU/CSU,middle,0.525093
652369992579686400,actor_T29,2015-10-09,The Left Party,left,0.038074
652800764788776960,actor_T27,2015-10-10,CDU/CSU,middle,-0.766483
653264599148572672,actor_T26,2015-10-11,CDU/CSU,middle,0.194476
654291452688736260,actor_T26,2015-10-14,CDU/CSU,middle,-0.876143
655378992581779456,actor_T12,2015-10-17,CDU/CSU,middle,-0.214571
656146396983238656,actor_T34,2015-10-19,The Left Party,left,-0.860032
656201380777086976,actor_T26,2015-10-19,CDU/CSU,middle,-0.384127
656433414619336708,actor_T06,2015-10-20,The Left Party,left,1.177112
657433770275020800,actor_T21,2015-10-23,AFD,right,-0.284182
658229168585506817,actor_T21,2015-10-25,AFD,right,-0.724036
658626622396964864,actor_T29,2015-10-26,The Left Party,left,0.101582
658663611716534273,actor_T15,2015-10-26,SPD,middle,-0.014294
659305308318253057,actor_T21,2015-10-28,AFD,right,-0.328328
659467201745952768,actor_T23,2015-10-28,SPD,middle,1.605666
659677648776527872,actor_T12,2015-10-29,CDU/CSU,middle,0.555076
660022114167181312,actor_T27,2015-10-30,CDU/CSU,middle,1.132733
660168616504131584,actor_T26,2015-10-30,CDU/CSU,middle,-0.770408
661548400651935745,actor_T13,2015-11-03,CDU/CSU,middle,0.224735
661819103561256962,actor_T29,2015-11-04,The Left Party,left,-0.316464
662006934594285570,actor_T26,2015-11-04,CDU/CSU,middle,1.234436
662317874137182208,actor_T09,2015-11-05,The Left Party,left,-0.234512
662328215969660928,actor_T06,2015-11-05,The Left Party,left,1.257408
663735323579535360,actor_T29,2015-11-09,The Left Party,left,-0.067833
664385821362003968,actor_T07,2015-11-11,CDU/CSU,middle,0.875335
665328107625279488,actor_T15,2015-11-14,SPD,middle,0.570002
665449525709037568,actor_T26,2015-11-14,CDU/CSU,middle,2.194634
665902959197335552,actor_T12,2015-11-15,CDU/CSU,middle,-0.072082
665994105969840128,actor_T21,2015-11-15,AFD,right,0.720208
666369817532899329,actor_T29,2015-11-16,The Left Party,left,-0.464478
667281941343768576,actor_T06,2015-11-19,The Left Party,left,-0.080929
667329221589655552,actor_T34,2015-11-19,The Left Party,left,-0.878709
668496647819796481,actor_T27,2015-11-22,CDU/CSU,middle,0.01176
669243869444374529,actor_T29,2015-11-24,The Left Party,left,0.082762
670612496861028353,actor_T29,2015-11-28,The Left Party,left,0.536221
670967928553127936,actor_T12,2015-11-29,CDU/CSU,middle,0.520876
671054961296482304,actor_T26,2015-11-29,CDU/CSU,middle,0.928836
671057768514764801,actor_T06,2015-11-29,The Left Party,left,0.135449
671694733706706944,actor_T13,2015-12-01,CDU/CSU,middle,0.098319
672314537299869696,actor_T07,2015-12-03,CDU/CSU,middle,0.795708
672765327919423488,actor_T29,2015-12-04,The Left Party,left,-0.187609
673879808187744256,actor_T15,2015-12-07,SPD,middle,0.682942
673981870456119296,actor_T26,2015-12-07,CDU/CSU,middle,-0.106536
675227103466553345,actor_T21,2015-12-11,AFD,right,0.088214
675342756378714112,actor_T06,2015-12-11,The Left Party,left,1.330095
675342944627523585,actor_T29,2015-12-11,The Left Party,left,-0.231063
675399318119944192,actor_T23,2015-12-11,SPD,middle,0.428243
676418891564888064,actor_T15,2015-12-14,SPD,middle,0.271105
676711036658049024,actor_T27,2015-12-15,CDU/CSU,middle,0.051425
677056929022287873,actor_T26,2015-12-16,CDU/CSU,middle,2.371868
677512759693680640,actor_T21,2015-12-17,AFD,right,0.351412
677516755112239104,actor_T21,2015-12-17,AFD,right,0.012534
677519887670095872,actor_T21,2015-12-17,AFD,right,-0.477059
677522096038289408,actor_T21,2015-12-17,AFD,right,0.557466
678117971601072128,actor_T07,2015-12-19,CDU/CSU,middle,0.693865
678948638664585216,actor_T09,2015-12-21,The Left Party,left,0.025155
681378995338919936,actor_T06,2015-12-28,The Left Party,left,-0.312031
681384915963908096,actor_T13,2015-12-28,CDU/CSU,middle,-0.069263
682164381422059520,actor_T29,2015-12-30,The Left Party,left,-0.499299
683644927008501760,actor_T17,2016-01-03,SPD,middle,0.39846
683706488561491968,actor_T30,2016-01-03,FDP,middle,-0.135109
683739898248073216,actor_T26,2016-01-03,CDU/CSU,middle,-0.47065
684668250878246912,actor_T21,2016-01-06,AFD,right,-0.248673
684668571188858880,actor_T21,2016-01-06,AFD,right,0.695433
684743523464261632,actor_T34,2016-01-06,The Left Party,left,0.799843
685786757061853184,actor_T27,2016-01-09,CDU/CSU,middle,0.962714
685959125864476674,actor_T30,2016-01-09,FDP,middle,1.481419
686294926997499905,actor_T29,2016-01-10,The Left Party,left,-0.377541
687294458648465408,actor_T06,2016-01-13,The Left Party,left,-1.800518
687923453513601025,actor_T26,2016-01-15,CDU/CSU,middle,0.677786
688050380018728960,actor_T30,2016-01-15,FDP,middle,1.240079
690196623054520321,actor_T13,2016-01-21,CDU/CSU,middle,0.546386
690242062181097472,actor_T29,2016-01-21,The Left Party,left,-0.554693
690616181426905089,actor_T34,2016-01-22,The Left Party,left,-0.06289
690894270488788992,actor_T30,2016-01-23,FDP,middle,-1.467905
691220239904829441,actor_T09,2016-01-24,The Left Party,left,0.109723
691622938194350080,actor_T27,2016-01-25,CDU/CSU,middle,-0.32798
692019044002709504,actor_T26,2016-01-26,CDU/CSU,middle,0.020606
692049628284522497,actor_T29,2016-01-26,The Left Party,left,-0.335837
693354517786693632,actor_T21,2016-01-30,AFD,right,-0.992288
694881509313003521,actor_T06,2016-02-03,The Left Party,left,1.698368
694899220789256192,actor_T23,2016-02-03,SPD,middle,1.261882
695181991105445888,actor_T24,2016-02-04,AFD,right,-1.386472
695211847092428800,actor_T26,2016-02-04,CDU/CSU,middle,-0.195227
695335072937807874,actor_T15,2016-02-04,SPD,middle,0.923193
695723710943199232,actor_T30,2016-02-05,FDP,middle,0.907953
696279220117381120,actor_T17,2016-02-07,SPD,middle,-0.00246
697448367333449734,actor_T29,2016-02-10,The Left Party,left,-0.985769
697725711654789120,actor_T30,2016-02-11,FDP,middle,0.00076
697884213031337984,actor_T09,2016-02-11,The Left Party,left,0.983315
698859565669085185,actor_T25,2016-02-14,The Left Party,left,-0.122735
698917835427442688,actor_T13,2016-02-14,CDU/CSU,middle,-0.705359
699886143760834561,actor_T07,2016-02-17,CDU/CSU,middle,0.686989
700051747994206208,actor_T06,2016-02-17,The Left Party,left,-1.030846
700386098485317634,actor_T26,2016-02-18,CDU/CSU,middle,-0.417674
700407859037782016,actor_T34,2016-02-18,The Left Party,left,-0.392996
701488190625075201,actor_T23,2016-02-21,SPD,middle,-1.311394
701756333306023936,actor_T29,2016-02-22,The Left Party,left,0.151691
701857985459519488,actor_T30,2016-02-22,FDP,middle,0.785787
702138238002196480,actor_T27,2016-02-23,CDU/CSU,middle,-0.258533
702443423106801665,actor_T10,2016-02-24,SPD,middle,0.473644
703555888792076288,actor_T30,2016-02-27,FDP,middle,0.586277
703855965620166657,actor_T29,2016-02-28,The Left Party,left,0.447029
704259595875827712,actor_T09,2016-02-29,The Left Party,left,1.145369
704391057337884673,actor_T30,2016-02-29,FDP,middle,0.261236
704593793228644353,actor_T26,2016-03-01,CDU/CSU,middle,0.612627
704941474337693696,actor_T15,2016-03-02,SPD,middle,0.449981
705044914199986176,actor_T06,2016-03-02,The Left Party,left,0.672977
705046195169828864,actor_T21,2016-03-02,AFD,right,0.769954
705049568317186048,actor_T21,2016-03-02,AFD,right,-0.003058
705104588072951808,actor_T21,2016-03-02,AFD,right,-0.190676
705107765828710400,actor_T21,2016-03-02,AFD,right,-1.315611
705129052970033152,actor_T21,2016-03-02,AFD,right,-0.886883
705147710198980610,actor_T21,2016-03-02,AFD,right,-0.696876
705278733926735873,actor_T21,2016-03-03,AFD,right,0.468281
705283207839801344,actor_T21,2016-03-03,AFD,right,-1.054329
705288439676145665,actor_T21,2016-03-03,AFD,right,0.944142
705300277239422977,actor_T21,2016-03-03,AFD,right,0.708459
705427474759479297,actor_T21,2016-03-03,AFD,right,-0.525187
705498514197860352,actor_T30,2016-03-03,FDP,middle,0.21795
705647654030553088,actor_T21,2016-03-04,AFD,right,-1.228031
705648758420156416,actor_T21,2016-03-04,AFD,right,-0.621478
705652540893847554,actor_T21,2016-03-04,AFD,right,0.286127
705653462566961154,actor_T21,2016-03-04,AFD,right,-0.66278
705682676775305217,actor_T21,2016-03-04,AFD,right,0.102312
705764832109318144,actor_T28,2016-03-04,FDP,middle,0.375442
706045051646963712,actor_T34,2016-03-05,The Left Party,left,1.137768
706600558015213568,actor_T21,2016-03-06,AFD,right,-1.265836
706601428031291392,actor_T21,2016-03-06,AFD,right,-0.484476
706601802909786112,actor_T21,2016-03-06,AFD,right,-0.140087
706764347352215552,actor_T25,2016-03-07,The Left Party,left,1.228068
706905803375190017,actor_T34,2016-03-07,The Left Party,left,-0.545816
707114962817323008,actor_T26,2016-03-08,CDU/CSU,middle,0.242592
707137205848768512,actor_T17,2016-03-08,SPD,middle,0.597046
707220222382628864,actor_T31,2016-03-08,The Left Party,left,0.12891
707247560856043520,actor_T23,2016-03-08,SPD,middle,0.851098
707248778777141248,actor_T12,2016-03-08,CDU/CSU,middle,-0.880902
707281174222213121,actor_T13,2016-03-08,CDU/CSU,middle,0.201949
707564494285873154,actor_T24,2016-03-09,AFD,right,0.110021
708248033985765376,actor_T26,2016-03-11,CDU/CSU,middle,0.411086
708396905206837248,actor_T30,2016-03-11,FDP,middle,-0.392415
708554379167719424,actor_T29,2016-03-12,The Left Party,left,1.313326
708574002952982528,actor_T25,2016-03-12,The Left Party,left,-0.13317
708785685881348096,actor_T26,2016-03-12,CDU/CSU,middle,0.07029
709069274174922752,actor_T27,2016-03-13,CDU/CSU,middle,-0.633064
709157571765129216,actor_T21,2016-03-13,AFD,right,-0.791996
709158203649609730,actor_T21,2016-03-13,AFD,right,-1.082418
709159354604363776,actor_T21,2016-03-13,AFD,right,-0.042638
709160351753867264,actor_T21,2016-03-13,AFD,right,-0.827634
709163971971063809,actor_T21,2016-03-13,AFD,right,-1.107778
709164515808649218,actor_T21,2016-03-13,AFD,right,0.366894
709164711095496704,actor_T21,2016-03-13,AFD,right,0.625427
709165084292022272,actor_T21,2016-03-13,AFD,right,0.185066
709165193012649985,actor_T21,2016-03-13,AFD,right,0.435164
709165249086226432,actor_T21,2016-03-13,AFD,right,0.522107
709165406758502400,actor_T21,2016-03-13,AFD,right,0.045121
709273943262281728,actor_T21,2016-03-14,AFD,right,-0.637825
709275245283303424,actor_T21,2016-03-14,AFD,right,-0.634849
709278908911378432,actor_T21,2016-03-14,AFD,right,-0.338267
709280059295731712,actor_T21,2016-03-14,AFD,right,-1.306322
709280715494563840,actor_T21,2016-03-14,AFD,right,-1.516992
709284219873316864,actor_T21,2016-03-14,AFD,right,2.294627
709399283003301889,actor_T12,2016-03-14,CDU/CSU,middle,0.893924
709480855501213697,actor_T21,2016-03-14,AFD,right,-1.008813
709481295382974465,actor_T21,2016-03-14,AFD,right,-0.444961
709485363065135104,actor_T21,2016-03-14,AFD,right,-1.599499
709487290641477632,actor_T21,2016-03-14,AFD,right,-1.008116
709489361604186113,actor_T21,2016-03-14,AFD,right,-1.341471
709491085958111233,actor_T21,2016-03-14,AFD,right,-0.502011
709493916748230656,actor_T21,2016-03-14,AFD,right,-0.893349
709496551077453826,actor_T21,2016-03-14,AFD,right,-0.272827
709502526182309888,actor_T21,2016-03-14,AFD,right,-0.824364
709624248378236929,actor_T21,2016-03-15,AFD,right,-0.282994
709632273742766080,actor_T21,2016-03-15,AFD,right,-1.27024
709776629246107648,actor_T29,2016-03-15,The Left Party,left,0.434555
709883976706605056,actor_T21,2016-03-15,AFD,right,-0.387405
709884285344464897,actor_T21,2016-03-15,AFD,right,0.680657
709885193453228032,actor_T21,2016-03-15,AFD,right,-1.129949
709989200586788864,actor_T21,2016-03-16,AFD,right,-0.431902
709994949207531521,actor_T21,2016-03-16,AFD,right,-0.065838
709996007199809537,actor_T21,2016-03-16,AFD,right,0.423266
709997073660252160,actor_T21,2016-03-16,AFD,right,-0.502166
710020064016277504,actor_T21,2016-03-16,AFD,right,-0.852675
710020292190584832,actor_T21,2016-03-16,AFD,right,0.815377
710020588195151872,actor_T21,2016-03-16,AFD,right,-0.136617
710478548834885633,actor_T21,2016-03-17,AFD,right,-0.500449
710485701641572352,actor_T21,2016-03-17,AFD,right,0.33913
710486306162401280,actor_T21,2016-03-17,AFD,right,-1.395474
710489587936858112,actor_T21,2016-03-17,AFD,right,-0.058909
710513037397114881,actor_T30,2016-03-17,FDP,middle,0.054355
711196290437222400,actor_T06,2016-03-19,The Left Party,left,-0.028685
711340423961300992,actor_T09,2016-03-19,The Left Party,left,-0.461158
711660917730070528,actor_T26,2016-03-20,CDU/CSU,middle,-0.490188
711872916959469570,actor_T29,2016-03-21,The Left Party,left,-0.478463
711906741630443520,actor_T25,2016-03-21,The Left Party,left,0.219502
712222865450475520,actor_T21,2016-03-22,AFD,right,0.166566
712223093972983808,actor_T21,2016-03-22,AFD,right,0.174199
712223770715541505,actor_T21,2016-03-22,AFD,right,0.112446
712226944369217536,actor_T21,2016-03-22,AFD,right,-1.019268
712583690468110336,actor_T21,2016-03-23,AFD,right,0.464293
712584186348052480,actor_T21,2016-03-23,AFD,right,-1.138279
712714484855488512,actor_T34,2016-03-23,The Left Party,left,0.3372
712929082632179713,actor_T12,2016-03-24,CDU/CSU,middle,0.855116
713830686235484160,actor_T31,2016-03-26,The Left Party,left,-0.459353
714004780272758784,actor_T23,2016-03-27,SPD,middle,-0.320579
715204473438732289,actor_T30,2016-03-30,FDP,middle,0.525818
716304866767998976,actor_T13,2016-04-02,CDU/CSU,middle,-0.36279
716934038838243328,actor_T25,2016-04-04,The Left Party,left,0.266062
717644879493521408,actor_T29,2016-04-06,The Left Party,left,0.073115
717717465048813568,actor_T17,2016-04-06,SPD,middle,0.012684
717768345756557312,actor_T06,2016-04-06,The Left Party,left,0.098401
718095466211254273,actor_T34,2016-04-07,The Left Party,left,1.650583
718424776390406146,actor_T21,2016-04-08,AFD,right,-0.056201
718427047572463616,actor_T21,2016-04-08,AFD,right,-1.551662
718811699625795585,actor_T27,2016-04-09,CDU/CSU,middle,-0.19426
719224273517350916,actor_T09,2016-04-10,The Left Party,left,-0.7237
719227831872569344,actor_T09,2016-04-10,The Left Party,left,-0.870522
719500528561045505,actor_T26,2016-04-11,CDU/CSU,middle,0.99615
719562497724952576,actor_T15,2016-04-11,SPD,middle,0.786001
719596813133721600,actor_T25,2016-04-11,The Left Party,left,-0.724688
719987051584729092,actor_T21,2016-04-12,AFD,right,0.515937
719988462477295617,actor_T21,2016-04-12,AFD,right,-0.382735
720729052483612672,actor_T21,2016-04-14,AFD,right,-0.027059
720729395573440514,actor_T21,2016-04-14,AFD,right,1.07901
720730375702585345,actor_T21,2016-04-14,AFD,right,-0.175277
720882453980708864,actor_T30,2016-04-15,FDP,middle,0.198067
722039534456827904,actor_T12,2016-04-18,CDU/CSU,middle,-0.375877
722363009658712065,actor_T21,2016-04-19,AFD,right,-0.913147
722493734596833280,actor_T23,2016-04-19,SPD,middle,0.423403
722798703501819904,actor_T07,2016-04-20,CDU/CSU,middle,2.11089
722814254668201985,actor_T34,2016-04-20,The Left Party,left,1.68906
723055519347433473,actor_T06,2016-04-21,The Left Party,left,0.370695
723099473426157568,actor_T26,2016-04-21,CDU/CSU,middle,1.972139
723848551218962434,actor_T29,2016-04-23,The Left Party,left,0.800309
724258348221235202,actor_T27,2016-04-24,CDU/CSU,middle,-0.327935
724691656499441668,actor_T25,2016-04-25,The Left Party,left,-1.17808
724934545481568257,actor_T15,2016-04-26,SPD,middle,0.514744
725004982634831872,actor_T13,2016-04-26,CDU/CSU,middle,0.840259
725232154804785153,actor_T17,2016-04-27,SPD,middle,-0.286018
726105733968859137,actor_T29,2016-04-29,The Left Party,left,-0.323325
726411040074903552,actor_T12,2016-04-30,CDU/CSU,middle,0.261108
726453653943554048,actor_T21,2016-04-30,AFD,right,0.088644
726453776991813633,actor_T21,2016-04-30,AFD,right,0.207066
726453985121558528,actor_T21,2016-04-30,AFD,right,0.395979
726745404189085696,actor_T21,2016-05-01,AFD,right,-0.650002
726745646661771264,actor_T21,2016-05-01,AFD,right,-0.539268
726746110669250560,actor_T21,2016-05-01,AFD,right,-0.525471
726759095701766145,actor_T21,2016-05-01,AFD,right,-0.579169
727136233982431233,actor_T25,2016-05-02,The Left Party,left,0.240241
727177796959752192,actor_T34,2016-05-02,The Left Party,left,0.129735
727224965901238272,actor_T26,2016-05-02,CDU/CSU,middle,1.767246
727562513064333312,actor_T10,2016-05-03,SPD,middle,-0.481691
727918925984468992,actor_T23,2016-05-04,SPD,middle,-0.264909
728673953967968256,actor_T30,2016-05-06,FDP,middle,1.176216
729580244219375616,actor_T06,2016-05-09,The Left Party,left,-0.331143
729936222680920064,actor_T21,2016-05-10,AFD,right,-0.712421
730342666140037120,actor_T26,2016-05-11,CDU/CSU,middle,1.333637
730399154866933760,actor_T15,2016-05-11,SPD,middle,-0.046805
730484782308728839,actor_T29,2016-05-11,The Left Party,left,0.484711
730791989118140416,actor_T12,2016-05-12,CDU/CSU,middle,-0.044142
731082713642504192,actor_T25,2016-05-13,The Left Party,left,1.911377
731491396750848000,actor_T09,2016-05-14,The Left Party,left,-1.064382
731505907289460736,actor_T27,2016-05-14,CDU/CSU,middle,-0.086036
731848087472340992,actor_T31,2016-05-15,The Left Party,left,-0.55843
731880026501726208,actor_T34,2016-05-15,The Left Party,left,-0.635109
733674682243670016,actor_T17,2016-05-20,SPD,middle,0.72052
734751157399195648,actor_T13,2016-05-23,CDU/CSU,middle,-0.065882
734757357222277121,actor_T34,2016-05-23,The Left Party,left,0.114599
735024015790755840,actor_T25,2016-05-24,The Left Party,left,1.204926
735477219494113280,actor_T15,2016-05-25,SPD,middle,0.398569
736206905945817088,actor_T12,2016-05-27,CDU/CSU,middle,-0.371686
736464552259387392,actor_T23,2016-05-28,SPD,middle,0.377472
736467533935616000,actor_T29,2016-05-28,The Left Party,left,0.638966
736494776418209792,actor_T34,2016-05-28,The Left Party,left,-0.339969
736513538081095680,actor_T25,2016-05-28,The Left Party,left,0.996708
736614075745116160,actor_T34,2016-05-28,The Left Party,left,0.159356
736891587586871296,actor_T34,2016-05-29,The Left Party,left,-1.408275
737165114638471168,actor_T26,2016-05-30,CDU/CSU,middle,1.091022
737561723926806528,actor_T07,2016-05-31,CDU/CSU,middle,-0.176682
738350055543975937,actor_T12,2016-06-02,CDU/CSU,middle,0.06383
738413871225053186,actor_T29,2016-06-02,The Left Party,left,0.165106
738487589938835456,actor_T21,2016-06-02,AFD,right,-0.366629
739014670116397056,actor_T25,2016-06-04,The Left Party,left,0.273058
740086254134427648,actor_T17,2016-06-07,SPD,middle,0.023307
740184030772113408,actor_T27,2016-06-07,CDU/CSU,middle,-0.328881
740456877612503040,actor_T26,2016-06-08,CDU/CSU,middle,1.65996
740585828108382209,actor_T06,2016-06-08,The Left Party,left,0.830234
740900267936350208,actor_T29,2016-06-09,The Left Party,left,-0.057586
740908768750407680,actor_T34,2016-06-09,The Left Party,left,0.691308
741202397305966592,actor_T15,2016-06-10,SPD,middle,-0.866321
741396579932876801,actor_T12,2016-06-10,CDU/CSU,middle,0.578619
742005330087923712,actor_T10,2016-06-12,SPD,middle,0.291535
742311899208032256,actor_T29,2016-06-13,The Left Party,left,-0.362062
742640957271707648,actor_T13,2016-06-14,CDU/CSU,middle,1.543466
742729831411023873,actor_T26,2016-06-14,CDU/CSU,middle,0.526057
743382781590396929,actor_T23,2016-06-16,SPD,middle,-0.035226
743531905610559488,actor_T25,2016-06-16,The Left Party,left,0.103153
743559743629819905,actor_T09,2016-06-16,The Left Party,left,-0.404484
743855949564284930,actor_T06,2016-06-17,The Left Party,left,-0.204866
744506844970889216,actor_T34,2016-06-19,The Left Party,left,-0.515485
744629044906430469,actor_T12,2016-06-19,CDU/CSU,middle,0.191825
745242355075252224,actor_T15,2016-06-21,SPD,middle,-0.143294
745598761641082880,actor_T15,2016-06-22,SPD,middle,-0.046524
745659747467206656,actor_T29,2016-06-22,The Left Party,left,0.146038
745699637013676032,actor_T34,2016-06-22,The Left Party,left,-0.150642
746051829495115777,actor_T26,2016-06-23,CDU/CSU,middle,0.419549
746577961508286464,actor_T23,2016-06-25,SPD,middle,0.358575
746716383489175552,actor_T25,2016-06-25,The Left Party,left,-0.049964
747106139926573056,actor_T07,2016-06-26,CDU/CSU,middle,0.089123
747107336481832960,actor_T12,2016-06-26,CDU/CSU,middle,-0.003747
747422870528102400,actor_T17,2016-06-27,SPD,middle,1.319275
748232945274585088,actor_T15,2016-06-29,SPD,middle,-0.534818
748534745823383557,actor_T27,2016-06-30,CDU/CSU,middle,1.25495
748642085193007104,actor_T12,2016-06-30,CDU/CSU,middle,0.28833
748880663768600577,actor_T26,2016-07-01,CDU/CSU,middle,0.384465
749215237648375808,actor_T06,2016-07-02,The Left Party,left,0.06922
749562351423217665,actor_T30,2016-07-03,FDP,middle,0.022808
749876691275751425,actor_T13,2016-07-04,CDU/CSU,middle,1.13409
749976351642451968,actor_T23,2016-07-04,SPD,middle,-1.146272
750724506491191296,actor_T29,2016-07-06,The Left Party,left,1.514106
750804605190234113,actor_T34,2016-07-06,The Left Party,left,0.296512
751317681656172544,actor_T25,2016-07-08,The Left Party,left,-1.075517
751326489317179392,actor_T12,2016-07-08,CDU/CSU,middle,0.571065
751542611673047040,actor_T26,2016-07-08,CDU/CSU,middle,0.416631
752899780242731008,actor_T12,2016-07-12,CDU/CSU,middle,0.610712
753171992757538816,actor_T09,2016-07-13,The Left Party,left,1.371834
754313629474971648,actor_T34,2016-07-16,The Left Party,left,0.070942
754364067637293057,actor_T06,2016-07-16,The Left Party,left,-0.161928
754794449239175168,actor_T12,2016-07-17,CDU/CSU,middle,-0.501345
755288422068158464,actor_T07,2016-07-19,CDU/CSU,middle,0.654641
755738769731584000,actor_T27,2016-07-20,CDU/CSU,middle,-1.020398
755854267576090625,actor_T25,2016-07-20,The Left Party,left,0.985153
756185792091783169,actor_T26,2016-07-21,CDU/CSU,middle,0.351902
756574326577631232,actor_T21,2016-07-22,AFD,right,0.73638
756574478197485569,actor_T23,2016-07-22,SPD,middle,-0.545936
756577051637940224,actor_T21,2016-07-22,AFD,right,-0.840664
756580354073452544,actor_T21,2016-07-22,AFD,right,0.455384
756584709015076864,actor_T10,2016-07-22,SPD,middle,0.468511
756590128307511300,actor_T15,2016-07-22,SPD,middle,-0.651696
756590832543760384,actor_T21,2016-07-22,AFD,right,1.048407
756591298451308545,actor_T21,2016-07-22,AFD,right,0.84785
756605879638691848,actor_T12,2016-07-22,CDU/CSU,middle,-1.325184
756780777732538368,actor_T13,2016-07-23,CDU/CSU,middle,-0.361084
758026074471198724,actor_T33,2016-07-26,SPD,middle,-0.358755
758582774978740224,actor_T29,2016-07-28,The Left Party,left,-0.919727
759145192201019392,actor_T25,2016-07-29,The Left Party,left,1.034689
759154344637915136,actor_T26,2016-07-29,CDU/CSU,middle,-0.842678
759335724151820288,actor_T12,2016-07-30,CDU/CSU,middle,-0.291537
759437962421604352,actor_T31,2016-07-30,The Left Party,left,-0.89797
759717872947957766,actor_T21,2016-07-31,AFD,right,-0.907848
759721270929870848,actor_T21,2016-07-31,AFD,right,-1.947692
759744537023565826,actor_T21,2016-07-31,AFD,right,-0.827894
759745434151641089,actor_T21,2016-07-31,AFD,right,0.381908
759746468253011968,actor_T21,2016-07-31,AFD,right,-0.266728
759747601226829828,actor_T21,2016-07-31,AFD,right,-0.173806
759748200508985344,actor_T21,2016-07-31,AFD,right,-1.642557
759749087235145728,actor_T21,2016-07-31,AFD,right,0.461868
759750052579381250,actor_T21,2016-07-31,AFD,right,1.087089
759753269103108096,actor_T21,2016-07-31,AFD,right,1.0652
760159742606118912,actor_T33,2016-08-01,SPD,middle,1.805623
760223119919415296,actor_T30,2016-08-01,FDP,middle,0.531016
760874073186525186,actor_T06,2016-08-03,The Left Party,left,-0.368152
761283936572104704,actor_T12,2016-08-04,CDU/CSU,middle,-0.481931
761976281076469760,actor_T23,2016-08-06,SPD,middle,-0.1084
762536305205080064,actor_T07,2016-08-08,CDU/CSU,middle,-0.142689
762971625226641408,actor_T27,2016-08-09,CDU/CSU,middle,-1.17165
763068925840125952,actor_T33,2016-08-09,SPD,middle,0.726074
763372766498349060,actor_T34,2016-08-10,The Left Party,left,0.6221
763733955992547329,actor_T13,2016-08-11,CDU/CSU,middle,0.505575
763766254247239680,actor_T12,2016-08-11,CDU/CSU,middle,0.068959
765134714948640769,actor_T17,2016-08-15,SPD,middle,0.756024
765325676526313472,actor_T26,2016-08-15,CDU/CSU,middle,-0.139147
765629126090842113,actor_T23,2016-08-16,SPD,middle,-0.226941
766393885484576768,actor_T12,2016-08-18,CDU/CSU,middle,0.318616
766991378354241536,actor_T06,2016-08-20,The Left Party,left,-0.015277
767003393781067776,actor_T33,2016-08-20,SPD,middle,0.181114
767627007794548736,actor_T29,2016-08-22,The Left Party,left,-0.513095
767803428500344833,actor_T27,2016-08-22,CDU/CSU,middle,-0.064144
768451872441049089,actor_T34,2016-08-24,The Left Party,left,0.80635
770187539776991232,actor_T33,2016-08-29,SPD,middle,1.587464
770528850220580864,actor_T06,2016-08-30,The Left Party,left,0.790881
770660453399879684,actor_T12,2016-08-30,CDU/CSU,middle,0.576978
770984923159207936,actor_T09,2016-08-31,The Left Party,left,0.800289
771640486645813249,actor_T15,2016-09-02,SPD,middle,-0.73862
772095711747989504,actor_T34,2016-09-03,The Left Party,left,-0.5158
772383296349233152,actor_T13,2016-09-04,CDU/CSU,middle,0.034789
773055800692662272,actor_T29,2016-09-06,The Left Party,left,-0.367991
773057142060449793,actor_T07,2016-09-06,CDU/CSU,middle,-0.301739
773064349200048128,actor_T21,2016-09-06,AFD,right,-0.488818
773065133190938624,actor_T21,2016-09-06,AFD,right,-0.433115
773084869542944768,actor_T33,2016-09-06,SPD,middle,1.905578
773122657751474176,actor_T17,2016-09-06,SPD,middle,1.15976
773124114030727168,actor_T27,2016-09-06,CDU/CSU,middle,0.733219
773912353859571713,actor_T06,2016-09-08,The Left Party,left,-0.434299
775211896731381760,actor_T26,2016-09-12,CDU/CSU,middle,1.239221
776045896534519808,actor_T34,2016-09-14,The Left Party,left,-0.17523
776062033896828929,actor_T29,2016-09-14,The Left Party,left,1.215894
776439202963660800,actor_T33,2016-09-15,SPD,middle,1.514378
776839375124566016,actor_T23,2016-09-16,SPD,middle,-0.295271
777069283536936960,actor_T06,2016-09-17,The Left Party,left,-1.162172
778228264519208960,actor_T15,2016-09-20,SPD,middle,0.061253
778319005253861377,actor_T27,2016-09-20,CDU/CSU,middle,-0.975282
778613023263055873,actor_T29,2016-09-21,The Left Party,left,-0.78008
778675820764299266,actor_T34,2016-09-21,The Left Party,left,0.718515
779013142802231296,actor_T12,2016-09-22,CDU/CSU,middle,-0.235919
779610788768182272,actor_T33,2016-09-24,SPD,middle,-0.312997
779714598110949376,actor_T32,2016-09-24,CDU/CSU,middle,0.571627
780509070092537860,actor_T26,2016-09-26,CDU/CSU,middle,-0.10354
780639431002820608,actor_T07,2016-09-27,CDU/CSU,middle,-0.337502
780851325995196416,actor_T06,2016-09-27,The Left Party,left,0.744509
780889059333931008,actor_T31,2016-09-27,The Left Party,left,-0.249868
781203154461421570,actor_T15,2016-09-28,SPD,middle,-0.514976
781766677092499457,actor_T12,2016-09-30,CDU/CSU,middle,1.306455
781797697967812608,actor_T33,2016-09-30,SPD,middle,0.514333
781913828938420225,actor_T13,2016-09-30,CDU/CSU,middle,-0.575475
783298633353535488,actor_T09,2016-10-04,The Left Party,left,0.256852
784080943128641537,actor_T06,2016-10-06,The Left Party,left,1.345254
785347633091149824,actor_T12,2016-10-10,CDU/CSU,middle,-0.362926
785397898141896704,actor_T29,2016-10-10,The Left Party,left,-0.407002
785830989440385024,actor_T26,2016-10-11,CDU/CSU,middle,-0.212461
785877251049005056,actor_T06,2016-10-11,The Left Party,left,-0.188193
786259674123345920,actor_T12,2016-10-12,CDU/CSU,middle,-0.216462
786581829310672896,actor_T33,2016-10-13,SPD,middle,0.268683
786629699111940097,actor_T07,2016-10-13,CDU/CSU,middle,1.53628
787019402554277889,actor_T30,2016-10-14,FDP,middle,-0.545267
787578293893685248,actor_T06,2016-10-16,The Left Party,left,0.728738
787769215268818945,actor_T12,2016-10-16,CDU/CSU,middle,-0.082193
788460224801861633,actor_T34,2016-10-18,The Left Party,left,-0.710831
788499304528875520,actor_T15,2016-10-18,SPD,middle,0.068541
789130790361784320,actor_T27,2016-10-20,CDU/CSU,middle,-0.405359
789373768527478784,actor_T12,2016-10-21,CDU/CSU,middle,-0.136396
789413761870209024,actor_T17,2016-10-21,SPD,middle,0.594587
789487253005406209,actor_T33,2016-10-21,SPD,middle,1.231968
789770820860178432,actor_T26,2016-10-22,CDU/CSU,middle,0.613023
790796830644854784,actor_T13,2016-10-25,CDU/CSU,middle,-0.290558
790974505661464576,actor_T29,2016-10-25,The Left Party,left,-0.066632
791164656748490752,actor_T21,2016-10-26,AFD,right,0.458316
791188145513594880,actor_T12,2016-10-26,CDU/CSU,middle,1.176023
791391775927726080,actor_T34,2016-10-26,The Left Party,left,0.926574
792090972905730049,actor_T21,2016-10-28,AFD,right,0.24052
792297640058875906,actor_T33,2016-10-29,SPD,middle,-0.37691
792509262056529921,actor_T21,2016-10-29,AFD,right,-0.796451
792618553497255936,actor_T23,2016-10-30,SPD,middle,-0.429695
792631847436025856,actor_T21,2016-10-30,AFD,right,-0.814746
793137334774599680,actor_T12,2016-10-31,CDU/CSU,middle,0.63583
793822580868276228,actor_T06,2016-11-02,The Left Party,left,0.243556
794143899170304000,actor_T15,2016-11-03,SPD,middle,-0.236195
794536819908087808,actor_T09,2016-11-04,The Left Party,left,0.02489
794932964358582272,actor_T29,2016-11-05,The Left Party,left,0.702095
795269619892240384,actor_T21,2016-11-06,AFD,right,1.026694
795384104095285253,actor_T06,2016-11-06,The Left Party,left,0.932046
795561501708943361,actor_T26,2016-11-07,CDU/CSU,middle,2.220504
796244536498548740,actor_T29,2016-11-09,The Left Party,left,-0.977111
796254095623516160,actor_T21,2016-11-09,AFD,right,0.131987
796254432140914688,actor_T21,2016-11-09,AFD,right,-0.356888
796255457354665984,actor_T21,2016-11-09,AFD,right,-0.58102
796376184573620224,actor_T10,2016-11-09,SPD,middle,0.097922
796440885517025283,actor_T33,2016-11-09,SPD,middle,0.073543
796652279092932608,actor_T12,2016-11-10,CDU/CSU,middle,0.765711
796681469158719488,actor_T07,2016-11-10,CDU/CSU,middle,0.836517
796715076040409089,actor_T06,2016-11-10,The Left Party,left,0.206447
796755842125230086,actor_T15,2016-11-10,SPD,middle,0.190198
797742089119395840,actor_T27,2016-11-13,CDU/CSU,middle,-0.746472
798417517278613509,actor_T12,2016-11-15,CDU/CSU,middle,-0.401975
798932926692003840,actor_T06,2016-11-16,The Left Party,left,0.633232
799194244170784769,actor_T13,2016-11-17,CDU/CSU,middle,0.841942
799250055899336704,actor_T34,2016-11-17,The Left Party,left,0.739548
799357967409811456,actor_T33,2016-11-17,SPD,middle,1.803235
799960439685808128,actor_T07,2016-11-19,CDU/CSU,middle,0.038124
800411514972893186,actor_T26,2016-11-20,CDU/CSU,middle,-0.133003
801063257243090944,actor_T17,2016-11-22,SPD,middle,0.209197
801142534470828036,actor_T12,2016-11-22,CDU/CSU,middle,0.422201
801767858053251072,actor_T33,2016-11-24,SPD,middle,1.325805
801802693996118017,actor_T06,2016-11-24,The Left Party,left,0.575826
801841620551430145,actor_T29,2016-11-24,The Left Party,left,-0.502064
802037364503748608,actor_T07,2016-11-25,CDU/CSU,middle,-0.076851
802471457280274432,actor_T27,2016-11-26,CDU/CSU,middle,0.321708
803315436171489280,actor_T15,2016-11-28,SPD,middle,0.549458
804323425259028480,actor_T33,2016-12-01,SPD,middle,1.382632
804378121952776193,actor_T06,2016-12-01,The Left Party,left,-0.687783
804738546250743808,actor_T12,2016-12-02,CDU/CSU,middle,1.156459
805114761675493377,actor_T34,2016-12-03,The Left Party,left,0.833042
805366140402802688,actor_T26,2016-12-04,CDU/CSU,middle,0.068927
805835232385650688,actor_T07,2016-12-05,CDU/CSU,middle,0.386069
806456664366915585,actor_T29,2016-12-07,The Left Party,left,1.395538
806837863656656896,actor_T13,2016-12-08,CDU/CSU,middle,0.287612
807133168717484032,actor_T07,2016-12-09,CDU/CSU,middle,0.237498
807165351742029824,actor_T10,2016-12-09,SPD,middle,0.774996
807274939120308224,actor_T33,2016-12-09,SPD,middle,3.055662
807855076601712640,actor_T12,2016-12-11,CDU/CSU,middle,0.380406
807906560961900544,actor_T15,2016-12-11,SPD,middle,0.480737
808631094899830784,actor_T26,2016-12-13,CDU/CSU,middle,2.21787
808662523478163457,actor_T23,2016-12-13,SPD,middle,-0.039213
808790131448643584,actor_T09,2016-12-13,The Left Party,left,-1.072571
809039736316850177,actor_T06,2016-12-14,The Left Party,left,0.097031
809093719223889921,actor_T29,2016-12-14,The Left Party,left,1.342595
809100730355318784,actor_T27,2016-12-14,CDU/CSU,middle,-0.204911
809387181517238272,actor_T17,2016-12-15,SPD,middle,0.291632
809468661152915456,actor_T25,2016-12-15,The Left Party,left,-0.411827
809757023717957632,actor_T12,2016-12-16,CDU/CSU,middle,0.299101
810044984678350848,actor_T07,2016-12-17,CDU/CSU,middle,-0.186277
810047790667677696,actor_T30,2016-12-17,FDP,middle,-0.094856
810836490158743553,actor_T33,2016-12-19,SPD,middle,2.086344
811333170591318017,actor_T15,2016-12-20,SPD,middle,-0.148027
812263451955523584,actor_T12,2016-12-23,CDU/CSU,middle,-0.332888
813330540531220480,actor_T29,2016-12-26,The Left Party,left,-0.023971
814507412619227137,actor_T06,2016-12-29,The Left Party,left,0.560529
814841074548174848,actor_T07,2016-12-30,CDU/CSU,middle,0.338887
815571417840451584,actor_T34,2017-01-01,The Left Party,left,-0.019542
815888231908646912,actor_T27,2017-01-02,CDU/CSU,middle,-0.569864
815890429312991232,actor_T13,2017-01-02,CDU/CSU,middle,-0.652138
816308595478368258,actor_T33,2017-01-03,SPD,middle,1.305293
817356093651304448,actor_T26,2017-01-06,CDU/CSU,middle,0.176327
818885390924914689,actor_T06,2017-01-10,The Left Party,left,0.125001
819494629586432000,actor_T29,2017-01-12,The Left Party,left,-0.09777
819563847270932480,actor_T12,2017-01-12,CDU/CSU,middle,0.038809
819860265156169728,actor_T07,2017-01-13,CDU/CSU,middle,1.042234
819978198675030016,actor_T27,2017-01-13,CDU/CSU,middle,0.009988
821082467075522560,actor_T26,2017-01-16,CDU/CSU,middle,0.906964
821093814593056768,actor_T15,2017-01-16,SPD,middle,0.210373
821849401937301506,actor_T33,2017-01-18,SPD,middle,2.645009
822066218274324480,actor_T12,2017-01-19,CDU/CSU,middle,0.139542
822388676646682624,actor_T23,2017-01-20,SPD,middle,-0.5939
822392391998926848,actor_T06,2017-01-20,The Left Party,left,1.545122
822519867584774147,actor_T34,2017-01-20,The Left Party,left,0.255453
823059116851625984,actor_T29,2017-01-22,The Left Party,left,0.088772
823200026595827712,actor_T13,2017-01-22,CDU/CSU,middle,0.466086
823399515076042752,actor_T07,2017-01-23,CDU/CSU,middle,0.545528
823598234635485185,actor_T12,2017-01-23,CDU/CSU,middle,0.184769
824248172373561344,actor_T33,2017-01-25,SPD,middle,1.802577
824258506119413760,actor_T17,2017-01-25,SPD,middle,1.000365
824328034404732928,actor_T27,2017-01-25,CDU/CSU,middle,-1.18312
824356744579186690,actor_T10,2017-01-25,SPD,middle,-0.95368
824643082012545025,actor_T12,2017-01-26,CDU/CSU,middle,0.36486
826032293319950336,actor_T33,2017-01-30,SPD,middle,1.211448
826053857146974210,actor_T06,2017-01-30,The Left Party,left,0.232324
827148102863814658,actor_T26,2017-02-02,CDU/CSU,middle,1.112767
827985687987228672,actor_T23,2017-02-04,SPD,middle,-0.398347
828032992530538496,actor_T34,2017-02-05,The Left Party,left,-0.949512
828151933097607168,actor_T12,2017-02-05,CDU/CSU,middle,0.822889
828241511628292096,actor_T07,2017-02-05,CDU/CSU,middle,0.567274
828528971243540481,actor_T15,2017-02-06,SPD,middle,-0.92812
828699732243521536,actor_T06,2017-02-06,The Left Party,left,1.74984
828944551796678656,actor_T35,2017-02-07,FDP,middle,0.582126
829383276016128003,actor_T13,2017-02-08,CDU/CSU,middle,-1.216224
829674892899520515,actor_T35,2017-02-09,FDP,middle,-0.559953
829722160340074496,actor_T27,2017-02-09,CDU/CSU,middle,-6.2e-05
830348924804284416,actor_T32,2017-02-11,CDU/CSU,middle,-1.306159
831148936312344577,actor_T07,2017-02-13,CDU/CSU,middle,-0.707935
831412467548946437,actor_T33,2017-02-14,SPD,middle,2.726855
831825211490234368,actor_T29,2017-02-15,The Left Party,left,0.102125
831907175010295808,actor_T06,2017-02-15,The Left Party,left,0.857412
831948738839138304,actor_T15,2017-02-15,SPD,middle,0.35235
832022267756437506,actor_T35,2017-02-16,FDP,middle,0.859058
832990348293046272,actor_T26,2017-02-18,CDU/CSU,middle,1.006539
833626870327427072,actor_T12,2017-02-20,CDU/CSU,middle,0.766322
833760007623737344,actor_T06,2017-02-20,The Left Party,left,-0.952696
833911845442486272,actor_T34,2017-02-21,The Left Party,left,-0.113825
833985418379001857,actor_T23,2017-02-21,SPD,middle,-0.16281
834021878540988416,actor_T35,2017-02-21,FDP,middle,-1.916465
834128697204563968,actor_T09,2017-02-21,The Left Party,left,0.914678
834659237397663744,actor_T33,2017-02-23,SPD,middle,2.07091
835526448786124800,actor_T27,2017-02-25,CDU/CSU,middle,0.296386
835555348173963264,actor_T07,2017-02-25,CDU/CSU,middle,0.350457
835756275854163968,actor_T13,2017-02-26,CDU/CSU,middle,0.332599
836152385785507840,actor_T10,2017-02-27,SPD,middle,0.239408
836297933603631104,actor_T29,2017-02-27,The Left Party,left,-0.393667
836521786623807488,actor_T17,2017-02-28,SPD,middle,1.361488
836553459214188544,actor_T15,2017-02-28,SPD,middle,-1.570127
836560857949683713,actor_T12,2017-02-28,CDU/CSU,middle,0.088919
837383352667762692,actor_T35,2017-03-02,FDP,middle,-0.430331
837575929450872832,actor_T30,2017-03-03,FDP,middle,0.091605
837972181720125440,actor_T06,2017-03-04,The Left Party,left,1.230914
838145007286636545,actor_T35,2017-03-04,FDP,middle,1.294362
838440051986026496,actor_T12,2017-03-05,CDU/CSU,middle,-1.222505
839041301257519105,actor_T35,2017-03-07,FDP,middle,2.443179
839390639708078080,actor_T35,2017-03-08,FDP,middle,-0.260424
839487195215953921,actor_T33,2017-03-08,SPD,middle,2.60691
840081912345452547,actor_T12,2017-03-10,CDU/CSU,middle,0.163269
840210209100427266,actor_T27,2017-03-10,CDU/CSU,middle,-0.177494
840304948202070016,actor_T35,2017-03-10,FDP,middle,0.663945
840988554285199361,actor_T35,2017-03-12,FDP,middle,0.237999
841637204015362049,actor_T12,2017-03-14,CDU/CSU,middle,1.009348
842124168191696898,actor_T33,2017-03-15,SPD,middle,-0.947447
842259652335263744,actor_T35,2017-03-16,FDP,middle,-0.09095
842447972055015424,actor_T13,2017-03-16,CDU/CSU,middle,-1.052831
842614673035968512,actor_T23,2017-03-17,SPD,middle,-0.413324
843067630147854336,actor_T11,2017-03-18,Alliance 90/The Greens,middle,0.299189
843103708795822081,actor_T15,2017-03-18,SPD,middle,-0.327182
843137177571725313,actor_T35,2017-03-18,FDP,middle,-0.080552
843728205337018372,actor_T12,2017-03-20,CDU/CSU,middle,-0.500168
843900374469742598,actor_T07,2017-03-20,CDU/CSU,middle,0.655656
844134287532351489,actor_T33,2017-03-21,SPD,middle,-0.768897
844154716900806656,actor_T06,2017-03-21,The Left Party,left,1.562586
844206763071160330,actor_T35,2017-03-21,FDP,middle,0.348153
844225092657799168,actor_T27,2017-03-21,CDU/CSU,middle,0.799339
844458021740855296,actor_T26,2017-03-22,CDU/CSU,middle,0.989754
844519021613584385,actor_T12,2017-03-22,CDU/CSU,middle,-0.652202
844687387804487680,actor_T36,2017-03-22,Alliance 90/The Greens,middle,-0.172674
844809622863032320,actor_T29,2017-03-23,The Left Party,left,1.32776
845131768835432453,actor_T34,2017-03-24,The Left Party,left,0.454726
845241901733367809,actor_T12,2017-03-24,CDU/CSU,middle,0.323272
846242960035500032,actor_T12,2017-03-27,CDU/CSU,middle,0.438899
846340263580721154,actor_T07,2017-03-27,CDU/CSU,middle,0.982964
846448837006909440,actor_T06,2017-03-27,The Left Party,left,0.508094
846497005375500288,actor_T35,2017-03-27,FDP,middle,-0.304051
847117791375306756,actor_T23,2017-03-29,SPD,middle,1.153992
847344829730242560,actor_T27,2017-03-30,CDU/CSU,middle,0.560266
847724297401507840,actor_T12,2017-03-31,CDU/CSU,middle,-0.007704
847829761921613824,actor_T09,2017-03-31,The Left Party,left,0.301263
848076548808814592,actor_T35,2017-04-01,FDP,middle,0.541267
848440224556482560,actor_T33,2017-04-02,SPD,middle,0.131074
848488058869645312,actor_T12,2017-04-02,CDU/CSU,middle,-0.218246
848800670882967552,actor_T06,2017-04-03,The Left Party,left,0.291037
848827320085487616,actor_T17,2017-04-03,SPD,middle,0.582283
848905448216555520,actor_T13,2017-04-03,CDU/CSU,middle,0.154172
849831100977483777,actor_T15,2017-04-06,SPD,middle,0.450639
849890747570675712,actor_T12,2017-04-06,CDU/CSU,middle,-0.129867
849989070231089153,actor_T26,2017-04-06,CDU/CSU,middle,1.007625
850661288900427777,actor_T27,2017-04-08,CDU/CSU,middle,-0.116195
850663561831604224,actor_T07,2017-04-08,CDU/CSU,middle,0.409203
850664909306200064,actor_T29,2017-04-08,The Left Party,left,1.219967
851687515044098048,actor_T33,2017-04-11,SPD,middle,0.820454
851846587060035584,actor_T35,2017-04-11,FDP,middle,-1.275025
852123059431641090,actor_T06,2017-04-12,The Left Party,left,0.174026
852168549804146688,actor_T34,2017-04-12,The Left Party,left,-0.334849
852569121598447616,actor_T26,2017-04-13,CDU/CSU,middle,0.439169
852801010871353345,actor_T35,2017-04-14,FDP,middle,0.583211
852999675921801216,actor_T12,2017-04-14,CDU/CSU,middle,0.061538
853152009347899392,actor_T27,2017-04-15,CDU/CSU,middle,-0.011372
853517924883193858,actor_T10,2017-04-16,SPD,middle,-0.031304
854310735933001728,actor_T35,2017-04-18,FDP,middle,-0.74999
854316638866419713,actor_T06,2017-04-18,The Left Party,left,-0.212884
855495015908478979,actor_T12,2017-04-21,CDU/CSU,middle,-0.607401
855693743403520000,actor_T33,2017-04-22,SPD,middle,0.123409
856456747812356096,actor_T29,2017-04-24,The Left Party,left,-0.276733
856863147176624131,actor_T27,2017-04-25,CDU/CSU,middle,1.041029
856870202604220416,actor_T36,2017-04-25,Alliance 90/The Greens,middle,0.20905
857116337033891840,actor_T13,2017-04-26,CDU/CSU,middle,0.053757
857196512388022272,actor_T06,2017-04-26,The Left Party,left,0.72219
857233442718744576,actor_T12,2017-04-26,CDU/CSU,middle,-0.178978
857234440476651524,actor_T33,2017-04-26,SPD,middle,3.423614
857918711709257728,actor_T15,2017-04-28,SPD,middle,0.438816
857957469300981761,actor_T35,2017-04-28,FDP,middle,-0.532154
858026254624333824,actor_T30,2017-04-28,FDP,middle,-0.411461
858371208911433728,actor_T12,2017-04-29,CDU/CSU,middle,0.249721
858666196996116480,actor_T26,2017-04-30,CDU/CSU,middle,0.804505
859081525924593667,actor_T17,2017-05-01,SPD,middle,0.557185
859480238715281413,actor_T06,2017-05-02,The Left Party,left,0.843677
859505812741525504,actor_T29,2017-05-02,The Left Party,left,-0.397742
859628892969209858,actor_T12,2017-05-03,CDU/CSU,middle,-0.599807
859663646473031680,actor_T23,2017-05-03,SPD,middle,0.611456
859679798284701696,actor_T07,2017-05-03,CDU/CSU,middle,0.118386
860079986149076992,actor_T27,2017-05-04,CDU/CSU,middle,-0.828285
860153136610238465,actor_T33,2017-05-04,SPD,middle,2.39854
860765909258039296,actor_T12,2017-05-06,CDU/CSU,middle,-0.293303
861251678561067009,actor_T34,2017-05-07,The Left Party,left,0.7295
861271374895214592,actor_T12,2017-05-07,CDU/CSU,middle,0.831201
861500299940429824,actor_T29,2017-05-08,The Left Party,left,0.261448
861923573535051776,actor_T12,2017-05-09,CDU/CSU,middle,0.838836
862257204757442560,actor_T35,2017-05-10,FDP,middle,-0.093845
862330278559326208,actor_T36,2017-05-10,Alliance 90/The Greens,middle,0.586871
862656855583203329,actor_T12,2017-05-11,CDU/CSU,middle,1.386499
862931634257047552,actor_T17,2017-05-12,SPD,middle,0.269906
862939733009235968,actor_T33,2017-05-12,SPD,middle,0.36374
862960687638884352,actor_T06,2017-05-12,The Left Party,left,1.137336
863128108609744896,actor_T27,2017-05-12,CDU/CSU,middle,-0.37259
863648321256267776,actor_T07,2017-05-14,CDU/CSU,middle,-0.548242
863719236388171776,actor_T12,2017-05-14,CDU/CSU,middle,-0.688735
863755497631043584,actor_T35,2017-05-14,FDP,middle,-0.191326
863771696645513217,actor_T13,2017-05-14,CDU/CSU,middle,-0.72112
864084486769840128,actor_T29,2017-05-15,The Left Party,left,1.079244
864799998772473856,actor_T12,2017-05-17,CDU/CSU,middle,0.326637
865634700718612480,actor_T12,2017-05-19,CDU/CSU,middle,0.22475
865818877489553409,actor_T10,2017-05-20,SPD,middle,-0.955782
865950986686390273,actor_T26,2017-05-20,CDU/CSU,middle,-0.615538
866929038706823168,actor_T23,2017-05-23,SPD,middle,1.583028
866939699243487233,actor_T06,2017-05-23,The Left Party,left,-0.189305
867124268391440384,actor_T32,2017-05-23,CDU/CSU,middle,-0.9115
868011459896389633,actor_T36,2017-05-26,Alliance 90/The Greens,middle,-0.600032
868119916158881794,actor_T27,2017-05-26,CDU/CSU,middle,-1.484611
868569946443444227,actor_T35,2017-05-27,FDP,middle,0.578686
868937785931161601,actor_T12,2017-05-28,CDU/CSU,middle,-1.23867
868973390656360449,actor_T09,2017-05-28,The Left Party,left,-0.029684
869585241408778240,actor_T34,2017-05-30,The Left Party,left,0.770188
869816240243707904,actor_T13,2017-05-31,CDU/CSU,middle,0.720825
869917608765788160,actor_T07,2017-05-31,CDU/CSU,middle,0.445872
870024177486622720,actor_T33,2017-05-31,SPD,middle,1.240691
870188792824696834,actor_T12,2017-06-01,CDU/CSU,middle,0.29941
870371772981530624,actor_T06,2017-06-01,The Left Party,left,0.740916
870635326330609666,actor_T12,2017-06-02,CDU/CSU,middle,1.441675
870978235311501314,actor_T15,2017-06-03,SPD,middle,0.823875
871253869166292996,actor_T23,2017-06-04,SPD,middle,-0.222659
871419408496963584,actor_T35,2017-06-04,FDP,middle,-0.068893
872522991762108416,actor_T36,2017-06-07,Alliance 90/The Greens,middle,0.691001
872879559951220736,actor_T27,2017-06-08,CDU/CSU,middle,-0.146126
873541587493584896,actor_T29,2017-06-10,The Left Party,left,-0.125997
873551610655514625,actor_T34,2017-06-10,The Left Party,left,-0.044909
873841644440887296,actor_T30,2017-06-11,FDP,middle,-0.590634
873853870765727745,actor_T33,2017-06-11,SPD,middle,-0.078498
873954532153339904,actor_T12,2017-06-11,CDU/CSU,middle,0.163459
873996720627216384,actor_T17,2017-06-11,SPD,middle,-1.407316
874250194057146371,actor_T06,2017-06-12,The Left Party,left,-0.644517
874989202689200128,actor_T23,2017-06-14,SPD,middle,0.274028
875595331211218948,actor_T12,2017-06-16,CDU/CSU,middle,-0.142685
875697064063250432,actor_T07,2017-06-16,CDU/CSU,middle,0.624177
876482428583522304,actor_T13,2017-06-18,CDU/CSU,middle,1.524814
876507124221845505,actor_T25,2017-06-18,The Left Party,left,0.099126
876520162295414786,actor_T35,2017-06-18,FDP,middle,-0.557044
876800664462118912,actor_T12,2017-06-19,CDU/CSU,middle,-0.422526
876836610284945408,actor_T10,2017-06-19,SPD,middle,-0.515982
877243440534364161,actor_T15,2017-06-20,SPD,middle,0.307364
877613381804597248,actor_T28,2017-06-21,FDP,middle,0.263559
877931326409773060,actor_T29,2017-06-22,The Left Party,left,0.677573
877991925122555905,actor_T26,2017-06-22,CDU/CSU,middle,1.700651
878181761951309828,actor_T07,2017-06-23,CDU/CSU,middle,-0.753703
878344096665919488,actor_T27,2017-06-23,CDU/CSU,middle,-0.567913
878495685464776709,actor_T12,2017-06-24,CDU/CSU,middle,0.397328
878532597030297601,actor_T34,2017-06-24,The Left Party,left,0.632811
879567161924227072,actor_T23,2017-06-27,SPD,middle,-0.786138
879623184038940672,actor_T33,2017-06-27,SPD,middle,-0.273384
879754621698355200,actor_T06,2017-06-27,The Left Party,left,0.739246
879942324809342977,actor_T15,2017-06-28,SPD,middle,-0.067177
880669245650108417,actor_T26,2017-06-30,CDU/CSU,middle,0.353795
880817391747432448,actor_T12,2017-06-30,CDU/CSU,middle,-0.556412
881083532180938754,actor_T07,2017-07-01,CDU/CSU,middle,-0.527251
881246403091148802,actor_T23,2017-07-01,SPD,middle,0.413713
881794802983071745,actor_T27,2017-07-03,CDU/CSU,middle,-0.916921
881815408474501122,actor_T17,2017-07-03,SPD,middle,-0.329365
881836931201589248,actor_T12,2017-07-03,CDU/CSU,middle,-0.529129
882150066135474176,actor_T06,2017-07-04,The Left Party,left,-0.061232
882305935951187969,actor_T29,2017-07-04,The Left Party,left,0.765509
882675400157122560,actor_T13,2017-07-05,CDU/CSU,middle,0.447809
882969630389743616,actor_T35,2017-07-06,FDP,middle,0.204663
883233524488302592,actor_T15,2017-07-07,SPD,middle,-0.122096
883452759139340288,actor_T10,2017-07-07,SPD,middle,-1.139991
883620988801490944,actor_T07,2017-07-08,CDU/CSU,middle,0.048057
884064190666858496,actor_T12,2017-07-09,CDU/CSU,middle,0.813014
884151039431241728,actor_T36,2017-07-09,Alliance 90/The Greens,middle,0.359182
884796989338247168,actor_T06,2017-07-11,The Left Party,left,-0.309478
884887543740854273,actor_T27,2017-07-11,CDU/CSU,middle,0.01733
885442467574816768,actor_T34,2017-07-13,The Left Party,left,-0.046768
885841850459758592,actor_T12,2017-07-14,CDU/CSU,middle,1.00275
886115620521222144,actor_T29,2017-07-15,The Left Party,left,-0.202239
886234525747089408,actor_T33,2017-07-15,SPD,middle,0.177178
887005479246987264,actor_T26,2017-07-17,CDU/CSU,middle,-0.648401
887035309577256960,actor_T23,2017-07-17,SPD,middle,0.65128
887227966064820225,actor_T07,2017-07-18,CDU/CSU,middle,0.218088
887430582514454532,actor_T36,2017-07-18,Alliance 90/The Greens,middle,0.44848
887907362727755778,actor_T13,2017-07-20,CDU/CSU,middle,-1.00585
888067079982788608,actor_T06,2017-07-20,The Left Party,left,0.312488
888398740184236034,actor_T17,2017-07-21,SPD,middle,1.706375
888444572157833216,actor_T35,2017-07-21,FDP,middle,-0.391174
888471699376812033,actor_T27,2017-07-21,CDU/CSU,middle,-0.46083
888669638934097920,actor_T12,2017-07-22,CDU/CSU,middle,0.239005
889068222028427266,actor_T15,2017-07-23,SPD,middle,0.226427
889363564120690688,actor_T12,2017-07-24,CDU/CSU,middle,0.212615
889791511138897920,actor_T07,2017-07-25,CDU/CSU,middle,-0.103801
890808663455268865,actor_T35,2017-07-28,FDP,middle,0.596423
890997050015436800,actor_T12,2017-07-28,CDU/CSU,middle,-1.003683
891993255528759296,actor_T27,2017-07-31,CDU/CSU,middle,0.413935
892288691556806656,actor_T32,2017-08-01,CDU/CSU,middle,0.323541
892478948906610688,actor_T30,2017-08-01,FDP,middle,-0.310154
892715438211309568,actor_T34,2017-08-02,The Left Party,left,1.024538
892746455101964289,actor_T33,2017-08-02,SPD,middle,-0.589596
893074348801748992,actor_T35,2017-08-03,FDP,middle,-0.764118
893478585511673856,actor_T12,2017-08-04,CDU/CSU,middle,-0.015082
893503897372954625,actor_T13,2017-08-04,CDU/CSU,middle,-1.138281
893706485817102336,actor_T07,2017-08-05,CDU/CSU,middle,-0.371901
893824768264339456,actor_T26,2017-08-05,CDU/CSU,middle,-0.583508
894251300627599364,actor_T17,2017-08-06,SPD,middle,-0.592776
894954795873718273,actor_T27,2017-08-08,CDU/CSU,middle,0.065565
895172145973800961,actor_T12,2017-08-09,CDU/CSU,middle,-0.065005
895216571156762626,actor_T10,2017-08-09,SPD,middle,0.030564
896219717723148289,actor_T07,2017-08-12,CDU/CSU,middle,0.484135
896443506314661888,actor_T15,2017-08-12,SPD,middle,0.998405
896755274224152578,actor_T35,2017-08-13,FDP,middle,-0.582837
897522234671104000,actor_T27,2017-08-15,CDU/CSU,middle,-0.061021
897761126490021888,actor_T12,2017-08-16,CDU/CSU,middle,-1.052576
898266932918595584,actor_T23,2017-08-17,SPD,middle,0.068528
898893250282627072,actor_T06,2017-08-19,The Left Party,left,0.323745
898941945485172740,actor_T07,2017-08-19,CDU/CSU,middle,-0.476913
899257760247930880,actor_T34,2017-08-20,The Left Party,left,0.260189
900045717871497216,actor_T13,2017-08-22,CDU/CSU,middle,-1.313636
900262595533393921,actor_T17,2017-08-23,SPD,middle,0.762213
900270884404871168,actor_T24,2017-08-23,AFD,right,-0.392712
900276569750605824,actor_T24,2017-08-23,AFD,right,0.414549
900276892741271552,actor_T24,2017-08-23,AFD,right,0.090839
900277303464382464,actor_T24,2017-08-23,AFD,right,-0.183821
900279781316603904,actor_T24,2017-08-23,AFD,right,1.291885
900281520358920192,actor_T24,2017-08-23,AFD,right,-0.363562
900286790116007937,actor_T24,2017-08-23,AFD,right,-1.057246
900288421100433409,actor_T24,2017-08-23,AFD,right,-0.179362
900310712064540672,actor_T27,2017-08-23,CDU/CSU,middle,-0.630661
900666857031700481,actor_T29,2017-08-24,The Left Party,left,0.796004
900896074210181121,actor_T24,2017-08-25,AFD,right,0.339407
900993436802842624,actor_T35,2017-08-25,FDP,middle,-0.28627
901028439544578048,actor_T12,2017-08-25,CDU/CSU,middle,-0.848081
901055171442221056,actor_T33,2017-08-25,SPD,middle,-0.396424
901293162672553984,actor_T07,2017-08-26,CDU/CSU,middle,1.060007
902286201943707648,actor_T27,2017-08-28,CDU/CSU,middle,0.26761
902492483933888513,actor_T06,2017-08-29,The Left Party,left,0.162824
902909004917096448,actor_T17,2017-08-30,SPD,middle,0.480187
903339472053575682,actor_T07,2017-08-31,CDU/CSU,middle,-0.793632
903516788272529409,actor_T24,2017-09-01,AFD,right,-0.244338
903689736040132608,actor_T12,2017-09-01,CDU/CSU,middle,-0.707306
904044654496284672,actor_T29,2017-09-02,The Left Party,left,-0.096991
904085813717344258,actor_T34,2017-09-02,The Left Party,left,0.0339
904412176127066113,actor_T07,2017-09-03,CDU/CSU,middle,-0.386426
904417229395169280,actor_T33,2017-09-03,SPD,middle,0.5447
904417431598362624,actor_T12,2017-09-03,CDU/CSU,middle,-1.338848
904419777560670208,actor_T15,2017-09-03,SPD,middle,-0.457294
904423671758028800,actor_T26,2017-09-03,CDU/CSU,middle,-0.824386
904433126088347648,actor_T07,2017-09-03,CDU/CSU,middle,-0.462965
904437786434035715,actor_T23,2017-09-03,SPD,middle,0.088736
904452855251263490,actor_T27,2017-09-03,CDU/CSU,middle,-0.266998
904573587549544448,actor_T13,2017-09-04,CDU/CSU,middle,0.881751
904816722653433856,actor_T36,2017-09-04,Alliance 90/The Greens,middle,-0.439652
905043140670873600,actor_T12,2017-09-05,CDU/CSU,middle,-0.254636
905139506126483458,actor_T24,2017-09-05,AFD,right,-1.090196
905754152281804800,actor_T24,2017-09-07,AFD,right,-0.4588
905791819568603137,actor_T28,2017-09-07,FDP,middle,-0.553248
906024649254887426,actor_T07,2017-09-08,CDU/CSU,middle,-0.557611
906160306371604481,actor_T32,2017-09-08,CDU/CSU,middle,-0.211759
906181804310355968,actor_T35,2017-09-08,FDP,middle,0.121834
906191291398197248,actor_T10,2017-09-08,SPD,middle,-0.271087
906456877021757440,actor_T06,2017-09-09,The Left Party,left,0.452957
907153926725816320,actor_T33,2017-09-11,SPD,middle,-1.14119
907340962787151877,actor_T24,2017-09-11,AFD,right,-0.545244
907921895558979585,actor_T07,2017-09-13,CDU/CSU,middle,0.629257
907929390650183681,actor_T17,2017-09-13,SPD,middle,0.739154
907984752409546752,actor_T12,2017-09-13,CDU/CSU,middle,0.243274
908004837366927360,actor_T08,2017-09-13,SPD,middle,0.269432
908023223291400193,actor_T27,2017-09-13,CDU/CSU,middle,-0.532348
908031971963613189,actor_T29,2017-09-13,The Left Party,left,-0.008547
908069560556933121,actor_T34,2017-09-13,The Left Party,left,1.215512
908576730805305345,actor_T23,2017-09-15,SPD,middle,-0.719432
909413461305720832,actor_T13,2017-09-17,CDU/CSU,middle,1.024381
909990489239166976,actor_T07,2017-09-19,CDU/CSU,middle,-0.231122
910427837391413248,actor_T12,2017-09-20,CDU/CSU,middle,-0.557775
910505995184562176,actor_T15,2017-09-20,SPD,middle,-0.069204
910797007987539968,actor_T20,2017-09-21,The Left Party,left,-1.016816
910800848883724289,actor_T27,2017-09-21,CDU/CSU,middle,0.518135
910803300429238273,actor_T06,2017-09-21,The Left Party,left,-0.708614
910833986607468544,actor_T33,2017-09-21,SPD,middle,-1.016884
911137214389682176,actor_T12,2017-09-22,CDU/CSU,middle,0.267557
911147220027703297,actor_T29,2017-09-22,The Left Party,left,-0.365044
911219787430285312,actor_T34,2017-09-22,The Left Party,left,0.315676
911278844845445120,actor_T24,2017-09-22,AFD,right,-0.970289
911527060253937664,actor_T07,2017-09-23,CDU/CSU,middle,-0.588997
911871153794420736,actor_T24,2017-09-24,AFD,right,-0.362997
911981425326407681,actor_T28,2017-09-24,FDP,middle,0.73811
912757162073522176,actor_T17,2017-09-26,SPD,middle,-0.077718
912882478309834757,actor_T24,2017-09-27,AFD,right,-0.085664
913022705892560896,actor_T06,2017-09-27,The Left Party,left,-0.08482
913037813309952001,actor_T29,2017-09-27,The Left Party,left,-1.096229
913440311686332418,actor_T27,2017-09-28,CDU/CSU,middle,-0.124245
914213824592478210,actor_T36,2017-09-30,Alliance 90/The Greens,middle,-0.107098
914509914323681280,actor_T35,2017-10-01,FDP,middle,1.034606
915099847497326592,actor_T13,2017-10-03,CDU/CSU,middle,-0.448734
915549566065397761,actor_T12,2017-10-04,CDU/CSU,middle,0.144851
916014007001247745,actor_T09,2017-10-05,The Left Party,left,0.381329
916152543251763200,actor_T26,2017-10-06,CDU/CSU,middle,-0.232025
916212979284238336,actor_T29,2017-10-06,The Left Party,left,-0.425857
916352976066895872,actor_T15,2017-10-06,SPD,middle,0.062391
916580745220710400,actor_T07,2017-10-07,CDU/CSU,middle,0.432476
917155728770633728,actor_T22,2017-10-08,AFD,right,-0.020948
917155888238092288,actor_T22,2017-10-08,AFD,right,-0.114969
917353949224669184,actor_T06,2017-10-09,The Left Party,left,-0.413788
917842595463811074,actor_T23,2017-10-10,SPD,middle,-0.276144
918699026676977665,actor_T37,2017-10-13,AFD,right,-0.143713
919660848498520064,actor_T30,2017-10-15,FDP,middle,-0.33732
920216700267778049,actor_T15,2017-10-17,SPD,middle,0.480117
920361772464459777,actor_T27,2017-10-17,CDU/CSU,middle,0.803457
920546464622837762,actor_T34,2017-10-18,The Left Party,left,0.683457
920584863039787008,actor_T06,2017-10-18,The Left Party,left,0.66146
920950027748601856,actor_T12,2017-10-19,CDU/CSU,middle,-0.760101
921055062897684480,actor_T35,2017-10-19,FDP,middle,0.10783
921671522925862912,actor_T36,2017-10-21,Alliance 90/The Greens,middle,0.003704
921812701239824387,actor_T13,2017-10-21,CDU/CSU,middle,-1.17284
923280698982780928,actor_T24,2017-10-25,AFD,right,-0.589859
923547888130682882,actor_T29,2017-10-26,The Left Party,left,0.777428
924892144619401216,actor_T15,2017-10-30,SPD,middle,-0.088993
925291932292669440,actor_T38,2017-10-31,AFD,right,0.599758
925650186902351877,actor_T35,2017-11-01,FDP,middle,0.605782
925656361186287616,actor_T38,2017-11-01,AFD,right,0.880191
926021744569344000,actor_T10,2017-11-02,SPD,middle,-0.477766
926143847524126720,actor_T38,2017-11-02,AFD,right,0.715976
926451817743048706,actor_T06,2017-11-03,The Left Party,left,-0.194025
926866977368535041,actor_T38,2017-11-04,AFD,right,-1.289585
926961835370201088,actor_T17,2017-11-04,SPD,middle,-0.404833
927545964243685376,actor_T07,2017-11-06,CDU/CSU,middle,0.005735
927872447541661697,actor_T15,2017-11-07,SPD,middle,0.480999
928143686193565696,actor_T33,2017-11-08,SPD,middle,0.04846
928178669515886592,actor_T13,2017-11-08,CDU/CSU,middle,0.205856
929032915094331392,actor_T27,2017-11-10,CDU/CSU,middle,0.027679
929042696353837056,actor_T38,2017-11-10,AFD,right,-0.744018
929085371639586821,actor_T24,2017-11-10,AFD,right,-1.071553
929311526925881345,actor_T36,2017-11-11,Alliance 90/The Greens,middle,0.35597
929423807487635456,actor_T34,2017-11-11,The Left Party,left,0.528879
929592058586783744,actor_T29,2017-11-12,The Left Party,left,0.428964
929688526479937536,actor_T26,2017-11-12,CDU/CSU,middle,0.140266
929971711105208320,actor_T06,2017-11-13,The Left Party,left,0.751886
930102676901285893,actor_T12,2017-11-13,CDU/CSU,middle,1.189532
930817525876711426,actor_T15,2017-11-15,SPD,middle,-0.450657
930875355635830784,actor_T38,2017-11-15,AFD,right,-0.27912
931397637001175040,actor_T30,2017-11-17,FDP,middle,0.604288
931414272734846977,actor_T35,2017-11-17,FDP,middle,0.690186
932180093719289856,actor_T38,2017-11-19,AFD,right,-0.088676
932349537905201152,actor_T09,2017-11-19,The Left Party,left,-0.169641
932632011247845376,actor_T23,2017-11-20,SPD,middle,-0.65365
933286554746925056,actor_T33,2017-11-22,SPD,middle,1.323305
933485761936154624,actor_T24,2017-11-23,AFD,right,0.858183
933993432187621376,actor_T15,2017-11-24,SPD,middle,0.318988
934049833324826624,actor_T13,2017-11-24,CDU/CSU,middle,-0.133214
934104529620094977,actor_T29,2017-11-24,The Left Party,left,-0.246409
934916933379674112,actor_T06,2017-11-26,The Left Party,left,0.618226
935071658355908609,actor_T28,2017-11-27,FDP,middle,-0.044269
935094125254373376,actor_T10,2017-11-27,SPD,middle,0.209516
935530378722455552,actor_T35,2017-11-28,FDP,middle,-0.41166
935546567917998083,actor_T17,2017-11-28,SPD,middle,0.568099
935985486610526208,actor_T27,2017-11-29,CDU/CSU,middle,1.02685
936862713736708096,actor_T07,2017-12-02,CDU/CSU,middle,0.349049
936948778468347904,actor_T06,2017-12-02,The Left Party,left,-0.326547
936977654892417030,actor_T15,2017-12-02,SPD,middle,-0.089549
937788795893796864,actor_T23,2017-12-04,SPD,middle,0.588003
938148796223119360,actor_T26,2017-12-05,CDU/CSU,middle,-0.570422
938481299194634240,actor_T34,2017-12-06,The Left Party,left,1.012768
938769024653185025,actor_T33,2017-12-07,SPD,middle,-1.563245
939406388622778368,actor_T13,2017-12-09,CDU/CSU,middle,-0.397149
939478870465671168,actor_T32,2017-12-09,CDU/CSU,middle,-0.897467
940128128235655169,actor_T36,2017-12-11,Alliance 90/The Greens,middle,0.063318
940503200825839617,actor_T06,2017-12-12,The Left Party,left,0.627428
940666291114905600,actor_T15,2017-12-12,SPD,middle,0.854059
941385922179891201,actor_T33,2017-12-14,SPD,middle,-0.031899
941993540309127169,actor_T12,2017-12-16,CDU/CSU,middle,-0.367256
942087201394962433,actor_T24,2017-12-16,AFD,right,-0.70873
942775794157477889,actor_T09,2017-12-18,The Left Party,left,-0.89702
943947905416744965,actor_T35,2017-12-21,FDP,middle,0.320146
944305935522115584,actor_T27,2017-12-22,CDU/CSU,middle,-0.518592
944590088633311234,actor_T13,2017-12-23,CDU/CSU,middle,1.319646
946457376709926912,actor_T24,2017-12-28,AFD,right,-0.974409
947149472500510721,actor_T17,2017-12-30,SPD,middle,-0.368498
947737920651358208,actor_T10,2018-01-01,SPD,middle,0.207891
947787562080456705,actor_T35,2018-01-01,FDP,middle,0.017145
947948965558996993,actor_T29,2018-01-01,The Left Party,left,0.91877
948607379163308033,actor_T15,2018-01-03,SPD,middle,-0.322857
949231501316587520,actor_T23,2018-01-05,SPD,middle,0.65968
949290983128293377,actor_T12,2018-01-05,CDU/CSU,middle,0.074577
950319222122598400,actor_T06,2018-01-08,The Left Party,left,1.228234
950623291789672448,actor_T27,2018-01-09,CDU/CSU,middle,-1.076333
951156217577078784,actor_T13,2018-01-10,CDU/CSU,middle,-1.304707
951799029243039744,actor_T07,2018-01-12,CDU/CSU,middle,0.949822
951973252188041216,actor_T24,2018-01-13,AFD,right,-0.240024
952201510594760704,actor_T15,2018-01-13,SPD,middle,0.996338
952558294677286912,actor_T34,2018-01-14,The Left Party,left,1.195879
953343990274953217,actor_T30,2018-01-16,FDP,middle,-0.800762
953552794346229761,actor_T06,2018-01-17,The Left Party,left,0.837224
953561218522009600,actor_T33,2018-01-17,SPD,middle,0.672774
954344286962757632,actor_T09,2018-01-19,The Left Party,left,-0.447785
954470718145785856,actor_T26,2018-01-19,CDU/CSU,middle,0.453587
954632808915456000,actor_T35,2018-01-20,FDP,middle,-0.823983
954697610580975616,actor_T24,2018-01-20,AFD,right,0.037913
955101177649262594,actor_T29,2018-01-21,The Left Party,left,-0.815941
955432234982559744,actor_T15,2018-01-22,SPD,middle,0.0458
955977865715175424,actor_T24,2018-01-24,AFD,right,0.521559
956156463436660738,actor_T28,2018-01-24,FDP,middle,0.456223
956478959407063041,actor_T33,2018-01-25,SPD,middle,-0.431119
957923715802714112,actor_T13,2018-01-29,CDU/CSU,middle,0.380198
958254043461242880,actor_T07,2018-01-30,CDU/CSU,middle,-0.74517
958863935037419520,actor_T23,2018-02-01,SPD,middle,-0.881007
959097012372361217,actor_T06,2018-02-01,The Left Party,left,0.816875
959433240808443904,actor_T34,2018-02-02,The Left Party,left,0.12774
959736987027636226,actor_T15,2018-02-03,SPD,middle,0.465371
960511215867965441,actor_T35,2018-02-05,FDP,middle,0.793438
960990257109000193,actor_T09,2018-02-06,The Left Party,left,0.648087
961249041807020033,actor_T24,2018-02-07,AFD,right,-0.589376
961272637069709312,actor_T27,2018-02-07,CDU/CSU,middle,-0.666558
961740249109065728,actor_T36,2018-02-08,Alliance 90/The Greens,middle,-0.162906
961978778263150592,actor_T33,2018-02-09,SPD,middle,-0.019202
962042246454378497,actor_T24,2018-02-09,AFD,right,-1.412997
962605450494701569,actor_T28,2018-02-11,FDP,middle,-0.747911
963318348120543232,actor_T29,2018-02-13,The Left Party,left,-0.243695
963531931018235904,actor_T13,2018-02-13,CDU/CSU,middle,-0.861451
963533380380971010,actor_T23,2018-02-13,SPD,middle,-0.935382
963680735059152902,actor_T39,2018-02-14,SPD,middle,0.76925
963864693982023685,actor_T28,2018-02-14,FDP,middle,-0.730486
964055271533359104,actor_T06,2018-02-15,The Left Party,left,0.670641
965133886018682881,actor_T15,2018-02-18,SPD,middle,0.730458
965513829810692097,actor_T07,2018-02-19,CDU/CSU,middle,-0.181686
965585180558811147,actor_T10,2018-02-19,SPD,middle,0.07467
965939414357733376,actor_T26,2018-02-20,CDU/CSU,middle,-0.229691
967708964715749376,actor_T29,2018-02-25,The Left Party,left,-0.66941
967985910758477824,actor_T35,2018-02-26,FDP,middle,0.998434
968088152287170560,actor_T27,2018-02-26,CDU/CSU,middle,-0.755691
968764094399631360,actor_T06,2018-02-28,The Left Party,left,0.813737
969195578382004224,actor_T37,2018-03-01,AFD,right,0.530801
969263085285445632,actor_T33,2018-03-01,SPD,middle,0.361433
969277346229432320,actor_T28,2018-03-01,FDP,middle,1.293674
969312342868660224,actor_T34,2018-03-01,The Left Party,left,-0.116985
969999378906861568,actor_T13,2018-03-03,CDU/CSU,middle,-0.873803
970443256940122112,actor_T12,2018-03-04,CDU/CSU,middle,-0.165215
970760533677871104,actor_T24,2018-03-05,AFD,right,-0.321182
971355259837796352,actor_T09,2018-03-07,The Left Party,left,0.364519
971614072579022848,actor_T07,2018-03-08,CDU/CSU,middle,0.074573
972046231194124288,actor_T23,2018-03-09,SPD,middle,-0.465541
972104531965370368,actor_T17,2018-03-09,SPD,middle,0.937194
973870233403510785,actor_T15,2018-03-14,SPD,middle,0.216215
973932096011096065,actor_T12,2018-03-14,CDU/CSU,middle,-0.030421
973953804759699456,actor_T06,2018-03-14,The Left Party,left,-0.313129
974186164436512769,actor_T33,2018-03-15,SPD,middle,1.472603
974239610082594816,actor_T24,2018-03-15,AFD,right,0.40865
974924271213535233,actor_T08,2018-03-17,SPD,middle,-1.269664
974991000736354305,actor_T35,2018-03-17,FDP,middle,-0.013143
975428512386633728,actor_T27,2018-03-18,CDU/CSU,middle,-0.484336
976000037695164416,actor_T13,2018-03-20,CDU/CSU,middle,0.333007
976124268382650375,actor_T10,2018-03-20,SPD,middle,0.987089
976385040388100096,actor_T08,2018-03-21,SPD,middle,0.310397
976416232449695745,actor_T34,2018-03-21,The Left Party,left,-0.540509
976518155148451840,actor_T08,2018-03-21,SPD,middle,-0.346877
976897020089774081,actor_T09,2018-03-22,The Left Party,left,-1.342226
977105373395120128,actor_T29,2018-03-23,The Left Party,left,0.125282
977123775090216960,actor_T08,2018-03-23,SPD,middle,0.111302
977231605059194880,actor_T06,2018-03-23,The Left Party,left,0.58096
977477302106849281,actor_T26,2018-03-24,CDU/CSU,middle,0.893917
977909475704233984,actor_T12,2018-03-25,CDU/CSU,middle,-0.098673
978075224121008128,actor_T18,2018-03-26,AFD,right,-0.555405
979079448166322176,actor_T28,2018-03-28,FDP,middle,1.328236
979206528157745153,actor_T07,2018-03-29,CDU/CSU,middle,-0.180308
979416058946899968,actor_T15,2018-03-29,SPD,middle,0.622081
980086342012100608,actor_T08,2018-03-31,SPD,middle,-1.385146
980816745370963969,actor_T39,2018-04-02,SPD,middle,-0.547901
981148875993042944,actor_T09,2018-04-03,The Left Party,left,0.152655
981434190880280577,actor_T29,2018-04-04,The Left Party,left,-0.396508
981627225031233544,actor_T16,2018-04-04,The Left Party,left,-0.93881
981882051279446016,actor_T13,2018-04-05,CDU/CSU,middle,-0.188277
982141688318541825,actor_T23,2018-04-06,SPD,middle,0.616416
982368695619121152,actor_T09,2018-04-06,The Left Party,left,-0.311309
982689100447866880,actor_T35,2018-04-07,FDP,middle,-0.676242
983294921695203328,actor_T18,2018-04-09,AFD,right,0.088434
983425960908414977,actor_T24,2018-04-09,AFD,right,-0.590552
983473205426966528,actor_T08,2018-04-09,SPD,middle,-0.337105
983665333453107200,actor_T34,2018-04-10,The Left Party,left,0.901692
983672385793658881,actor_T33,2018-04-10,SPD,middle,0.042803
984037310026174464,actor_T06,2018-04-11,The Left Party,left,-0.156323
984701667110203392,actor_T09,2018-04-13,The Left Party,left,0.870169
984751939849211905,actor_T08,2018-04-13,SPD,middle,-0.211433
985011177536319488,actor_T29,2018-04-14,The Left Party,left,0.290597
985065642356289537,actor_T08,2018-04-14,SPD,middle,-0.097305
985431438630834176,actor_T12,2018-04-15,CDU/CSU,middle,-0.626666
985615416922865665,actor_T18,2018-04-15,AFD,right,-0.707679
985781771139723264,actor_T37,2018-04-16,AFD,right,-0.488597
985852406033473536,actor_T08,2018-04-16,SPD,middle,0.075843
986126462607613952,actor_T08,2018-04-17,SPD,middle,-0.023054
986219567902060544,actor_T08,2018-04-17,SPD,middle,0.042751
986507795997609984,actor_T08,2018-04-18,SPD,middle,-0.002405
986632827365134337,actor_T08,2018-04-18,SPD,middle,-0.120004
986954597846716421,actor_T08,2018-04-19,SPD,middle,-0.136933
987264475937067008,actor_T07,2018-04-20,CDU/CSU,middle,0.010742
987278613283262464,actor_T29,2018-04-20,The Left Party,left,0.473489
987323895446466560,actor_T08,2018-04-20,SPD,middle,0.326387
987366386463903744,actor_T18,2018-04-20,AFD,right,-0.280017
987727609529339904,actor_T27,2018-04-21,CDU/CSU,middle,0.343704
987983974696935424,actor_T08,2018-04-22,SPD,middle,-0.408455
988132519366287370,actor_T15,2018-04-22,SPD,middle,0.229779
988146455922855937,actor_T08,2018-04-22,SPD,middle,-0.967759
988459831286751232,actor_T13,2018-04-23,CDU/CSU,middle,0.206663
988461700679643137,actor_T08,2018-04-23,SPD,middle,0.590439
988719774602588162,actor_T08,2018-04-24,SPD,middle,0.76045
988721760328650754,actor_T23,2018-04-24,SPD,middle,-0.162922
988770481967894528,actor_T18,2018-04-24,AFD,right,-0.426583
989148873494093824,actor_T08,2018-04-25,SPD,middle,0.455256
989171690402967552,actor_T06,2018-04-25,The Left Party,left,-0.513547
989438960341540864,actor_T08,2018-04-26,SPD,middle,-0.609142
989465449829163008,actor_T34,2018-04-26,The Left Party,left,-0.346088
989486572402814977,actor_T35,2018-04-26,FDP,middle,-0.232579
989490796855427073,actor_T17,2018-04-26,SPD,middle,0.497012
989553809163804672,actor_T08,2018-04-26,SPD,middle,-0.104515
989564198198931457,actor_T33,2018-04-26,SPD,middle,0.674342
989594630294507521,actor_T28,2018-04-26,FDP,middle,-0.18101
989847404538187778,actor_T08,2018-04-27,SPD,middle,0.124143
990703398054920192,actor_T18,2018-04-29,AFD,right,-0.763162
990923585131773952,actor_T08,2018-04-30,SPD,middle,0.270387
991533194162987010,actor_T07,2018-05-02,CDU/CSU,middle,0.252115
991630545582022656,actor_T08,2018-05-02,SPD,middle,0.783606
991637227288563712,actor_T09,2018-05-02,The Left Party,left,-0.206998
992128400369340417,actor_T18,2018-05-03,AFD,right,0.465191
992289276128772097,actor_T08,2018-05-04,SPD,middle,-0.424371
992646017576263680,actor_T08,2018-05-05,SPD,middle,-0.219404
992714815511592960,actor_T29,2018-05-05,The Left Party,left,0.999631
992738197074477056,actor_T08,2018-05-05,SPD,middle,-1.314517
993491680870457344,actor_T36,2018-05-07,Alliance 90/The Greens,middle,1.025232
993534094616289285,actor_T08,2018-05-07,SPD,middle,0.621753
993787952823263232,actor_T18,2018-05-08,AFD,right,0.493775
993833574456549378,actor_T06,2018-05-08,The Left Party,left,-0.29165
993911456348495872,actor_T28,2018-05-08,FDP,middle,0.790248
994083322707021825,actor_T08,2018-05-09,SPD,middle,-0.781054
994170805700431873,actor_T08,2018-05-09,SPD,middle,-0.144247
994219474470531073,actor_T10,2018-05-09,SPD,middle,0.5232
994635397991993344,actor_T35,2018-05-10,FDP,middle,-0.543219
995293686316654593,actor_T40,2018-05-12,FDP,middle,0.349696
995404901655154689,actor_T23,2018-05-12,SPD,middle,-0.018114
995570039515500544,actor_T08,2018-05-13,SPD,middle,-0.076032
995610977159741440,actor_T08,2018-05-13,SPD,middle,-0.390127
995751055555166208,actor_T08,2018-05-13,SPD,middle,-1.91623
995909486534627328,actor_T08,2018-05-14,SPD,middle,-0.800239
995963118877528065,actor_T18,2018-05-14,AFD,right,-0.093834
996130112381865986,actor_T18,2018-05-14,AFD,right,0.766145
996237065162457088,actor_T13,2018-05-15,CDU/CSU,middle,0.605684
996368859648217088,actor_T33,2018-05-15,SPD,middle,0.595494
996408103519309826,actor_T12,2018-05-15,CDU/CSU,middle,-0.577329
996430164249726976,actor_T08,2018-05-15,SPD,middle,-0.784997
996430482731618304,actor_T08,2018-05-15,SPD,middle,0.253982
996799941342351361,actor_T08,2018-05-16,SPD,middle,0.169511
996805478519918593,actor_T15,2018-05-16,SPD,middle,-1.415084
996835527293898754,actor_T26,2018-05-16,CDU/CSU,middle,1.906546
996869056723636224,actor_T30,2018-05-16,FDP,middle,-0.857232
997060741311205377,actor_T28,2018-05-17,FDP,middle,-0.382713
997092888482902017,actor_T18,2018-05-17,AFD,right,-0.030828
997110290037792768,actor_T40,2018-05-17,FDP,middle,-1.832727
997136856973180930,actor_T27,2018-05-17,CDU/CSU,middle,-0.488187
997395340704796672,actor_T37,2018-05-18,AFD,right,-1.190321
997462764732977153,actor_T17,2018-05-18,SPD,middle,0.11333
998249681753919488,actor_T18,2018-05-20,AFD,right,0.525071
999258556334592000,actor_T09,2018-05-23,The Left Party,left,0.897193
999653131423272961,actor_T29,2018-05-24,The Left Party,left,0.51177
999659031504572416,actor_T35,2018-05-24,FDP,middle,0.645093
999664288997478401,actor_T06,2018-05-24,The Left Party,left,-0.0278
999924418108309504,actor_T18,2018-05-25,AFD,right,-0.923927
1000038555266273280,actor_T34,2018-05-25,The Left Party,left,0.41959
1000381309427093504,actor_T12,2018-05-26,CDU/CSU,middle,-0.594101
1000406373929283584,actor_T07,2018-05-26,CDU/CSU,middle,0.230033
1001102409446445057,actor_T39,2018-05-28,SPD,middle,0.089807
1001116426265120771,actor_T18,2018-05-28,AFD,right,-0.182093
1001493456609599488,actor_T32,2018-05-29,CDU/CSU,middle,-0.096748
1002038257436319744,actor_T33,2018-05-31,SPD,middle,0.373874
1002543986194702338,actor_T18,2018-06-01,AFD,right,-0.734964
1002555508241457153,actor_T09,2018-06-01,The Left Party,left,0.276508
1002833633613361153,actor_T08,2018-06-02,SPD,middle,-0.615893
1003031196190814208,actor_T08,2018-06-02,SPD,middle,-1.000856
1003236571213172736,actor_T23,2018-06-03,SPD,middle,1.490497
1003277343698440194,actor_T35,2018-06-03,FDP,middle,-0.139433
1003685360243806208,actor_T08,2018-06-04,SPD,middle,-0.554834
1003914194796859392,actor_T08,2018-06-05,SPD,middle,0.818064
1003973804291436544,actor_T08,2018-06-05,SPD,middle,0.488025
1003998243922079744,actor_T28,2018-06-05,FDP,middle,2.412964
1004289585013288960,actor_T06,2018-06-06,The Left Party,left,0.381303
1004314296497655808,actor_T40,2018-06-06,FDP,middle,0.208916
1004325854313373696,actor_T08,2018-06-06,SPD,middle,0.010608
1004347454836346880,actor_T18,2018-06-06,AFD,right,-0.882737
1004348543707082752,actor_T13,2018-06-06,CDU/CSU,middle,0.74331
1004665948232667136,actor_T29,2018-06-07,The Left Party,left,1.117242
1004839971642068994,actor_T12,2018-06-07,CDU/CSU,middle,-1.254622
1004957284567584768,actor_T08,2018-06-08,SPD,middle,-0.099139
1005229640754098181,actor_T18,2018-06-08,AFD,right,-0.613218
1005361514893729792,actor_T34,2018-06-09,The Left Party,left,0.299545
1005533119397720067,actor_T35,2018-06-09,FDP,middle,0.237942
1006036620926226433,actor_T08,2018-06-11,SPD,middle,-1.175236
1006212196785901568,actor_T18,2018-06-11,AFD,right,-0.935036
1006222362298277888,actor_T18,2018-06-11,AFD,right,-0.08664
1006235256427634689,actor_T17,2018-06-11,SPD,middle,-0.415292
1006857372890009602,actor_T07,2018-06-13,CDU/CSU,middle,0.008912
1006894691487346689,actor_T23,2018-06-13,SPD,middle,-0.857099
1007201641798426625,actor_T08,2018-06-14,SPD,middle,-1.811855
1007219231925198848,actor_T40,2018-06-14,FDP,middle,-0.025282
1007221971426344960,actor_T28,2018-06-14,FDP,middle,0.298928
1007303447174172677,actor_T18,2018-06-14,AFD,right,-0.177973
1007628220685045760,actor_T08,2018-06-15,SPD,middle,-0.298247
1007698954866298880,actor_T17,2018-06-15,SPD,middle,0.4064
1007922098877104129,actor_T27,2018-06-16,CDU/CSU,middle,-0.278857
1007934514331639808,actor_T35,2018-06-16,FDP,middle,-1.839412
1007981058237915136,actor_T33,2018-06-16,SPD,middle,0.434455
1008633852569538560,actor_T08,2018-06-18,SPD,middle,-0.856447
1008677119403143168,actor_T37,2018-06-18,AFD,right,-0.338078
1008810925288312840,actor_T08,2018-06-18,SPD,middle,-0.71614
1008943339960496128,actor_T15,2018-06-19,SPD,middle,-0.545452
1009009240542011395,actor_T12,2018-06-19,CDU/CSU,middle,0.055099
1009400855383150593,actor_T18,2018-06-20,AFD,right,-0.199173
1009419126580940800,actor_T34,2018-06-20,The Left Party,left,0.680117
1009435388421836800,actor_T08,2018-06-20,SPD,middle,0.002669
1009466737539108864,actor_T29,2018-06-20,The Left Party,left,-1.123858
1010195925409714179,actor_T33,2018-06-22,SPD,middle,0.864122
1010568367990804481,actor_T06,2018-06-23,The Left Party,left,-0.154378
1010883745954566144,actor_T12,2018-06-24,CDU/CSU,middle,0.540046
1010962125009965056,actor_T23,2018-06-24,SPD,middle,0.802768
1011205492667011073,actor_T08,2018-06-25,SPD,middle,-1.369313
1011651066159562752,actor_T26,2018-06-26,CDU/CSU,middle,0.053383
1011845016120123392,actor_T13,2018-06-27,CDU/CSU,middle,0.003497
1011908602716741632,actor_T10,2018-06-27,SPD,middle,-0.10581
1012330604720017408,actor_T17,2018-06-28,SPD,middle,0.949156
1012380112732540929,actor_T15,2018-06-28,SPD,middle,0.142442
1012412296759521282,actor_T18,2018-06-28,AFD,right,0.017214
1012421944224907266,actor_T35,2018-06-28,FDP,middle,0.339587
1013097366822576128,actor_T08,2018-06-30,SPD,middle,-0.640659
1013189805377773573,actor_T18,2018-06-30,AFD,right,-0.008161
1013343564120633350,actor_T27,2018-07-01,CDU/CSU,middle,-0.522329
1013384792014897152,actor_T30,2018-07-01,FDP,middle,0.297137
1013536248701575174,actor_T23,2018-07-01,SPD,middle,-0.116206
1013569445825048577,actor_T36,2018-07-01,Alliance 90/The Greens,middle,0.866064
1013765009237782531,actor_T29,2018-07-02,The Left Party,left,-0.483013
1013770607362748416,actor_T39,2018-07-02,SPD,middle,-0.310501
1013879656901238786,actor_T07,2018-07-02,CDU/CSU,middle,0.29841
1013897275297488896,actor_T28,2018-07-02,FDP,middle,-0.505955
1014138823763218432,actor_T40,2018-07-03,FDP,middle,0.839248
1014277171437801489,actor_T18,2018-07-03,AFD,right,-0.483445
1014482022910308354,actor_T08,2018-07-04,SPD,middle,-0.47401
1014933896297926656,actor_T08,2018-07-05,SPD,middle,-1.217259
1015113814487035904,actor_T08,2018-07-06,SPD,middle,-1.583372
1015169409973997568,actor_T33,2018-07-06,SPD,middle,0.728159
1015633160804163584,actor_T17,2018-07-07,SPD,middle,0.100702
1015983704190193665,actor_T35,2018-07-08,FDP,middle,1.075415
1016088622427201536,actor_T18,2018-07-08,AFD,right,-0.18591
1016182479106035712,actor_T23,2018-07-09,SPD,middle,-1.048792
1016645346569719808,actor_T15,2018-07-10,SPD,middle,0.399156
1016846312153731074,actor_T18,2018-07-11,AFD,right,0.423852
1017046463938023425,actor_T10,2018-07-11,SPD,middle,-0.326853
1017452521781170176,actor_T24,2018-07-12,AFD,right,-0.200054
1017802819775221760,actor_T08,2018-07-13,SPD,middle,0.017316
1017813412716404736,actor_T18,2018-07-13,AFD,right,-1.082224
1018781314319872002,actor_T09,2018-07-16,The Left Party,left,0.319897
1019468991516106752,actor_T35,2018-07-18,FDP,middle,0.478358
1019505330248667136,actor_T13,2018-07-18,CDU/CSU,middle,0.372735
1019614050244800513,actor_T34,2018-07-18,The Left Party,left,0.273923
1019692827326939137,actor_T18,2018-07-18,AFD,right,-0.253581
1019934959459536898,actor_T36,2018-07-19,Alliance 90/The Greens,middle,-0.058857
1020001827432157185,actor_T29,2018-07-19,The Left Party,left,0.030729
1020214224226791424,actor_T37,2018-07-20,AFD,right,-1.166147
1020677163027181569,actor_T08,2018-07-21,SPD,middle,-0.259054
1020704395003088897,actor_T28,2018-07-21,FDP,middle,1.365846
1021032028022738946,actor_T18,2018-07-22,AFD,right,0.248074
1021043284037292032,actor_T08,2018-07-22,SPD,middle,-0.67169
1021044190380281858,actor_T07,2018-07-22,CDU/CSU,middle,0.532795
1021131950524981248,actor_T08,2018-07-22,SPD,middle,-1.284162
1021138725072490498,actor_T27,2018-07-22,CDU/CSU,middle,-0.181462
1021280942118309888,actor_T08,2018-07-23,SPD,middle,-0.279492
1021368306144509952,actor_T35,2018-07-23,FDP,middle,2.135249
1021372943123787776,actor_T08,2018-07-23,SPD,middle,-0.699581
1021384265525809152,actor_T08,2018-07-23,SPD,middle,-0.601159
1021438542134771714,actor_T12,2018-07-23,CDU/CSU,middle,1.881949
1021447869453275136,actor_T18,2018-07-23,AFD,right,-0.100221
1021485924109234176,actor_T08,2018-07-23,SPD,middle,-0.467698
1021847679465402374,actor_T40,2018-07-24,FDP,middle,0.004313
1021857098345447424,actor_T17,2018-07-24,SPD,middle,-1.078342
1021973804061548545,actor_T39,2018-07-25,SPD,middle,-0.599533
1022224555417522176,actor_T06,2018-07-25,The Left Party,left,1.330662
1023126110769438726,actor_T30,2018-07-28,FDP,middle,-0.461858
1024234144820330496,actor_T18,2018-07-31,AFD,right,-0.230653
1025829413798244352,actor_T24,2018-08-04,AFD,right,-0.351262
1026062311977615362,actor_T26,2018-08-05,CDU/CSU,middle,-0.253272
1026143886459187200,actor_T18,2018-08-05,AFD,right,-0.246209
1026437657080094721,actor_T08,2018-08-06,SPD,middle,0.622082
1026892627877220353,actor_T29,2018-08-07,The Left Party,left,0.356273
1027077618082955264,actor_T09,2018-08-08,The Left Party,left,0.715735
1027627406377607168,actor_T17,2018-08-09,SPD,middle,-0.195488
1029047627071905793,actor_T33,2018-08-13,SPD,middle,1.194639
1029128373589692416,actor_T18,2018-08-13,AFD,right,-0.302155
1029289488164560896,actor_T23,2018-08-14,SPD,middle,-0.240288
1030054714556198912,actor_T29,2018-08-16,The Left Party,left,-0.284233
1030432108425240576,actor_T06,2018-08-17,The Left Party,left,1.06182
1030477755195039745,actor_T18,2018-08-17,AFD,right,-0.254518
1030534390206656513,actor_T27,2018-08-17,CDU/CSU,middle,-0.361018
1030718689719529472,actor_T35,2018-08-18,FDP,middle,0.478062
1030724377749463041,actor_T08,2018-08-18,SPD,middle,0.128289
1031059181569302528,actor_T39,2018-08-19,SPD,middle,-0.201683
1031193623998676992,actor_T08,2018-08-19,SPD,middle,-0.680408
1031456460386066432,actor_T34,2018-08-20,The Left Party,left,0.613026
1031480952508346369,actor_T08,2018-08-20,SPD,middle,0.901267
1031532923374247936,actor_T13,2018-08-20,CDU/CSU,middle,-0.199752
1031562636599746561,actor_T18,2018-08-20,AFD,right,-0.96288
1031781188351025152,actor_T08,2018-08-21,SPD,middle,0.51436
1031847763934359552,actor_T28,2018-08-21,FDP,middle,0.88631
1031936271046860803,actor_T15,2018-08-21,SPD,middle,0.005359
1032153929847590912,actor_T08,2018-08-22,SPD,middle,0.906213
1032273484959891456,actor_T37,2018-08-22,AFD,right,0.651908
1032760894097424389,actor_T18,2018-08-23,AFD,right,-0.194061
1032921925209731072,actor_T12,2018-08-24,CDU/CSU,middle,0.073704
1033647704273027073,actor_T08,2018-08-26,SPD,middle,0.170064
1034604995142975488,actor_T18,2018-08-29,AFD,right,-1.334446
1034782902012338176,actor_T08,2018-08-29,SPD,middle,-0.449913
1034880410847784962,actor_T29,2018-08-29,The Left Party,left,-0.093972
1035311185682477056,actor_T18,2018-08-30,AFD,right,-0.478808
1035464241124450304,actor_T07,2018-08-31,CDU/CSU,middle,0.030037
1035845013308153858,actor_T35,2018-09-01,FDP,middle,0.103478
1036157436665753600,actor_T08,2018-09-02,SPD,middle,-0.796719
1036240261599227905,actor_T17,2018-09-02,SPD,middle,-0.37657
1036340989596721152,actor_T34,2018-09-02,The Left Party,left,0.09261
1036535451551715328,actor_T23,2018-09-03,SPD,middle,0.363886
1036603765032452096,actor_T18,2018-09-03,AFD,right,-0.484198
1036606616840400896,actor_T18,2018-09-03,AFD,right,0.443074
1036714145851297797,actor_T28,2018-09-03,FDP,middle,-0.257122
1036867089972322305,actor_T08,2018-09-04,SPD,middle,-0.865322
1036961213215920130,actor_T33,2018-09-04,SPD,middle,-0.021826
1037402227613331456,actor_T06,2018-09-05,The Left Party,left,0.641231
1037466260399968257,actor_T18,2018-09-05,AFD,right,-0.560251
1037706416805564416,actor_T08,2018-09-06,SPD,middle,-1.048937
1038089383025487872,actor_T08,2018-09-07,SPD,middle,0.400137
1038343100412964864,actor_T40,2018-09-08,FDP,middle,-0.144683
1038355623371583489,actor_T08,2018-09-08,SPD,middle,-0.155355
1038761859925663744,actor_T12,2018-09-09,CDU/CSU,middle,0.31341
1038816006607695873,actor_T18,2018-09-09,AFD,right,-0.814361
1039267311826415616,actor_T18,2018-09-10,AFD,right,0.067362
1039439982660931584,actor_T36,2018-09-11,Alliance 90/The Greens,middle,-1.161567
1039525493043851264,actor_T09,2018-09-11,The Left Party,left,0.489035
1039841453114122240,actor_T08,2018-09-12,SPD,middle,-1.277472
1039845605152055297,actor_T10,2018-09-12,SPD,middle,-1.309866
1039933330798596097,actor_T39,2018-09-12,SPD,middle,-0.27764
1040193115712364544,actor_T17,2018-09-13,SPD,middle,0.941373
1040289047552446464,actor_T18,2018-09-13,AFD,right,-0.934036
1040518017346621440,actor_T37,2018-09-14,AFD,right,-0.394153
1040637899107184640,actor_T26,2018-09-14,CDU/CSU,middle,0.457284
1040645558917099522,actor_T29,2018-09-14,The Left Party,left,-1.312066
1040759838668730369,actor_T18,2018-09-15,AFD,right,-1.231523
1040826391619665920,actor_T07,2018-09-15,CDU/CSU,middle,-1.335059
1040885784004513792,actor_T35,2018-09-15,FDP,middle,0.439578
1041248164769144832,actor_T15,2018-09-16,SPD,middle,0.205496
1041310551656280064,actor_T13,2018-09-16,CDU/CSU,middle,-0.684575
1041364638489825281,actor_T27,2018-09-16,CDU/CSU,middle,0.5354
1041409049059905536,actor_T18,2018-09-16,AFD,right,-1.39209
1041967194492391424,actor_T08,2018-09-18,SPD,middle,0.771629
1042196555653165056,actor_T18,2018-09-18,AFD,right,-1.169985
1042398155650879488,actor_T23,2018-09-19,SPD,middle,1.609724
1042562888500736000,actor_T18,2018-09-19,AFD,right,-0.781157
1043228540471267328,actor_T08,2018-09-21,SPD,middle,-0.982003
1043501200132530176,actor_T06,2018-09-22,The Left Party,left,0.805159
1043824019609391104,actor_T17,2018-09-23,SPD,middle,0.436323
1043824553548492800,actor_T39,2018-09-23,SPD,middle,1.392805
1044250781547991041,actor_T08,2018-09-24,SPD,middle,-1.22318
1044254799045316614,actor_T29,2018-09-24,The Left Party,left,-0.102521
1044257137998860289,actor_T18,2018-09-24,AFD,right,-0.734446
1044524145562783745,actor_T33,2018-09-25,SPD,middle,1.293246
1044585580766486529,actor_T22,2018-09-25,AFD,right,-0.579232
1044600089094893568,actor_T35,2018-09-25,FDP,middle,-0.4641
1044601298765709313,actor_T08,2018-09-25,SPD,middle,-1.427108
1045236764498153472,actor_T07,2018-09-27,CDU/CSU,middle,1.513584
1045271186580688896,actor_T28,2018-09-27,FDP,middle,0.481821
1045371044276686849,actor_T18,2018-09-27,AFD,right,-0.023909
1045674575336558593,actor_T08,2018-09-28,SPD,middle,-0.837782
1045787483412271105,actor_T18,2018-09-28,AFD,right,-0.436095
1045962543586594816,actor_T08,2018-09-29,SPD,middle,1.182197
1046385347398168578,actor_T15,2018-09-30,SPD,middle,0.903044
1046506890421784576,actor_T34,2018-09-30,The Left Party,left,0.100883
1046824077846073344,actor_T22,2018-10-01,AFD,right,0.203009
1046858477962977281,actor_T18,2018-10-01,AFD,right,-0.778687
1047037030570635266,actor_T08,2018-10-02,SPD,middle,-0.684758
1047090137832873984,actor_T17,2018-10-02,SPD,middle,0.543808
1047214852807303168,actor_T30,2018-10-02,FDP,middle,0.88409
1047408738657820672,actor_T08,2018-10-03,SPD,middle,-1.392793
1047486223135195136,actor_T25,2018-10-03,The Left Party,left,-0.501496
1047964731284369408,actor_T27,2018-10-04,CDU/CSU,middle,-0.630186
1047986987934916608,actor_T18,2018-10-04,AFD,right,-0.586179
1048620569959321601,actor_T29,2018-10-06,The Left Party,left,-0.281908
1048819145909919744,actor_T39,2018-10-07,SPD,middle,0.136617
1048914365741719552,actor_T28,2018-10-07,FDP,middle,0.18653
1049011134131580941,actor_T26,2018-10-07,CDU/CSU,middle,0.937691
1049233518495248385,actor_T12,2018-10-08,CDU/CSU,middle,-0.391292
1049241743999291392,actor_T35,2018-10-08,FDP,middle,0.329881
1049354486190428162,actor_T08,2018-10-08,SPD,middle,-0.009426
1049451214042226689,actor_T18,2018-10-09,AFD,right,0.225048
1049610519836024833,actor_T22,2018-10-09,AFD,right,1.049364
1049792201205735425,actor_T18,2018-10-09,AFD,right,-0.363707
1049995934032105475,actor_T24,2018-10-10,AFD,right,0.614686
1050011063410970624,actor_T13,2018-10-10,CDU/CSU,middle,0.460893
1050044712202264577,actor_T15,2018-10-10,SPD,middle,0.637566
1050417326322016257,actor_T18,2018-10-11,AFD,right,-0.841884
1050443575572475907,actor_T37,2018-10-11,AFD,right,-1.107979
1050454208024125440,actor_T40,2018-10-11,FDP,middle,0.482934
1050481726261264384,actor_T36,2018-10-11,Alliance 90/The Greens,middle,-0.148109
1051054930310647808,actor_T22,2018-10-13,AFD,right,0.864711
1051112462773350400,actor_T06,2018-10-13,The Left Party,left,0.579307
1051145098606587905,actor_T08,2018-10-13,SPD,middle,-0.593867
1051258047287443456,actor_T18,2018-10-13,AFD,right,-0.219796
1051490153049546752,actor_T39,2018-10-14,SPD,middle,0.272708
1051503282810687490,actor_T10,2018-10-14,SPD,middle,0.432365
1051507969052069888,actor_T23,2018-10-14,SPD,middle,-0.824265
1051520506791366656,actor_T07,2018-10-14,CDU/CSU,middle,-0.960443
1052209208676868097,actor_T22,2018-10-16,AFD,right,0.168524
1052450400924766208,actor_T08,2018-10-17,SPD,middle,-0.9879
1052518027122552832,actor_T35,2018-10-17,FDP,middle,-0.137149
1052679174740209665,actor_T18,2018-10-17,AFD,right,0.534472
1052845136684691456,actor_T08,2018-10-18,SPD,middle,0.789124
1052875146384543745,actor_T15,2018-10-18,SPD,middle,0.312153
1052938019576193024,actor_T17,2018-10-18,SPD,middle,-0.161137
1053221252465352704,actor_T24,2018-10-19,AFD,right,-0.634632
1053476288927858689,actor_T18,2018-10-20,AFD,right,0.488643
1054116589484851206,actor_T27,2018-10-21,CDU/CSU,middle,-0.924308
1054241475578470400,actor_T28,2018-10-22,FDP,middle,-0.146422
1054703204972273664,actor_T39,2018-10-23,SPD,middle,0.186695
1054762912953315328,actor_T18,2018-10-23,AFD,right,0.895727
1055080846045204481,actor_T08,2018-10-24,SPD,middle,0.112041
1055101216680824833,actor_T38,2018-10-24,AFD,right,1.426919
1055377666130542592,actor_T38,2018-10-25,AFD,right,-0.48558
1055552146450640896,actor_T18,2018-10-25,AFD,right,-0.976047
1055759062732812288,actor_T23,2018-10-26,SPD,middle,-0.128099
1055802124267851782,actor_T26,2018-10-26,CDU/CSU,middle,0.660547
1056142238890295296,actor_T22,2018-10-27,AFD,right,0.193757
1056345589787648000,actor_T18,2018-10-28,AFD,right,-1.042366
1056802909894201344,actor_T38,2018-10-29,AFD,right,-0.263845
1056940994564943873,actor_T17,2018-10-29,SPD,middle,0.953493
1057186481184391169,actor_T38,2018-10-30,AFD,right,-0.601265
1057207947221262336,actor_T33,2018-10-30,SPD,middle,0.940896
1057283013808140288,actor_T38,2018-10-30,AFD,right,-1.390019
1057356803191779328,actor_T35,2018-10-30,FDP,middle,0.675455
1057531080193044480,actor_T07,2018-10-31,CDU/CSU,middle,0.365158
1057657078611873792,actor_T38,2018-10-31,AFD,right,-0.109988
1057660450211594241,actor_T29,2018-10-31,The Left Party,left,0.283419
1057824427566645248,actor_T18,2018-11-01,AFD,right,-0.157425
1057967054370865152,actor_T15,2018-11-01,SPD,middle,-0.628577
1058015584250662912,actor_T32,2018-11-01,CDU/CSU,middle,0.150507
1058332105309077506,actor_T13,2018-11-02,CDU/CSU,middle,-0.384466
1059017313561796608,actor_T38,2018-11-04,AFD,right,-0.449564
1059352687270080512,actor_T38,2018-11-05,AFD,right,-1.248342
1059471142036103169,actor_T27,2018-11-05,CDU/CSU,middle,-0.695656
1059550925134675973,actor_T38,2018-11-05,AFD,right,0.078241
1059848275765932032,actor_T40,2018-11-06,FDP,middle,-0.143157
1059881427972579328,actor_T06,2018-11-06,The Left Party,left,1.371279
1059974124808949760,actor_T18,2018-11-07,AFD,right,-0.852576
1060056694305292289,actor_T23,2018-11-07,SPD,middle,0.523904
1060113135380652032,actor_T39,2018-11-07,SPD,middle,0.263702
1060128425992769537,actor_T34,2018-11-07,The Left Party,left,0.097715
1060173027592163329,actor_T38,2018-11-07,AFD,right,0.814416
1060456954424909824,actor_T12,2018-11-08,CDU/CSU,middle,-0.366961
1060472408061235200,actor_T38,2018-11-08,AFD,right,0.235954
1060495173732524032,actor_T22,2018-11-08,AFD,right,-0.245059
1060515651389939713,actor_T37,2018-11-08,AFD,right,-0.087321
1060822706394931200,actor_T08,2018-11-09,SPD,middle,-0.571037
1060860993352462336,actor_T17,2018-11-09,SPD,middle,0.68925
1061069276570886145,actor_T18,2018-11-10,AFD,right,0.296235
1061240977552277504,actor_T28,2018-11-10,FDP,middle,-0.893669
1061251783799066626,actor_T33,2018-11-10,SPD,middle,-0.161265
1061291644136419330,actor_T38,2018-11-10,AFD,right,0.686506
1061600965953052673,actor_T08,2018-11-11,SPD,middle,-0.136605
1062049006438748164,actor_T18,2018-11-12,AFD,right,-0.280406
1062276704922755072,actor_T09,2018-11-13,The Left Party,left,-0.851438
1062609401687822336,actor_T38,2018-11-14,AFD,right,0.392079
1062981853710299136,actor_T23,2018-11-15,SPD,middle,1.689645
1062989631510208512,actor_T36,2018-11-15,Alliance 90/The Greens,middle,-0.863566
1063210704642162689,actor_T15,2018-11-15,SPD,middle,-0.725465
1063320519276150784,actor_T35,2018-11-16,FDP,middle,1.400683
1063368596108263424,actor_T07,2018-11-16,CDU/CSU,middle,0.492868
1063762244780072960,actor_T38,2018-11-17,AFD,right,-1.749379
1064227228026904577,actor_T17,2018-11-18,SPD,middle,-0.430104
1064547792750866432,actor_T38,2018-11-19,AFD,right,0.055788
1064836101905489921,actor_T27,2018-11-20,CDU/CSU,middle,-0.349972
1064945898160050176,actor_T30,2018-11-20,FDP,middle,0.594908
1065039414789853186,actor_T18,2018-11-21,AFD,right,0.380705
1065230320478371840,actor_T10,2018-11-21,SPD,middle,-1.456202
1065252959397781504,actor_T28,2018-11-21,FDP,middle,0.737471
1065261559109304320,actor_T08,2018-11-21,SPD,middle,0.721669
1065341552862666755,actor_T35,2018-11-21,FDP,middle,0.357998
1065342758326599680,actor_T38,2018-11-21,AFD,right,0.987286
1065557461321609216,actor_T24,2018-11-22,AFD,right,0.582553
1065566072714248192,actor_T22,2018-11-22,AFD,right,0.534104
1065706999411761152,actor_T13,2018-11-22,CDU/CSU,middle,1.167183
1065905206611841024,actor_T39,2018-11-23,SPD,middle,0.772069
1065958104809029637,actor_T29,2018-11-23,The Left Party,left,0.001192
1066066782920863745,actor_T15,2018-11-23,SPD,middle,1.842398
1066353982166179840,actor_T38,2018-11-24,AFD,right,-1.504238
1066663337742778368,actor_T17,2018-11-25,SPD,middle,-0.353439
1066699997448671232,actor_T08,2018-11-25,SPD,middle,-0.010838
1066711671723446273,actor_T07,2018-11-25,CDU/CSU,middle,-0.764105
1067172699766751232,actor_T23,2018-11-26,SPD,middle,-0.311721
1067377109834887170,actor_T22,2018-11-27,AFD,right,0.140685
1067559033152913408,actor_T35,2018-11-27,FDP,middle,-0.810487
1067733931942952960,actor_T28,2018-11-28,FDP,middle,0.901627
1067746433510621185,actor_T33,2018-11-28,SPD,middle,0.697414
1067747021950459904,actor_T38,2018-11-28,AFD,right,1.187363
1067768425324445703,actor_T06,2018-11-28,The Left Party,left,-0.280902
1068072740375183361,actor_T26,2018-11-29,CDU/CSU,middle,0.83628
1068142001743384577,actor_T38,2018-11-29,AFD,right,0.431846
1068181780895866880,actor_T24,2018-11-29,AFD,right,-0.631858
1068535909132500994,actor_T40,2018-11-30,FDP,middle,1.43465
1068567226343673858,actor_T18,2018-11-30,AFD,right,0.101001
1068588429095641088,actor_T17,2018-11-30,SPD,middle,0.641567
1068820735291023365,actor_T38,2018-12-01,AFD,right,0.741405
1069291083396468737,actor_T27,2018-12-02,CDU/CSU,middle,-0.032732
1069606578284826624,actor_T34,2018-12-03,The Left Party,left,1.286029
1069626934026485760,actor_T38,2018-12-03,AFD,right,0.084017
1069627528044847105,actor_T12,2018-12-03,CDU/CSU,middle,0.162734
1069634414043385857,actor_T38,2018-12-03,AFD,right,-0.168884
1069852067899031553,actor_T29,2018-12-04,The Left Party,left,-0.590042
1070239928385236992,actor_T22,2018-12-05,AFD,right,-0.141948
1070257728478695424,actor_T23,2018-12-05,SPD,middle,0.778792
1070697382344617987,actor_T07,2018-12-06,CDU/CSU,middle,0.710456
1070820181470003206,actor_T18,2018-12-06,AFD,right,0.04329
1070943246178807810,actor_T38,2018-12-07,AFD,right,-0.005284
1071530947860983810,actor_T15,2018-12-08,SPD,middle,0.215703
1071740047634980864,actor_T08,2018-12-09,SPD,middle,-0.556981
1071799137924976640,actor_T18,2018-12-09,AFD,right,-0.611645
1071804622216540160,actor_T35,2018-12-09,FDP,middle,1.053757
1072417738583367680,actor_T30,2018-12-11,FDP,middle,-1.080313
1072560650751279104,actor_T33,2018-12-11,SPD,middle,0.145555
1072753542052614145,actor_T38,2018-12-12,AFD,right,-0.276288
1072786981858496513,actor_T08,2018-12-12,SPD,middle,-0.748817
1072879362024857600,actor_T23,2018-12-12,SPD,middle,1.182049
1072882384960438272,actor_T24,2018-12-12,AFD,right,0.850505
1073290562193813504,actor_T28,2018-12-13,FDP,middle,1.96558
1073297724852838400,actor_T38,2018-12-13,AFD,right,-0.945546
1073472273556889600,actor_T06,2018-12-14,The Left Party,left,-0.485315
1073565227877351429,actor_T17,2018-12-14,SPD,middle,0.298868
1073869374367432704,actor_T08,2018-12-15,SPD,middle,-1.039555
1073954611340419072,actor_T18,2018-12-15,AFD,right,-0.65452
1074011373716365313,actor_T38,2018-12-15,AFD,right,0.945402
1074555433115889664,actor_T13,2018-12-17,CDU/CSU,middle,0.378564
1074820585493094401,actor_T18,2018-12-18,AFD,right,-0.615296
1074915267048849408,actor_T35,2018-12-18,FDP,middle,-0.551027
1075008414634393600,actor_T38,2018-12-18,AFD,right,-0.420339
1075289690381709314,actor_T07,2018-12-19,CDU/CSU,middle,1.497148
1075401069176475648,actor_T33,2018-12-19,SPD,middle,0.885459
1075452173905993728,actor_T37,2018-12-19,AFD,right,-0.036754
1075924191097053184,actor_T18,2018-12-21,AFD,right,-1.040805
1076079747069816832,actor_T22,2018-12-21,AFD,right,0.38117
1076113618264092673,actor_T38,2018-12-21,AFD,right,-0.49279
1076431695157571584,actor_T39,2018-12-22,SPD,middle,-0.195098
1076578085221396480,actor_T38,2018-12-22,AFD,right,0.07078
1076948356113543168,actor_T18,2018-12-23,AFD,right,-0.87742
1076949923050983429,actor_T27,2018-12-23,CDU/CSU,middle,-0.194203
1077170809775575041,actor_T40,2018-12-24,FDP,middle,-1.241334
1077578335939715072,actor_T35,2018-12-25,FDP,middle,-0.851696
1078705279271874560,actor_T12,2018-12-28,CDU/CSU,middle,0.07874
1078740645932617728,actor_T15,2018-12-28,SPD,middle,-0.480048
1078772851166138368,actor_T38,2018-12-28,AFD,right,0.08257
1079712077005156352,actor_T38,2018-12-31,AFD,right,-0.914779
1080445339663024128,actor_T38,2019-01-02,AFD,right,0.642833
1080562643667169293,actor_T29,2019-01-02,The Left Party,left,-0.317358
1080566979562475520,actor_T18,2019-01-02,AFD,right,-1.530821
1080851750314233856,actor_T38,2019-01-03,AFD,right,-0.220606
1081122583070822402,actor_T23,2019-01-04,SPD,middle,0.666527
1081341504680005632,actor_T18,2019-01-05,AFD,right,0.572327
1081480100539965440,actor_T30,2019-01-05,FDP,middle,0.878247
1081516134606737408,actor_T38,2019-01-05,AFD,right,-0.582689
1082037207370735617,actor_T26,2019-01-06,CDU/CSU,middle,-1.029109
1082232539157327873,actor_T28,2019-01-07,FDP,middle,-0.208573
1082263287931244549,actor_T38,2019-01-07,AFD,right,0.804144
1082323093882892289,actor_T30,2019-01-07,FDP,middle,1.996442
1082497020525494273,actor_T18,2019-01-08,AFD,right,-0.697371
1082540726045548545,actor_T08,2019-01-08,SPD,middle,-0.512867
1082693967077089281,actor_T15,2019-01-08,SPD,middle,-0.377977
1083306173544259584,actor_T22,2019-01-10,AFD,right,1.141549
1083445096354381824,actor_T38,2019-01-10,AFD,right,0.70225
1083835910599393280,actor_T12,2019-01-11,CDU/CSU,middle,-0.328868
1083867813272567808,actor_T35,2019-01-11,FDP,middle,0.079276
1083874127520415745,actor_T18,2019-01-11,AFD,right,-0.938928
1084015419718057985,actor_T08,2019-01-12,SPD,middle,-0.830907
1084021510300491776,actor_T06,2019-01-12,The Left Party,left,-0.06639
1084115384112988160,actor_T39,2019-01-12,SPD,middle,0.521658
1084763705341034496,actor_T38,2019-01-14,AFD,right,0.315876
1084776804022398982,actor_T34,2019-01-14,The Left Party,left,0.77168
1084852949405192193,actor_T13,2019-01-14,CDU/CSU,middle,1.053907
1084960533315571713,actor_T18,2019-01-14,AFD,right,-0.553911
1085023998478639111,actor_T38,2019-01-15,AFD,right,0.320244
1085131890561040385,actor_T38,2019-01-15,AFD,right,-0.33256
1085204072955895809,actor_T23,2019-01-15,SPD,middle,-0.172677
1085226979278970885,actor_T36,2019-01-15,Alliance 90/The Greens,middle,0.041339
1085227785612939264,actor_T37,2019-01-15,AFD,right,0.358316
1085301175422017536,actor_T17,2019-01-15,SPD,middle,-0.844936
1085442871237529605,actor_T40,2019-01-16,FDP,middle,0.852975
1085702780831055873,actor_T18,2019-01-17,AFD,right,-0.406452
1085855032191283200,actor_T24,2019-01-17,AFD,right,0.390876
1085872843911581696,actor_T38,2019-01-17,AFD,right,0.055803
1085912729179820037,actor_T09,2019-01-17,The Left Party,left,0.0528
1085942984250667008,actor_T24,2019-01-17,AFD,right,-0.70559
1086179408560431105,actor_T07,2019-01-18,CDU/CSU,middle,0.099269
1086368009445429248,actor_T40,2019-01-18,FDP,middle,0.900059
1086619079904034817,actor_T27,2019-01-19,CDU/CSU,middle,-1.211848
1086647360359415808,actor_T15,2019-01-19,SPD,middle,-0.76604
1086719703907815425,actor_T18,2019-01-19,AFD,right,0.486851
1087317983960154117,actor_T38,2019-01-21,AFD,right,-0.783912
1087621808495443974,actor_T28,2019-01-22,FDP,middle,1.809325
1087656400061263872,actor_T17,2019-01-22,SPD,middle,0.082759
1087728221637013506,actor_T33,2019-01-22,SPD,middle,1.019033
1088097319172612096,actor_T22,2019-01-23,AFD,right,0.577399
1088179735098732544,actor_T35,2019-01-23,FDP,middle,-1.355516
1088245941956694017,actor_T18,2019-01-24,AFD,right,-1.584914
1088413234594541568,actor_T29,2019-01-24,The Left Party,left,-0.42974
1088885454374662146,actor_T24,2019-01-25,AFD,right,-1.679069
1089104146333134848,actor_T10,2019-01-26,SPD,middle,-0.526785
1089547957794467840,actor_T18,2019-01-27,AFD,right,0.433782
1089639192680910853,actor_T30,2019-01-27,FDP,middle,1.712661
1089832030399950853,actor_T38,2019-01-28,AFD,right,-0.777425
1090259684274057221,actor_T28,2019-01-29,FDP,middle,0.5305
1090313525472477191,actor_T39,2019-01-29,SPD,middle,-0.223121
1090317224672411648,actor_T38,2019-01-29,AFD,right,0.74976
1090353051624525824,actor_T06,2019-01-29,The Left Party,left,1.97926
1090592824041590785,actor_T15,2019-01-30,SPD,middle,0.624714
1090678307962699776,actor_T20,2019-01-30,The Left Party,left,0.286468
1090745593545351175,actor_T38,2019-01-30,AFD,right,-0.309999
1090759504302665729,actor_T18,2019-01-30,AFD,right,-0.345846
1090898102565986309,actor_T07,2019-01-31,CDU/CSU,middle,0.453527
1091272950676946944,actor_T38,2019-02-01,AFD,right,2.068256
1091329150160388096,actor_T40,2019-02-01,FDP,middle,0.782688
1091356199897960448,actor_T23,2019-02-01,SPD,middle,-0.558331
1091370606413705216,actor_T12,2019-02-01,CDU/CSU,middle,0.188467
1092007788694462464,actor_T17,2019-02-03,SPD,middle,-0.320802
1092029792013164544,actor_T28,2019-02-03,FDP,middle,0.830407
1092145690187309056,actor_T18,2019-02-03,AFD,right,-0.669788
1092435270388064257,actor_T38,2019-02-04,AFD,right,-1.099791
1092439848517095426,actor_T29,2019-02-04,The Left Party,left,-0.110115
1092528679991824389,actor_T35,2019-02-04,FDP,middle,1.660929
1092655276942151680,actor_T08,2019-02-05,SPD,middle,-0.799698
1092793091759718400,actor_T28,2019-02-05,FDP,middle,-0.200993
1092866268850470915,actor_T13,2019-02-05,CDU/CSU,middle,-0.82829
1092913274620993536,actor_T30,2019-02-05,FDP,middle,-0.088861
1092933826098196481,actor_T18,2019-02-05,AFD,right,0.517642
1093614482507657216,actor_T38,2019-02-07,AFD,right,0.191313
1093946747565547520,actor_T18,2019-02-08,AFD,right,-0.400291
1094189122367954944,actor_T38,2019-02-09,AFD,right,-0.136223
1094294524988399616,actor_T37,2019-02-09,AFD,right,-0.166317
1094702219516133376,actor_T27,2019-02-10,CDU/CSU,middle,-1.230081
1094900365487673345,actor_T38,2019-02-11,AFD,right,1.278776
1095193221293113344,actor_T34,2019-02-12,The Left Party,left,0.445975
1095332425356328962,actor_T28,2019-02-12,FDP,middle,1.30623
1095389640096444417,actor_T30,2019-02-12,FDP,middle,1.660286
1095590221847162880,actor_T22,2019-02-13,AFD,right,-0.410991
1095797344774303752,actor_T30,2019-02-13,FDP,middle,0.819262
1095977715591729152,actor_T26,2019-02-14,CDU/CSU,middle,1.673756
1095982382245703681,actor_T18,2019-02-14,AFD,right,-0.71243
1095992350667653120,actor_T38,2019-02-14,AFD,right,0.02129
1096101780159676417,actor_T10,2019-02-14,SPD,middle,-0.30872
1096126537622011904,actor_T35,2019-02-14,FDP,middle,-0.973875
1096178188391235584,actor_T38,2019-02-14,AFD,right,0.245334
1096190472240971777,actor_T30,2019-02-14,FDP,middle,0.170054
1096326332554842112,actor_T10,2019-02-15,SPD,middle,0.053935
1096330213083041792,actor_T08,2019-02-15,SPD,middle,-1.981236
1096384860699222016,actor_T39,2019-02-15,SPD,middle,-0.316931
1096417827567947776,actor_T29,2019-02-15,The Left Party,left,-0.291141
1096477101107101697,actor_T06,2019-02-15,The Left Party,left,0.828728
1096668112882143237,actor_T10,2019-02-16,SPD,middle,0.244669
1096691930086416385,actor_T23,2019-02-16,SPD,middle,1.091519
1097043258671276033,actor_T38,2019-02-17,AFD,right,0.484079
1097374299118358528,actor_T10,2019-02-18,SPD,middle,-0.7993
1097521713091362817,actor_T38,2019-02-18,AFD,right,0.256473
1097552191542517760,actor_T10,2019-02-18,SPD,middle,-0.256905
1097771723930378240,actor_T08,2019-02-19,SPD,middle,0.76426
1097798244107722752,actor_T07,2019-02-19,CDU/CSU,middle,1.2865
1097903127297175552,actor_T33,2019-02-19,SPD,middle,0.833733
1097956176971644929,actor_T12,2019-02-19,CDU/CSU,middle,-0.227615
1098214018211299330,actor_T10,2019-02-20,SPD,middle,-0.49535
1098477733829591042,actor_T30,2019-02-21,FDP,middle,0.167575
1098504216925163520,actor_T10,2019-02-21,SPD,middle,-0.532078
1098532278030995456,actor_T15,2019-02-21,SPD,middle,-0.017219
1098690238170443776,actor_T38,2019-02-21,AFD,right,1.217774
1098693433248698368,actor_T10,2019-02-21,SPD,middle,-0.793654
1098921326973280257,actor_T29,2019-02-22,The Left Party,left,0.137608
1098939605821415424,actor_T24,2019-02-22,AFD,right,-0.059379
1099227545109704704,actor_T28,2019-02-23,FDP,middle,-0.234076
1099257845663653889,actor_T10,2019-02-23,SPD,middle,-0.700163
1099309912885211136,actor_T30,2019-02-23,FDP,middle,-0.470492
1099571376548208640,actor_T38,2019-02-24,AFD,right,1.174429
1100345334620921857,actor_T30,2019-02-26,FDP,middle,-0.038323
1100375112694534144,actor_T10,2019-02-26,SPD,middle,1.23984
1100461162511196160,actor_T38,2019-02-26,AFD,right,0.619355
1100515251798327298,actor_T08,2019-02-26,SPD,middle,0.732463
1100571075199545344,actor_T18,2019-02-27,AFD,right,-0.026806
1101138782622019584,actor_T13,2019-02-28,CDU/CSU,middle,1.097963
1101260288014336000,actor_T35,2019-02-28,FDP,middle,-0.367749
1101436108125192192,actor_T40,2019-03-01,FDP,middle,-0.705394
1101601335986872320,actor_T17,2019-03-01,SPD,middle,-0.160958
1101836471017893888,actor_T06,2019-03-02,The Left Party,left,-0.1846
1101974161306632192,actor_T10,2019-03-02,SPD,middle,-0.069858
1102086287970963456,actor_T39,2019-03-03,SPD,middle,0.545711
1102619054035136517,actor_T38,2019-03-04,AFD,right,-1.158252
1102684243291975682,actor_T18,2019-03-04,AFD,right,0.468897
1102871125158227968,actor_T38,2019-03-05,AFD,right,-1.823817
1103041827320614918,actor_T12,2019-03-05,CDU/CSU,middle,1.042759
1103051739287207937,actor_T38,2019-03-05,AFD,right,-0.414971
1103338794235953154,actor_T36,2019-03-06,Alliance 90/The Greens,middle,-0.400118
1103558789054296065,actor_T30,2019-03-07,FDP,middle,-0.707489
1103626308213526529,actor_T37,2019-03-07,AFD,right,-0.999876
1103632697669369857,actor_T18,2019-03-07,AFD,right,0.94774
1103953425769869312,actor_T38,2019-03-08,AFD,right,-0.247598
1104040061350408193,actor_T10,2019-03-08,SPD,middle,-0.320436
1104476148346613760,actor_T38,2019-03-09,AFD,right,0.645273
1104648608077492225,actor_T29,2019-03-10,The Left Party,left,0.082298
1104695565387030528,actor_T27,2019-03-10,CDU/CSU,middle,-1.170538
1104769167079690240,actor_T18,2019-03-10,AFD,right,-0.482789
1105039107057766403,actor_T22,2019-03-11,AFD,right,-0.5583
1105068193943556096,actor_T10,2019-03-11,SPD,middle,-1.50579
1105375833496186881,actor_T08,2019-03-12,SPD,middle,0.469463
1105451521746051072,actor_T07,2019-03-12,CDU/CSU,middle,1.251676
1105487923879784448,actor_T10,2019-03-12,SPD,middle,0.128081
1105512292282707968,actor_T22,2019-03-12,AFD,right,1.245592
1105727806225420288,actor_T34,2019-03-13,The Left Party,left,1.025639
1105774267126419456,actor_T15,2019-03-13,SPD,middle,-0.163268
1105904466522529792,actor_T26,2019-03-13,CDU/CSU,middle,0.265085
1106130024464289793,actor_T35,2019-03-14,FDP,middle,0.357394
1106180532860264449,actor_T23,2019-03-14,SPD,middle,1.084762
1106189485023420418,actor_T09,2019-03-14,The Left Party,left,0.347547
1106191846538125312,actor_T38,2019-03-14,AFD,right,-0.840696
1106198118402535424,actor_T10,2019-03-14,SPD,middle,-0.180926
1106256664955637760,actor_T18,2019-03-14,AFD,right,-1.021763
1106547198437789696,actor_T33,2019-03-15,SPD,middle,-0.545176
1106570598656950272,actor_T28,2019-03-15,FDP,middle,0.516004
1106956526563049475,actor_T38,2019-03-16,AFD,right,1.095246
1107535679330926593,actor_T38,2019-03-18,AFD,right,-0.1687
1107932816942288896,actor_T38,2019-03-19,AFD,right,0.647696
1108006762836303872,actor_T18,2019-03-19,AFD,right,0.756014
1108018153429204992,actor_T39,2019-03-19,SPD,middle,0.011494
1108060755595849730,actor_T29,2019-03-19,The Left Party,left,0.295359
1108316917943754752,actor_T10,2019-03-20,SPD,middle,0.340387
1108328717712019457,actor_T17,2019-03-20,SPD,middle,0.982448
1108329015750856705,actor_T08,2019-03-20,SPD,middle,0.114773
1108421432231514114,actor_T18,2019-03-20,AFD,right,-0.49316
1108694484282470400,actor_T22,2019-03-21,AFD,right,0.477014
1108848393210789888,actor_T35,2019-03-21,FDP,middle,0.874372
1108849193483948032,actor_T25,2019-03-21,The Left Party,left,0.170939
1109012376353996800,actor_T38,2019-03-22,AFD,right,-0.173664
1109037845614858241,actor_T13,2019-03-22,CDU/CSU,middle,0.014423
1109128212523765761,actor_T23,2019-03-22,SPD,middle,-0.305915
1109446283033481217,actor_T15,2019-03-23,SPD,middle,-0.707245
1109448179576201216,actor_T08,2019-03-23,SPD,middle,0.050048
1109793084412444672,actor_T18,2019-03-24,AFD,right,-0.649209
1110443925876162560,actor_T37,2019-03-26,AFD,right,1.468569
1110473192496394240,actor_T22,2019-03-26,AFD,right,-0.489946
1110522191362379776,actor_T38,2019-03-26,AFD,right,0.866315
1110586024172896258,actor_T06,2019-03-26,The Left Party,left,0.029051
1110921984064524293,actor_T33,2019-03-27,SPD,middle,0.642042
1111590445375733763,actor_T38,2019-03-29,AFD,right,-0.755468
1111948870337085440,actor_T36,2019-03-30,Alliance 90/The Greens,middle,0.924355
1112315729473347584,actor_T30,2019-03-31,FDP,middle,1.088256
1112372687412838403,actor_T38,2019-03-31,AFD,right,0.422505
1112459002431049728,actor_T18,2019-03-31,AFD,right,0.01011
1112624527438172162,actor_T07,2019-04-01,CDU/CSU,middle,0.432847
1112664295215636480,actor_T35,2019-04-01,FDP,middle,0.355542
1112677423810822145,actor_T28,2019-04-01,FDP,middle,1.542592
1112966450778726401,actor_T10,2019-04-02,SPD,middle,0.07495
1112988467980656641,actor_T25,2019-04-02,The Left Party,left,0.744482
1113138550952923136,actor_T29,2019-04-02,The Left Party,left,-0.283517
1113178735698735109,actor_T18,2019-04-02,AFD,right,0.310756
1113326295763509248,actor_T38,2019-04-03,AFD,right,0.10124
1113698582723473409,actor_T27,2019-04-04,CDU/CSU,middle,-0.378082
1113732722655223808,actor_T38,2019-04-04,AFD,right,0.483218
1113779671139868672,actor_T39,2019-04-04,SPD,middle,-0.206209
1113792099164540928,actor_T17,2019-04-04,SPD,middle,1.571092
1113806293884706816,actor_T10,2019-04-04,SPD,middle,-0.821276
1114262244571873280,actor_T30,2019-04-05,FDP,middle,-1.213599
1114294501340798976,actor_T34,2019-04-05,The Left Party,left,-0.096483
1114563509256323072,actor_T26,2019-04-06,CDU/CSU,middle,0.502178
1114616327107252224,actor_T38,2019-04-06,AFD,right,0.44368
1114762647835164672,actor_T23,2019-04-07,SPD,middle,-1.843789
1114973381638742023,actor_T29,2019-04-07,The Left Party,left,-0.775113
1115661603981099010,actor_T38,2019-04-09,AFD,right,-0.298942
1115852273983397888,actor_T10,2019-04-10,SPD,middle,-0.253534
1115887846387277825,actor_T06,2019-04-10,The Left Party,left,-0.389431
1115998147690602497,actor_T07,2019-04-10,CDU/CSU,middle,-0.00137
1116009577072480257,actor_T40,2019-04-10,FDP,middle,0.898937
1116309029490442241,actor_T35,2019-04-11,FDP,middle,-0.831438
1116340447214022658,actor_T38,2019-04-11,AFD,right,-0.455149
1116681072849321984,actor_T37,2019-04-12,AFD,right,-0.684887
1116709326926876674,actor_T13,2019-04-12,CDU/CSU,middle,1.298416
1116995002050256897,actor_T17,2019-04-13,SPD,middle,-0.522678
1117429280055734272,actor_T38,2019-04-14,AFD,right,0.060719
1117763142896037893,actor_T22,2019-04-15,AFD,right,0.99579
1117888940789231616,actor_T25,2019-04-15,The Left Party,left,-0.437537
1118399172431032321,actor_T38,2019-04-17,AFD,right,-0.064121
1118465540820033536,actor_T30,2019-04-17,FDP,middle,-0.854256
1118726179400372226,actor_T39,2019-04-18,SPD,middle,0.754847
1118885346329202689,actor_T27,2019-04-18,CDU/CSU,middle,-0.235831
1119139916326166528,actor_T29,2019-04-19,The Left Party,left,0.25464
1119157796975419392,actor_T10,2019-04-19,SPD,middle,-0.25503
1119485742596743169,actor_T30,2019-04-20,FDP,middle,0.149015
1119703435048312840,actor_T38,2019-04-20,AFD,right,-1.267862
1119845907875467264,actor_T30,2019-04-21,FDP,middle,-1.41903
1120039300954054657,actor_T15,2019-04-21,SPD,middle,-0.486823
1120322417245720576,actor_T30,2019-04-22,FDP,middle,-0.615233
1120325676442189824,actor_T38,2019-04-22,AFD,right,-0.511185
1121020579069485060,actor_T33,2019-04-24,SPD,middle,1.321092
1121333547124633600,actor_T38,2019-04-25,AFD,right,0.208446
1121431805142405122,actor_T06,2019-04-25,The Left Party,left,0.656384
1121504121385779200,actor_T28,2019-04-25,FDP,middle,1.355447
1121657356050292736,actor_T10,2019-04-26,SPD,middle,-0.719442
1121739408179376128,actor_T22,2019-04-26,AFD,right,-0.097448
1121834103966400516,actor_T38,2019-04-26,AFD,right,-0.015038
1121871693763493888,actor_T30,2019-04-26,FDP,middle,0.056735
1122020162411073536,actor_T30,2019-04-27,FDP,middle,1.020864
1122034671074856960,actor_T30,2019-04-27,FDP,middle,0.125812
1122047765004070914,actor_T35,2019-04-27,FDP,middle,-0.920816
1122127255457751040,actor_T10,2019-04-27,SPD,middle,-0.995
1122759853716516865,actor_T38,2019-04-29,AFD,right,0.607832
1122832023654215681,actor_T34,2019-04-29,The Left Party,left,1.257754
1122947240174206981,actor_T26,2019-04-29,CDU/CSU,middle,0.001681
1123105295503380486,actor_T10,2019-04-30,SPD,middle,-1.301652
1123521996908826624,actor_T23,2019-05-01,SPD,middle,0.582492
1124026821165633536,actor_T30,2019-05-02,FDP,middle,-0.058226
1124263066844180480,actor_T36,2019-05-03,Alliance 90/The Greens,middle,0.9215
1124291127098728449,actor_T22,2019-05-03,AFD,right,-0.156245
1124684470613958657,actor_T38,2019-05-04,AFD,right,0.693786
1124723466475847681,actor_T35,2019-05-04,FDP,middle,1.123843
1124936678433533953,actor_T08,2019-05-05,SPD,middle,-1.084904
1125047357865889793,actor_T13,2019-05-05,CDU/CSU,middle,0.039145
1125068171361366023,actor_T28,2019-05-05,FDP,middle,0.663522
1125263082421399552,actor_T10,2019-05-06,SPD,middle,-0.080363
1125654963470905345,actor_T10,2019-05-07,SPD,middle,-0.536687
1126222297864527872,actor_T27,2019-05-08,CDU/CSU,middle,0.30179
1126323210994311169,actor_T07,2019-05-09,CDU/CSU,middle,-0.715428
1126405599665770496,actor_T22,2019-05-09,AFD,right,-0.833883
1126442818677956609,actor_T30,2019-05-09,FDP,middle,1.105338
1126492913331052550,actor_T09,2019-05-09,The Left Party,left,0.653171
1126516671483658241,actor_T06,2019-05-09,The Left Party,left,0.916376
1126877799619485696,actor_T37,2019-05-10,AFD,right,0.090241
1127108486360457216,actor_T15,2019-05-11,SPD,middle,-0.390303
1127160506366799872,actor_T29,2019-05-11,The Left Party,left,-0.505186
1127454191298011136,actor_T10,2019-05-12,SPD,middle,-0.723656
1127472685896933376,actor_T24,2019-05-12,AFD,right,-1.294482
1127838666884374528,actor_T33,2019-05-13,SPD,middle,-0.17366
1127888546076012545,actor_T38,2019-05-13,AFD,right,0.554457
1127895525590745088,actor_T17,2019-05-13,SPD,middle,-0.319088
1128269255726772224,actor_T22,2019-05-14,AFD,right,-0.612264
1128686351824695297,actor_T35,2019-05-15,FDP,middle,1.041578
1129031015199137792,actor_T38,2019-05-16,AFD,right,0.745056
1129434710575374337,actor_T10,2019-05-17,SPD,middle,-0.873677
1129690266661793792,actor_T23,2019-05-18,SPD,middle,-0.420448
1129694651584262144,actor_T39,2019-05-18,SPD,middle,-0.990541
1129858704214495232,actor_T26,2019-05-18,CDU/CSU,middle,-1.074143
1130188888432152576,actor_T29,2019-05-19,The Left Party,left,-0.075851
1130364016830877696,actor_T10,2019-05-20,SPD,middle,-1.50186
1130589920576385024,actor_T30,2019-05-20,FDP,middle,-1.23639
1130794047948431360,actor_T30,2019-05-21,FDP,middle,-2.206994
1130797857198530565,actor_T22,2019-05-21,AFD,right,-1.423794
1131099220906336256,actor_T34,2019-05-22,The Left Party,left,0.840666
1131446713863024641,actor_T28,2019-05-23,FDP,middle,0.960369
1131900236442611713,actor_T13,2019-05-24,CDU/CSU,middle,-1.36185
1132043108470972416,actor_T06,2019-05-24,The Left Party,left,0.306164
1132359212313600001,actor_T35,2019-05-25,FDP,middle,-0.54408
1132559772904034304,actor_T22,2019-05-26,AFD,right,-0.111199
1132771022086840320,actor_T30,2019-05-26,FDP,middle,-0.282372
1132978869768720386,actor_T29,2019-05-27,The Left Party,left,-0.26283
1133301133558947843,actor_T33,2019-05-28,SPD,middle,0.654041
1133369145825931264,actor_T15,2019-05-28,SPD,middle,-0.23858
1133468349332168704,actor_T25,2019-05-28,The Left Party,left,-0.188116
1134063424776933378,actor_T17,2019-05-30,SPD,middle,-0.099407
1134339118769614848,actor_T10,2019-05-31,SPD,middle,-0.601024
1134733561121181697,actor_T32,2019-06-01,CDU/CSU,middle,-0.355014
1134836248483377153,actor_T27,2019-06-01,CDU/CSU,middle,0.401095
1134989197817892870,actor_T09,2019-06-02,The Left Party,left,-0.295781
1135119324363014144,actor_T08,2019-06-02,SPD,middle,-0.11097
1135831334268678144,actor_T23,2019-06-04,SPD,middle,0.097455
1135920865885818886,actor_T40,2019-06-04,FDP,middle,-0.084663
1136196988201046017,actor_T35,2019-06-05,FDP,middle,0.853679
1136210798311858176,actor_T08,2019-06-05,SPD,middle,0.424319
1136319524570112008,actor_T10,2019-06-05,SPD,middle,-0.730812
1136546099655843840,actor_T37,2019-06-06,AFD,right,0.45179
1137000463948296193,actor_T38,2019-06-07,AFD,right,-1.037867
1137110452255756288,actor_T26,2019-06-07,CDU/CSU,middle,0.405448
1137264364124286976,actor_T10,2019-06-08,SPD,middle,-0.368237
1137441991594250241,actor_T15,2019-06-08,SPD,middle,0.249537
1138333586527068160,actor_T30,2019-06-11,FDP,middle,-1.455606
1138447803817091078,actor_T28,2019-06-11,FDP,middle,1.791486
1138900406464126976,actor_T10,2019-06-12,SPD,middle,0.045158
1139087732561600512,actor_T22,2019-06-13,AFD,right,-1.307778
1139145848066101248,actor_T06,2019-06-13,The Left Party,left,0.808781
1139156333335330816,actor_T29,2019-06-13,The Left Party,left,-0.112289
1139454825568059392,actor_T38,2019-06-14,AFD,right,-0.31768
1140199250648870913,actor_T39,2019-06-16,SPD,middle,-0.373585
1140235993330651136,actor_T07,2019-06-16,CDU/CSU,middle,-0.756016
1140245885214965767,actor_T38,2019-06-16,AFD,right,-1.965002
1140906396759797761,actor_T13,2019-06-18,CDU/CSU,middle,-1.028693
1140998435136561152,actor_T35,2019-06-18,FDP,middle,0.206107
1141005075478921219,actor_T17,2019-06-18,SPD,middle,-0.197196
1141310258817712134,actor_T33,2019-06-19,SPD,middle,0.669102
1141419901053231104,actor_T23,2019-06-19,SPD,middle,0.506391
1141656394090852353,actor_T10,2019-06-20,SPD,middle,-0.213645
1141661715731533825,actor_T22,2019-06-20,AFD,right,-0.384685
1141997092854009856,actor_T38,2019-06-21,AFD,right,0.056001
1142108462731661312,actor_T38,2019-06-21,AFD,right,-1.342065
1142851870345613314,actor_T08,2019-06-23,SPD,middle,0.061007
1142884004233981952,actor_T20,2019-06-23,The Left Party,left,0.112702
1143274411392405505,actor_T15,2019-06-24,SPD,middle,0.427992
1143437175507378176,actor_T29,2019-06-25,The Left Party,left,0.792617
1143521957037654016,actor_T34,2019-06-25,The Left Party,left,0.324985
1143535077328117763,actor_T24,2019-06-25,AFD,right,-0.221918
1143612844036034561,actor_T35,2019-06-25,FDP,middle,-0.022522
1143760940682416128,actor_T38,2019-06-26,AFD,right,0.550449
1143825295948038145,actor_T10,2019-06-26,SPD,middle,0.028664
1144209949775597569,actor_T10,2019-06-27,SPD,middle,-0.863359
1144230150852231168,actor_T37,2019-06-27,AFD,right,-0.284149
1144324618599243777,actor_T38,2019-06-27,AFD,right,-0.205342
1144595133914079233,actor_T30,2019-06-28,FDP,middle,1.426118
1144604291145097221,actor_T30,2019-06-28,FDP,middle,-0.853706
1144629932183707648,actor_T24,2019-06-28,AFD,right,-0.150227
1145045042823925760,actor_T38,2019-06-29,AFD,right,-0.793693
1145263753094672389,actor_T27,2019-06-30,CDU/CSU,middle,0.481799
1145734769394761728,actor_T38,2019-07-01,AFD,right,-0.129353
1146105552646352902,actor_T08,2019-07-02,SPD,middle,-0.081438
1146309769092902912,actor_T39,2019-07-03,SPD,middle,-0.730834
1146387685084450818,actor_T22,2019-07-03,AFD,right,-1.108113
1146513146158419970,actor_T38,2019-07-03,AFD,right,-0.225113
1146704410371854336,actor_T28,2019-07-04,FDP,middle,-0.589864
1146750037365600256,actor_T29,2019-07-04,The Left Party,left,-0.064002
1147039728744697857,actor_T08,2019-07-05,SPD,middle,-0.731953
1147149335190220802,actor_T25,2019-07-05,The Left Party,left,-0.590747
1147156476756144128,actor_T35,2019-07-05,FDP,middle,1.237205
1147177240070893569,actor_T38,2019-07-05,AFD,right,0.494211
1147405368328413189,actor_T06,2019-07-06,The Left Party,left,0.934907
1147429237235888128,actor_T26,2019-07-06,CDU/CSU,middle,0.276152
1147780825632714752,actor_T30,2019-07-07,FDP,middle,-0.273374
1147814922019119105,actor_T33,2019-07-07,SPD,middle,1.024079
1148164181948084225,actor_T38,2019-07-08,AFD,right,0.653199
1148266635687542791,actor_T36,2019-07-08,Alliance 90/The Greens,middle,1.014015
1148333357748695042,actor_T38,2019-07-08,AFD,right,-0.437453
1148605747623862272,actor_T32,2019-07-09,CDU/CSU,middle,0.230391
1148817134874742784,actor_T38,2019-07-10,AFD,right,-1.008175
1148956785287598080,actor_T10,2019-07-10,SPD,middle,1.220996
1149228298846822400,actor_T38,2019-07-11,AFD,right,0.527157
1149444238251307012,actor_T38,2019-07-11,AFD,right,-1.036232
1149653692276076544,actor_T13,2019-07-12,CDU/CSU,middle,0.728538
1149708941561081856,actor_T28,2019-07-12,FDP,middle,0.563949
1150709983606202369,actor_T37,2019-07-15,AFD,right,0.478924
1150792491802791938,actor_T17,2019-07-15,SPD,middle,0.749981
1151022020991365122,actor_T07,2019-07-16,CDU/CSU,middle,-0.140851
1151229001689681921,actor_T38,2019-07-16,AFD,right,-1.062483
1151403613769687042,actor_T23,2019-07-17,SPD,middle,0.122478
1151434459687870466,actor_T27,2019-07-17,CDU/CSU,middle,-0.635422
1151912303249514496,actor_T38,2019-07-18,AFD,right,-0.674112
1152154168334979078,actor_T39,2019-07-19,SPD,middle,0.042847
1153336448181002246,actor_T40,2019-07-22,FDP,middle,-0.083137
1153556405707841536,actor_T35,2019-07-23,FDP,middle,0.707154
1153609666208944129,actor_T28,2019-07-23,FDP,middle,1.486785
1154061168933294082,actor_T17,2019-07-24,SPD,middle,-0.513568
1154124162962776066,actor_T08,2019-07-24,SPD,middle,0.253365
1154125854328442880,actor_T34,2019-07-24,The Left Party,left,-0.099182
1154264510066286598,actor_T10,2019-07-25,SPD,middle,0.085073
1154387399872565248,actor_T38,2019-07-25,AFD,right,-1.077354
1154437784742092800,actor_T39,2019-07-25,SPD,middle,-1.076073
1154533633148903424,actor_T37,2019-07-25,AFD,right,0.605132
1154854943876104193,actor_T09,2019-07-26,The Left Party,left,-0.048974
1155401499809374208,actor_T38,2019-07-28,AFD,right,-0.25977
1155490605574893568,actor_T15,2019-07-28,SPD,middle,0.02951
1155819439327272960,actor_T38,2019-07-29,AFD,right,0.637253
1156459585013735424,actor_T38,2019-07-31,AFD,right,0.490807
1156854681597095937,actor_T25,2019-08-01,The Left Party,left,0.643843
1157533394424729600,actor_T32,2019-08-03,CDU/CSU,middle,0.337051
1157695708750856192,actor_T27,2019-08-03,CDU/CSU,middle,-0.627304
1158744559561695233,actor_T38,2019-08-06,AFD,right,-0.357857
1158856809064607744,actor_T37,2019-08-06,AFD,right,-0.414536
1158958121928273920,actor_T06,2019-08-07,The Left Party,left,-0.311401
1159047361626165248,actor_T39,2019-08-07,SPD,middle,-1.29782
1159072525180997633,actor_T13,2019-08-07,CDU/CSU,middle,1.377186
1159122126131146755,actor_T35,2019-08-07,FDP,middle,-0.108596
1159368089760387072,actor_T10,2019-08-08,SPD,middle,-0.802599
1159437651709222912,actor_T28,2019-08-08,FDP,middle,1.084214
1159456471077273601,actor_T33,2019-08-08,SPD,middle,0.255359
1159469001497632768,actor_T32,2019-08-08,CDU/CSU,middle,0.07125
1159803491969392642,actor_T38,2019-08-09,AFD,right,-0.02642
1160106735991951360,actor_T08,2019-08-10,SPD,middle,1.319993
1160500419598180353,actor_T28,2019-08-11,FDP,middle,1.358557
1160663147772092423,actor_T38,2019-08-11,AFD,right,-0.588702
1160832261853523968,actor_T26,2019-08-12,CDU/CSU,middle,0.048366
1160950398032732162,actor_T29,2019-08-12,The Left Party,left,-0.475391
1161265663295598594,actor_T22,2019-08-13,AFD,right,-1.727734
1161363148349353984,actor_T38,2019-08-13,AFD,right,-1.786969
1161605175230042114,actor_T10,2019-08-14,SPD,middle,-0.483394
1162272346826108928,actor_T24,2019-08-16,AFD,right,-0.085971
1162303347896008705,actor_T10,2019-08-16,SPD,middle,0.407112
1162314493176795136,actor_T38,2019-08-16,AFD,right,-0.651549
1162331064272113665,actor_T35,2019-08-16,FDP,middle,-0.964643
1162832175458390017,actor_T38,2019-08-17,AFD,right,-0.671868
1162838499978035200,actor_T08,2019-08-17,SPD,middle,-1.073723
1163176171389034499,actor_T20,2019-08-18,The Left Party,left,0.726726
1163560372604985344,actor_T34,2019-08-19,The Left Party,left,0.058
1163757357228277762,actor_T32,2019-08-20,CDU/CSU,middle,0.186894
1163922710898126855,actor_T27,2019-08-20,CDU/CSU,middle,-0.69061
1164095894209409024,actor_T06,2019-08-21,The Left Party,left,1.101831
1164166575156617216,actor_T23,2019-08-21,SPD,middle,0.826715
1164215445001576453,actor_T11,2019-08-21,Alliance 90/The Greens,middle,0.621781
1164234709007765504,actor_T17,2019-08-21,SPD,middle,-1.125369
1164425877855379456,actor_T08,2019-08-22,SPD,middle,-0.233938
1164431736375320576,actor_T28,2019-08-22,FDP,middle,-0.068426
1164825198207483904,actor_T10,2019-08-23,SPD,middle,-0.415699
1164871986708975617,actor_T39,2019-08-23,SPD,middle,-0.060712
1165332504913616896,actor_T35,2019-08-24,FDP,middle,0.050911
1165589680362065920,actor_T33,2019-08-25,SPD,middle,-0.399526
1165928775349088256,actor_T37,2019-08-26,AFD,right,-0.866727
1166828292546207744,actor_T08,2019-08-28,SPD,middle,-0.683184
1166975459156008960,actor_T07,2019-08-29,CDU/CSU,middle,-0.449868
1167012006689411073,actor_T13,2019-08-29,CDU/CSU,middle,-0.084277
1167015868125122560,actor_T39,2019-08-29,SPD,middle,0.226806
1167034649748676609,actor_T29,2019-08-29,The Left Party,left,0.056211
1168159992022732800,actor_T15,2019-09-01,SPD,middle,-0.010613
1168279306746941443,actor_T37,2019-09-01,AFD,right,-1.415932
1168447703254257665,actor_T25,2019-09-02,The Left Party,left,-0.201567
1168889762519900160,actor_T17,2019-09-03,SPD,middle,0.830014
1169221367465697280,actor_T40,2019-09-04,FDP,middle,1.157443
1169597997971361793,actor_T39,2019-09-05,SPD,middle,-0.34403
1169874082449387520,actor_T35,2019-09-06,FDP,middle,0.380528
1169875533686923266,actor_T28,2019-09-06,FDP,middle,-0.346135
1170221971747024896,actor_T10,2019-09-07,SPD,middle,-0.215185
1170609405789949952,actor_T32,2019-09-08,CDU/CSU,middle,-0.572916
1170636674730201088,actor_T06,2019-09-08,The Left Party,left,0.488018
1170759049933131782,actor_T23,2019-09-08,SPD,middle,-0.069205
1170772143136792576,actor_T36,2019-09-08,Alliance 90/The Greens,middle,1.732163
1170806892643442689,actor_T27,2019-09-08,CDU/CSU,middle,0.497336
1171313649715224577,actor_T37,2019-09-10,AFD,right,-1.323108
1171495902487310336,actor_T39,2019-09-10,SPD,middle,-1.481784
1171664615798951937,actor_T34,2019-09-11,The Left Party,left,0.303037
1171760387819220992,actor_T29,2019-09-11,The Left Party,left,0.393659
1172013216911843330,actor_T40,2019-09-12,FDP,middle,-0.18179
1173594764920401921,actor_T33,2019-09-16,SPD,middle,0.673381
1173644175419596801,actor_T17,2019-09-16,SPD,middle,-0.177323
1173838078672297985,actor_T10,2019-09-17,SPD,middle,-0.306102
1173846517616205824,actor_T15,2019-09-17,SPD,middle,-0.06731
1174228424954716162,actor_T08,2019-09-18,SPD,middle,-1.641091
1174239224465436672,actor_T37,2019-09-18,AFD,right,-0.305506
1174280289058742273,actor_T24,2019-09-18,AFD,right,-1.81382
1174970686609092611,actor_T32,2019-09-20,CDU/CSU,middle,1.588426
1174990418129371137,actor_T28,2019-09-20,FDP,middle,0.835558
1175782924626669569,actor_T08,2019-09-22,SPD,middle,0.308897
1175799897066561537,actor_T27,2019-09-22,CDU/CSU,middle,-0.75187
1175812668046872576,actor_T13,2019-09-22,CDU/CSU,middle,0.203101
1176008707555115008,actor_T35,2019-09-23,FDP,middle,-0.54669
1176011527012442113,actor_T30,2019-09-23,FDP,middle,1.883546
1176149707917279233,actor_T39,2019-09-23,SPD,middle,0.657935
1176153557051092995,actor_T29,2019-09-23,The Left Party,left,-0.261843
1176154915233771521,actor_T23,2019-09-23,SPD,middle,0.28366
1176471953160450049,actor_T38,2019-09-24,AFD,right,-0.063319
1176518080605958145,actor_T09,2019-09-24,The Left Party,left,0.287916
1176569781920706565,actor_T08,2019-09-24,SPD,middle,0.02953
1176591648253468673,actor_T07,2019-09-24,CDU/CSU,middle,2.442972
1176736771352272896,actor_T38,2019-09-25,AFD,right,-0.929786
1176792897531863040,actor_T17,2019-09-25,SPD,middle,1.279514
1177199980249059329,actor_T08,2019-09-26,SPD,middle,0.124263
1177213263240736770,actor_T39,2019-09-26,SPD,middle,0.241753
1177479537271033857,actor_T22,2019-09-27,AFD,right,-0.595203
1177587140714217473,actor_T37,2019-09-27,AFD,right,-0.652315
1177900871855812608,actor_T06,2019-09-28,The Left Party,left,-0.192787
1177940676597518337,actor_T08,2019-09-28,SPD,middle,-0.720542
1177956680769908737,actor_T17,2019-09-28,SPD,middle,-0.396397
1178752955836780544,actor_T39,2019-09-30,SPD,middle,-0.460743
1179266674392010752,actor_T11,2019-10-02,Alliance 90/The Greens,middle,2.072632
1179652785303932928,actor_T10,2019-10-03,SPD,middle,-0.133812
1179780143381909506,actor_T17,2019-10-03,SPD,middle,-0.512533
1180081518464634880,actor_T07,2019-10-04,CDU/CSU,middle,0.147844
1180153205419851777,actor_T01,2019-10-04,Alliance 90/The Greens,middle,0.199812
1180450454486032385,actor_T35,2019-10-05,FDP,middle,-0.087994
1180562334235922436,actor_T38,2019-10-05,AFD,right,-0.528524
1180742521749725186,actor_T15,2019-10-06,SPD,middle,-0.540157
1180800327429300225,actor_T32,2019-10-06,CDU/CSU,middle,0.112028
1180870702657916928,actor_T27,2019-10-06,CDU/CSU,middle,-0.443252
1181264523287760897,actor_T36,2019-10-07,Alliance 90/The Greens,middle,-0.024947
1181327398324838403,actor_T28,2019-10-07,FDP,middle,0.821813
1181571463092023296,actor_T24,2019-10-08,AFD,right,-0.22915
1181819060436094977,actor_T40,2019-10-09,FDP,middle,0.774938
1182025486001692673,actor_T33,2019-10-09,SPD,middle,1.245569
1182029144042983424,actor_T22,2019-10-09,AFD,right,-0.666704
1182260253611745280,actor_T09,2019-10-10,The Left Party,left,0.505162
1182397266595741696,actor_T23,2019-10-10,SPD,middle,1.641937
1182687136652414977,actor_T17,2019-10-11,SPD,middle,0.17406
1182701103705706496,actor_T26,2019-10-11,CDU/CSU,middle,2.328493
1182919943760809984,actor_T29,2019-10-12,The Left Party,left,-0.256269
1183399236550955008,actor_T37,2019-10-13,AFD,right,0.050966
1183658813687320577,actor_T01,2019-10-14,Alliance 90/The Greens,middle,-1.046132
1183706409256607744,actor_T39,2019-10-14,SPD,middle,-0.414393
1184119928963715073,actor_T17,2019-10-15,SPD,middle,0.730715
1184408000657793029,actor_T09,2019-10-16,The Left Party,left,-0.11496
1184697399962492930,actor_T07,2019-10-17,CDU/CSU,middle,0.111511
1184697852443934720,actor_T28,2019-10-17,FDP,middle,-0.125485
1184771314344759302,actor_T38,2019-10-17,AFD,right,-0.360798
1184796152820064257,actor_T10,2019-10-17,SPD,middle,-0.199632
1185112216024047617,actor_T34,2019-10-18,The Left Party,left,0.625335
1185220256643588099,actor_T06,2019-10-18,The Left Party,left,1.202532
1185876551222681600,actor_T17,2019-10-20,SPD,middle,-0.268572
1186313325145182208,actor_T13,2019-10-21,CDU/CSU,middle,0.1933
1186378536782913538,actor_T32,2019-10-21,CDU/CSU,middle,-0.690875
1186657714795175937,actor_T10,2019-10-22,SPD,middle,-0.647955
1187079146511486978,actor_T35,2019-10-23,FDP,middle,2.355677
1187085461409411077,actor_T39,2019-10-23,SPD,middle,-0.543798
1187282132646977536,actor_T24,2019-10-24,AFD,right,0.033681
1187409450304462854,actor_T17,2019-10-24,SPD,middle,0.309716
1187703033515384832,actor_T09,2019-10-25,The Left Party,left,-0.247173
1187998216006127616,actor_T38,2019-10-26,AFD,right,0.011969
1188362059945271296,actor_T10,2019-10-27,SPD,middle,-0.476618
1188503702027542528,actor_T28,2019-10-27,FDP,middle,0.166882
1188522417641132032,actor_T29,2019-10-27,The Left Party,left,-0.251637
1188568709662674944,actor_T38,2019-10-27,AFD,right,0.107086
1188573724473286657,actor_T38,2019-10-27,AFD,right,-0.156235
1188575128583622663,actor_T38,2019-10-27,AFD,right,-0.604608
1188576099518832640,actor_T37,2019-10-27,AFD,right,-1.671135
1188854018455552001,actor_T39,2019-10-28,SPD,middle,0.592625
1189157794857009153,actor_T23,2019-10-29,SPD,middle,2.076124
1189160142509608960,actor_T27,2019-10-29,CDU/CSU,middle,-0.917643
1189619569364733952,actor_T08,2019-10-30,SPD,middle,0.428581
1190195291590418432,actor_T39,2019-11-01,SPD,middle,0.389922
1190202749679521792,actor_T06,2019-11-01,The Left Party,left,-1.492972
1190596053118140417,actor_T17,2019-11-02,SPD,middle,0.336685
1191099276899897346,actor_T28,2019-11-03,FDP,middle,-0.301124
1191419569648406528,actor_T07,2019-11-04,CDU/CSU,middle,-1.121598
1191446701225021440,actor_T01,2019-11-04,Alliance 90/The Greens,middle,-0.739157
1191637352994758656,actor_T17,2019-11-05,SPD,middle,0.621548
1191724386035867648,actor_T40,2019-11-05,FDP,middle,0.911778
1191725933134303233,actor_T22,2019-11-05,AFD,right,-0.480931
1191754845386084353,actor_T35,2019-11-05,FDP,middle,-0.167184
1192037687357779969,actor_T32,2019-11-06,CDU/CSU,middle,-0.921085
1192109661195063296,actor_T10,2019-11-06,SPD,middle,-0.648975
1192755302820655104,actor_T37,2019-11-08,AFD,right,-0.976767
1192794249680629761,actor_T39,2019-11-08,SPD,middle,0.691306
1193139161999585282,actor_T36,2019-11-09,Alliance 90/The Greens,middle,-0.368597
1193475979802488832,actor_T34,2019-11-10,The Left Party,left,0.571608
1193595552933515265,actor_T10,2019-11-10,SPD,middle,-0.516266
1193629656970334209,actor_T10,2019-11-10,SPD,middle,0.151057
1193875318009999360,actor_T17,2019-11-11,SPD,middle,0.889797
1193998998845247488,actor_T08,2019-11-11,SPD,middle,-0.924094
1194160908114812928,actor_T23,2019-11-12,SPD,middle,0.223274
1194202326216724481,actor_T13,2019-11-12,CDU/CSU,middle,-0.5841
1194491345919971329,actor_T29,2019-11-13,The Left Party,left,-0.484427
1194504705172488192,actor_T11,2019-11-13,Alliance 90/The Greens,middle,0.787643
1194610600883752961,actor_T33,2019-11-13,SPD,middle,0.875291
1194873174145609729,actor_T10,2019-11-14,SPD,middle,0.835443
1194898810868322304,actor_T26,2019-11-14,CDU/CSU,middle,-1.107756
1194944469994496002,actor_T17,2019-11-14,SPD,middle,0.383118
1195022445918511107,actor_T39,2019-11-14,SPD,middle,0.008803
1195032504635478016,actor_T15,2019-11-14,SPD,middle,0.684438
1195277799008985088,actor_T25,2019-11-15,The Left Party,left,0.793638
1195878735674773504,actor_T38,2019-11-17,AFD,right,0.354571
1196810800977108992,actor_T07,2019-11-19,CDU/CSU,middle,1.403
1196824595447341057,actor_T17,2019-11-19,SPD,middle,-0.861034
1197242440081649665,actor_T24,2019-11-20,AFD,right,-0.771431
1197568976831864832,actor_T23,2019-11-21,SPD,middle,0.182035
1197820976895053824,actor_T35,2019-11-22,FDP,middle,-0.408372
1197830527438508034,actor_T32,2019-11-22,CDU/CSU,middle,-0.072902
1198154635384672256,actor_T39,2019-11-23,SPD,middle,-0.843121
1198369623529443329,actor_T17,2019-11-23,SPD,middle,-0.418064
1198567137985605635,actor_T37,2019-11-24,AFD,right,-0.643588
1198647233375330304,actor_T40,2019-11-24,FDP,middle,0.58499
1199022761420771331,actor_T07,2019-11-25,CDU/CSU,middle,0.182752
1199049753079799814,actor_T28,2019-11-25,FDP,middle,-1.032978
1199087887108788225,actor_T09,2019-11-25,The Left Party,left,0.973564
1199268090632187904,actor_T39,2019-11-26,SPD,middle,-1.002589
1199272624234401792,actor_T01,2019-11-26,Alliance 90/The Greens,middle,0.184324
1199339030271258625,actor_T36,2019-11-26,Alliance 90/The Greens,middle,-0.71138
1199382475501428742,actor_T33,2019-11-26,SPD,middle,1.251895
1199425269548879873,actor_T20,2019-11-26,The Left Party,left,0.435505
1199566300059721728,actor_T17,2019-11-27,SPD,middle,1.036295
1199696613826088961,actor_T27,2019-11-27,CDU/CSU,middle,0.585033
1200124988671574016,actor_T35,2019-11-28,FDP,middle,0.013802
1200340152033386496,actor_T38,2019-11-29,AFD,right,-0.338814
1200369813777997824,actor_T06,2019-11-29,The Left Party,left,0.453288
1200492403804790786,actor_T29,2019-11-29,The Left Party,left,-0.541973
1200705018510422018,actor_T39,2019-11-30,SPD,middle,-0.925726
1200727705286840321,actor_T38,2019-11-30,AFD,right,-0.892112
1201085307652841473,actor_T23,2019-12-01,SPD,middle,0.061675
1201425501115617280,actor_T10,2019-12-02,SPD,middle,0.171008
1201818302135328769,actor_T34,2019-12-03,The Left Party,left,0.6007
1201975984771211266,actor_T17,2019-12-03,SPD,middle,0.128477
1202098565146959872,actor_T11,2019-12-04,Alliance 90/The Greens,middle,-1.119668
1202188992575426560,actor_T15,2019-12-04,SPD,middle,-0.090667
1202203054789087233,actor_T08,2019-12-04,SPD,middle,-0.241572
1202463969501421568,actor_T02,2019-12-05,FDP,middle,-0.06199
1202921994368491521,actor_T13,2019-12-06,CDU/CSU,middle,-0.4239
1202937997689282560,actor_T38,2019-12-06,AFD,right,0.373121
1203692262066139137,actor_T11,2019-12-08,Alliance 90/The Greens,middle,-0.098116
1203749995301756929,actor_T17,2019-12-08,SPD,middle,-0.304096
1203783097210351616,actor_T01,2019-12-08,Alliance 90/The Greens,middle,-0.429379
1203941193786286082,actor_T39,2019-12-09,SPD,middle,-1.408565
1204350723389116416,actor_T33,2019-12-10,SPD,middle,-0.098864
1204353660882436096,actor_T38,2019-12-10,AFD,right,1.577918
1204367012467793922,actor_T37,2019-12-10,AFD,right,0.113677
1204453664942907395,actor_T09,2019-12-10,The Left Party,left,-1.070212
1204665609767833600,actor_T28,2019-12-11,FDP,middle,-0.116274
1204708148822642689,actor_T35,2019-12-11,FDP,middle,0.41501
1205138503262244864,actor_T07,2019-12-12,CDU/CSU,middle,0.131987
1205497786071957504,actor_T38,2019-12-13,AFD,right,-0.339667
1205820837670129669,actor_T23,2019-12-14,SPD,middle,-0.459876
1206320522243522560,actor_T38,2019-12-15,AFD,right,-0.073491
1206630466268356613,actor_T17,2019-12-16,SPD,middle,1.519015
1207011931783086081,actor_T32,2019-12-17,CDU/CSU,middle,0.15545
1207017195647176704,actor_T08,2019-12-17,SPD,middle,-1.28559
1207237612899065856,actor_T33,2019-12-18,SPD,middle,0.085945
1207360437894963200,actor_T10,2019-12-18,SPD,middle,-0.660783
1207603005916426240,actor_T36,2019-12-19,Alliance 90/The Greens,middle,0.110068
1207608132014346242,actor_T35,2019-12-19,FDP,middle,0.241597
1207696077350154241,actor_T40,2019-12-19,FDP,middle,-0.184965
1207996704387194880,actor_T29,2019-12-20,The Left Party,left,0.449162
1208010338370760705,actor_T17,2019-12-20,SPD,middle,0.076059
1208888732151144448,actor_T38,2019-12-22,AFD,right,-0.044148
1209284168061992961,actor_T38,2019-12-24,AFD,right,-0.856419
1209852207568445445,actor_T39,2019-12-25,SPD,middle,-0.474061
1209895210358050821,actor_T38,2019-12-25,AFD,right,-0.713479
1210516219280969728,actor_T38,2019-12-27,AFD,right,-0.104168
1210573933659017216,actor_T27,2019-12-27,CDU/CSU,middle,-0.074725
1210951361166290946,actor_T38,2019-12-28,AFD,right,-0.859117
1211009659626233857,actor_T15,2019-12-28,SPD,middle,-0.197255
1211562512971444225,actor_T38,2019-12-30,AFD,right,-1.377157
1211636201758871553,actor_T17,2019-12-30,SPD,middle,0.553092
1211749760161525760,actor_T38,2019-12-30,AFD,right,-0.236378
1212126314171379713,actor_T28,2019-12-31,FDP,middle,-1.079968
1212362302420332546,actor_T38,2020-01-01,AFD,right,-0.426467
1212747889899954176,actor_T37,2020-01-02,AFD,right,-0.045146
1213022463010971649,actor_T36,2020-01-03,Alliance 90/The Greens,middle,1.478951
1213047835442200583,actor_T38,2020-01-03,AFD,right,-0.93212
1213464111759138818,actor_T38,2020-01-04,AFD,right,-0.973778
1213571189328797698,actor_T32,2020-01-04,CDU/CSU,middle,1.570676
1214127626270453760,actor_T38,2020-01-06,AFD,right,-0.168375
1214437611508514816,actor_T39,2020-01-07,SPD,middle,1.061853
1214521516152500224,actor_T35,2020-01-07,FDP,middle,0.65739
1214664676157603841,actor_T40,2020-01-07,FDP,middle,0.873412
1214977606216495104,actor_T06,2020-01-08,The Left Party,left,0.011704
1215146556132855813,actor_T13,2020-01-09,CDU/CSU,middle,-0.116206
1215156747129774080,actor_T10,2020-01-09,SPD,middle,-0.306102
1215932397352558592,actor_T08,2020-01-11,SPD,middle,0.108779
1215938167318155264,actor_T34,2020-01-11,The Left Party,left,1.386108
1216074039816572929,actor_T17,2020-01-11,SPD,middle,-0.465294
1216762741236666368,actor_T33,2020-01-13,SPD,middle,1.070026
1216839679187865600,actor_T38,2020-01-13,AFD,right,-0.063414
1217126057305944064,actor_T22,2020-01-14,AFD,right,-0.793257
1217370023699853312,actor_T28,2020-01-15,FDP,middle,0.553147
1217480596877979648,actor_T07,2020-01-15,CDU/CSU,middle,-1.0124
1217787709793755136,actor_T09,2020-01-16,The Left Party,left,1.150247
1217789392783335425,actor_T24,2020-01-16,AFD,right,-0.236752
1218107259064111107,actor_T29,2020-01-17,The Left Party,left,-0.091721
1218201127965118472,actor_T38,2020-01-17,AFD,right,-0.652824
1218544687511896064,actor_T23,2020-01-18,SPD,middle,0.847422
1219395602527784960,actor_T38,2020-01-20,AFD,right,-0.237552
1219645885501624322,actor_T39,2020-01-21,SPD,middle,-0.974686
1219944024473206784,actor_T32,2020-01-22,CDU/CSU,middle,-0.148713
1220068871375331336,actor_T01,2020-01-22,Alliance 90/The Greens,middle,1.344602
1220115446130782209,actor_T38,2020-01-22,AFD,right,-0.214432
1220342879819829248,actor_T08,2020-01-23,SPD,middle,0.247517
1220478476978999307,actor_T17,2020-01-23,SPD,middle,-0.371283
1220649823952670721,actor_T28,2020-01-24,FDP,middle,0.779079
1220659256309026821,actor_T22,2020-01-24,AFD,right,0.429538
1221059003016450051,actor_T33,2020-01-25,SPD,middle,0.061104
1221694227870027776,actor_T37,2020-01-27,AFD,right,-1.615017
1221886984467230722,actor_T34,2020-01-27,The Left Party,left,0.225776
1222142968674553861,actor_T06,2020-01-28,The Left Party,left,1.17118
1222284829536006144,actor_T08,2020-01-28,SPD,middle,0.260118
1222515257886826497,actor_T28,2020-01-29,FDP,middle,0.787392
1222701798424825857,actor_T38,2020-01-30,AFD,right,-0.440036
1222864237896392704,actor_T28,2020-01-30,FDP,middle,0.427756
1223132198372507648,actor_T35,2020-01-31,FDP,middle,-0.124176
1223505223945158656,actor_T28,2020-02-01,FDP,middle,-1.113481
1223529436047466496,actor_T39,2020-02-01,SPD,middle,0.422389
1223706451031527429,actor_T28,2020-02-01,FDP,middle,1.314472
1224330162558382081,actor_T11,2020-02-03,Alliance 90/The Greens,middle,0.697756
1224678029286412288,actor_T28,2020-02-04,FDP,middle,0.550337
1225035436151771145,actor_T22,2020-02-05,AFD,right,-0.667416
1225043878128037888,actor_T20,2020-02-05,The Left Party,left,-0.557276
1225089377325502466,actor_T08,2020-02-05,SPD,middle,-0.322872
1225102449968586756,actor_T17,2020-02-05,SPD,middle,-0.6048
1225118444124803072,actor_T30,2020-02-05,FDP,middle,-0.902036
1225130483312484353,actor_T39,2020-02-05,SPD,middle,-1.21013
1225151317506654208,actor_T01,2020-02-05,Alliance 90/The Greens,middle,-0.261636
1225279602349813760,actor_T15,2020-02-06,SPD,middle,0.619893
1225362379220946944,actor_T40,2020-02-06,FDP,middle,-0.523123
1225436613829943296,actor_T24,2020-02-06,AFD,right,-0.732943
1225701478708334592,actor_T06,2020-02-07,The Left Party,left,0.250165
1225766625816739841,actor_T22,2020-02-07,AFD,right,-0.366207
1225806669013278720,actor_T27,2020-02-07,CDU/CSU,middle,-0.081652
1225835737142169601,actor_T09,2020-02-07,The Left Party,left,-0.54015
1226093482613379072,actor_T29,2020-02-08,The Left Party,left,-0.559333
1226130407487344640,actor_T34,2020-02-08,The Left Party,left,-0.180384
1226162032304672768,actor_T13,2020-02-08,CDU/CSU,middle,-0.218289
1226178497376391168,actor_T28,2020-02-08,FDP,middle,-0.19023
1226584499108171776,actor_T23,2020-02-09,SPD,middle,-1.097206
1226921857724682242,actor_T17,2020-02-10,SPD,middle,-0.39029
1226956649396609024,actor_T26,2020-02-10,CDU/CSU,middle,0.399528
1227127070188343296,actor_T39,2020-02-11,SPD,middle,0.310553
1227134364846297089,actor_T10,2020-02-11,SPD,middle,0.009601
1227262825980186624,actor_T37,2020-02-11,AFD,right,0.590699
1227267655087734785,actor_T32,2020-02-11,CDU/CSU,middle,0.981429
1228325767387533315,actor_T07,2020-02-14,CDU/CSU,middle,1.859729
1228333194405175296,actor_T01,2020-02-14,Alliance 90/The Greens,middle,0.303191
1229077223463956480,actor_T22,2020-02-16,AFD,right,-0.867932
1229433698287747073,actor_T35,2020-02-17,FDP,middle,0.307615
1229459014125342724,actor_T28,2020-02-17,FDP,middle,0.976092
1229818902882004992,actor_T08,2020-02-18,SPD,middle,0.43846
1230075271547621376,actor_T40,2020-02-19,FDP,middle,0.338111
1230117827799113728,actor_T33,2020-02-19,SPD,middle,0.083545
1230539390876889089,actor_T06,2020-02-20,The Left Party,left,0.163221
1231135547562823680,actor_T10,2020-02-22,SPD,middle,-0.493358
1231163633025114112,actor_T08,2020-02-22,SPD,middle,-1.045522
1231191302244577281,actor_T22,2020-02-22,AFD,right,-0.340927
1231528873990508544,actor_T36,2020-02-23,Alliance 90/The Greens,middle,0.419313
1231603089368588294,actor_T09,2020-02-23,The Left Party,left,0.247714
1232312042679222272,actor_T28,2020-02-25,FDP,middle,1.150703
1232383030096007170,actor_T25,2020-02-25,The Left Party,left,-0.401104
1232777086336741379,actor_T15,2020-02-26,SPD,middle,-0.126308
1233031005616955398,actor_T17,2020-02-27,SPD,middle,0.395681
1233065313316589573,actor_T39,2020-02-27,SPD,middle,0.01456
1233465245735309317,actor_T37,2020-02-28,AFD,right,-0.032597
1233692026929123328,actor_T28,2020-02-29,FDP,middle,-0.740918
1233813292461776896,actor_T32,2020-02-29,CDU/CSU,middle,0.317045
1233833132257894401,actor_T08,2020-02-29,SPD,middle,-1.313542
1234078960620843008,actor_T35,2020-03-01,FDP,middle,-0.119333
1234143799183581184,actor_T34,2020-03-01,The Left Party,left,-0.307185
1234210470061658113,actor_T17,2020-03-01,SPD,middle,-0.133995
1234721025847414786,actor_T10,2020-03-03,SPD,middle,-0.224462
1234812289934643201,actor_T22,2020-03-03,AFD,right,0.701073
1235485772335247360,actor_T08,2020-03-05,SPD,middle,-0.082681
1235629582834860032,actor_T13,2020-03-05,CDU/CSU,middle,0.653888
1235823381238312961,actor_T28,2020-03-06,FDP,middle,0.908007
1236576640282566656,actor_T33,2020-03-08,SPD,middle,-0.028217
1236653657078280196,actor_T28,2020-03-08,FDP,middle,2.110476
1236753999430389762,actor_T23,2020-03-08,SPD,middle,-0.283671
1236937502897967104,actor_T28,2020-03-09,FDP,middle,0.594819
1237016482476744704,actor_T27,2020-03-09,CDU/CSU,middle,0.60671
1237074022225137665,actor_T09,2020-03-09,The Left Party,left,0.338448
1237788308912181249,actor_T24,2020-03-11,AFD,right,-0.506638
1237847535957331969,actor_T17,2020-03-11,SPD,middle,0.835173
1238102591244062721,actor_T07,2020-03-12,CDU/CSU,middle,-0.176833
1238457374651842560,actor_T28,2020-03-13,FDP,middle,0.01953
1238490137350352898,actor_T39,2020-03-13,SPD,middle,0.067588
1238534762140139520,actor_T39,2020-03-13,SPD,middle,-0.114112
1238776731005259781,actor_T37,2020-03-14,AFD,right,0.07907
1239483340018909184,actor_T30,2020-03-16,FDP,middle,0.590889
1239490559498166274,actor_T01,2020-03-16,Alliance 90/The Greens,middle,-0.64782
1239536970105266176,actor_T25,2020-03-16,The Left Party,left,0.187406
1240260846711906305,actor_T10,2020-03-18,SPD,middle,-0.50359
1240347420241903619,actor_T17,2020-03-18,SPD,middle,-1.25308
1240672350926000131,actor_T26,2020-03-19,CDU/CSU,middle,1.326305
1240965863869755392,actor_T28,2020-03-20,FDP,middle,1.260674
1241017253082079232,actor_T32,2020-03-20,CDU/CSU,middle,0.445952
1241654109566054403,actor_T39,2020-03-22,SPD,middle,-0.643578
1242123898952519683,actor_T34,2020-03-23,The Left Party,left,1.266603
1242135254569287680,actor_T08,2020-03-23,SPD,middle,-0.782639
1242519823185326080,actor_T36,2020-03-24,Alliance 90/The Greens,middle,0.580746
1242536394872012800,actor_T09,2020-03-24,The Left Party,left,0.236046
1242695510156288001,actor_T23,2020-03-25,SPD,middle,0.326813
1242777203290656769,actor_T13,2020-03-25,CDU/CSU,middle,-0.199833
1242814104877883392,actor_T17,2020-03-25,SPD,middle,-0.495495
1242839514332254210,actor_T07,2020-03-25,CDU/CSU,middle,0.793054
1242842404962648064,actor_T35,2020-03-25,FDP,middle,-0.294316
1243199077946470400,actor_T37,2020-03-26,AFD,right,0.126265
1243199320754655234,actor_T11,2020-03-26,Alliance 90/The Greens,middle,0.172318
1243505095603519489,actor_T31,2020-03-27,The Left Party,left,0.221635
1244584704420044806,actor_T22,2020-03-30,AFD,right,-0.642956
1244606736100659200,actor_T17,2020-03-30,SPD,middle,1.118291
1244707184023404544,actor_T06,2020-03-30,The Left Party,left,-1.188879
1245636334485561344,actor_T33,2020-04-02,SPD,middle,2.141915
1245637991696961537,actor_T40,2020-04-02,FDP,middle,1.613468
1245734316438585348,actor_T39,2020-04-02,SPD,middle,0.643434
1245793122510086151,actor_T27,2020-04-02,CDU/CSU,middle,0.295809
1247049744335212544,actor_T23,2020-04-06,SPD,middle,-0.429855
1247099124387852288,actor_T15,2020-04-06,SPD,middle,0.044011
1247184465975283713,actor_T11,2020-04-06,Alliance 90/The Greens,middle,-0.685667
1247232767584358400,actor_T17,2020-04-06,SPD,middle,0.325664
1247487833650143233,actor_T10,2020-04-07,SPD,middle,-0.880515
1247898530955419648,actor_T37,2020-04-08,AFD,right,-1.565526
1248126214621081600,actor_T35,2020-04-09,FDP,middle,-0.06001
1248226870597947393,actor_T39,2020-04-09,SPD,middle,-0.091259
1249427400460509185,actor_T25,2020-04-12,The Left Party,left,-1.467869
1249450115615645699,actor_T09,2020-04-12,The Left Party,left,-0.176684
1249629940594683905,actor_T13,2020-04-13,CDU/CSU,middle,0.105627
1250120446646915073,actor_T23,2020-04-14,SPD,middle,0.46128
1250358896822280192,actor_T26,2020-04-15,CDU/CSU,middle,0.271185
1250472804450996226,actor_T40,2020-04-15,FDP,middle,1.11956
1250848810345127937,actor_T28,2020-04-16,FDP,middle,1.176388
1251265480247164931,actor_T32,2020-04-17,CDU/CSU,middle,-1.155425
1252143236006674436,actor_T08,2020-04-20,SPD,middle,-0.704994
1252460318095278080,actor_T10,2020-04-21,SPD,middle,-0.217886
1252547581797896194,actor_T39,2020-04-21,SPD,middle,0.329076
1252908187608592384,actor_T08,2020-04-22,SPD,middle,0.121969
1252986685610221569,actor_T07,2020-04-22,CDU/CSU,middle,0.548842
1253387992124833792,actor_T17,2020-04-23,SPD,middle,-0.009053
1253416135199883267,actor_T37,2020-04-23,AFD,right,-0.876381
1253622425927004161,actor_T01,2020-04-24,Alliance 90/The Greens,middle,0.729064
1254032990960836608,actor_T27,2020-04-25,CDU/CSU,middle,-0.432372
1254321122826485760,actor_T23,2020-04-26,SPD,middle,0.741768
1254483438259888128,actor_T28,2020-04-26,FDP,middle,0.845206
1255053996043239424,actor_T28,2020-04-28,FDP,middle,2.07481
1255112554604617728,actor_T33,2020-04-28,SPD,middle,1.342407
1255179641796456453,actor_T34,2020-04-28,The Left Party,left,-0.362579
1255514836370415617,actor_T40,2020-04-29,FDP,middle,0.384959
1255818506181971968,actor_T39,2020-04-30,SPD,middle,-0.129726
1256208237365530625,actor_T20,2020-05-01,The Left Party,left,0.019321
1256321173312266240,actor_T13,2020-05-01,CDU/CSU,middle,0.117539
1256599637324111873,actor_T30,2020-05-02,FDP,middle,-0.36441
1256615151400374272,actor_T01,2020-05-02,Alliance 90/The Greens,middle,-0.396122
1257047861449146368,actor_T35,2020-05-03,FDP,middle,0.196497
1257405173145706509,actor_T28,2020-05-04,FDP,middle,-0.911683
1257626508237115392,actor_T15,2020-05-05,SPD,middle,0.231932
1257697915042246657,actor_T10,2020-05-05,SPD,middle,-0.873563
1257957795850321920,actor_T26,2020-05-06,CDU/CSU,middle,1.801778
1258047300049436673,actor_T39,2020-05-06,SPD,middle,-0.212444
1258110217226727424,actor_T32,2020-05-06,CDU/CSU,middle,0.221383
1258427936321024007,actor_T31,2020-05-07,The Left Party,left,0.620644
1258788706900750342,actor_T23,2020-05-08,SPD,middle,0.29416
1258809070095564800,actor_T17,2020-05-08,SPD,middle,-0.239656
1259139236688801800,actor_T39,2020-05-09,SPD,middle,0.40447
1259577012064325640,actor_T26,2020-05-10,CDU/CSU,middle,-0.908584
1259867128599109633,actor_T35,2020-05-11,FDP,middle,0.210237
1260169366659792896,actor_T37,2020-05-12,AFD,right,2.068326
1260801154306519041,actor_T10,2020-05-14,SPD,middle,0.437581
1260869973259452417,actor_T28,2020-05-14,FDP,middle,1.123193
1260962205140484096,actor_T40,2020-05-14,FDP,middle,0.393168
1260982143322382336,actor_T09,2020-05-14,The Left Party,left,0.631711
1261006050918043654,actor_T08,2020-05-14,SPD,middle,-0.982756
1261553722175430656,actor_T39,2020-05-16,SPD,middle,0.58147
1261598012859711488,actor_T24,2020-05-16,AFD,right,-1.05543
1261753288233553921,actor_T06,2020-05-16,The Left Party,left,-0.038638
1261951961169092608,actor_T17,2020-05-17,SPD,middle,-1.217369
1262423856020684800,actor_T11,2020-05-18,Alliance 90/The Greens,middle,0.196378
1262836025535213568,actor_T27,2020-05-19,CDU/CSU,middle,0.249766
1263160440982511620,actor_T39,2020-05-20,SPD,middle,0.226596
1263430975184404480,actor_T26,2020-05-21,CDU/CSU,middle,0.657344
1263440552936255495,actor_T23,2020-05-21,SPD,middle,-0.407584
1264856534284107779,actor_T33,2020-05-25,SPD,middle,0.733314
1265040643929276416,actor_T25,2020-05-25,The Left Party,left,-0.155317
1265526148286550018,actor_T37,2020-05-27,AFD,right,-0.337756
1265671622230450179,actor_T22,2020-05-27,AFD,right,0.610272
1265689558827429893,actor_T34,2020-05-27,The Left Party,left,-0.111946
1265717564421914626,actor_T39,2020-05-27,SPD,middle,0.196775
1265728693923700736,actor_T17,2020-05-27,SPD,middle,1.347908
1266017083680329728,actor_T32,2020-05-28,CDU/CSU,middle,-0.10227
1266075003772157953,actor_T15,2020-05-28,SPD,middle,-0.961354
1266333169353142272,actor_T17,2020-05-29,SPD,middle,0.136267
1266382161868980224,actor_T13,2020-05-29,CDU/CSU,middle,-1.550817
1266619534603096065,actor_T28,2020-05-30,FDP,middle,-0.575206
1267191287087857667,actor_T11,2020-05-31,Alliance 90/The Greens,middle,-0.707692
1267194857224835072,actor_T35,2020-05-31,FDP,middle,-0.351303
1268164017203359744,actor_T36,2020-06-03,Alliance 90/The Greens,middle,-0.637099
1268404971353014272,actor_T39,2020-06-04,SPD,middle,0.01264
1268425266579333126,actor_T10,2020-06-04,SPD,middle,0.112383
1268504586786086916,actor_T23,2020-06-04,SPD,middle,1.018023
1268560352276623364,actor_T17,2020-06-04,SPD,middle,0.384456
1268883850538758146,actor_T40,2020-06-05,FDP,middle,0.278622
1269347890620760073,actor_T31,2020-06-06,The Left Party,left,-0.136447
1269364241661939717,actor_T09,2020-06-06,The Left Party,left,-0.40111
1269589545437343744,actor_T17,2020-06-07,SPD,middle,0.40491
1269701283763683330,actor_T32,2020-06-07,CDU/CSU,middle,-0.246339
1269720238528122884,actor_T01,2020-06-07,Alliance 90/The Greens,middle,0.020216
1269997870448607233,actor_T26,2020-06-08,CDU/CSU,middle,1.824649
1270370680056545286,actor_T27,2020-06-09,CDU/CSU,middle,-0.445419
1270400622752301056,actor_T25,2020-06-09,The Left Party,left,0.101846
1270447407248048132,actor_T37,2020-06-09,AFD,right,-2.183835
1270599959814057987,actor_T39,2020-06-10,SPD,middle,-1.373724
1270603842124746753,actor_T17,2020-06-10,SPD,middle,1.095926
1270703345553063937,actor_T22,2020-06-10,AFD,right,-1.202444
1270802102416277505,actor_T17,2020-06-10,SPD,middle,-0.471812
1271017648478924800,actor_T24,2020-06-11,AFD,right,0.539767
1271509101701402626,actor_T11,2020-06-12,Alliance 90/The Greens,middle,0.630918
1272100795547365381,actor_T17,2020-06-14,SPD,middle,-0.016776
1272473955467739136,actor_T07,2020-06-15,CDU/CSU,middle,0.697324
1273138235754110977,actor_T39,2020-06-17,SPD,middle,0.693704
1273155231816257538,actor_T03,2020-06-17,CDU/CSU,middle,0.303551
1273360179669733378,actor_T28,2020-06-17,FDP,middle,1.88168
1273506416209338368,actor_T23,2020-06-18,SPD,middle,0.116861
1273518736725680129,actor_T15,2020-06-18,SPD,middle,-0.560351
1273662882660696064,actor_T17,2020-06-18,SPD,middle,0.746297
1274428229244407810,actor_T39,2020-06-20,SPD,middle,-0.207597
1274561548518854657,actor_T26,2020-06-21,CDU/CSU,middle,0.842816
1274624967716593664,actor_T22,2020-06-21,AFD,right,-1.068699
1274749912903823362,actor_T32,2020-06-21,CDU/CSU,middle,0.047742
1274788011067297793,actor_T30,2020-06-21,FDP,middle,1.246445
1275387060036173824,actor_T33,2020-06-23,SPD,middle,-0.25885
1275456411007361024,actor_T13,2020-06-23,CDU/CSU,middle,0.522514
1275805912616361984,actor_T23,2020-06-24,SPD,middle,1.034458
1275817640003502082,actor_T37,2020-06-24,AFD,right,0.791045
1275843282011066373,actor_T35,2020-06-24,FDP,middle,0.717688
1276074501843845121,actor_T40,2020-06-25,FDP,middle,0.902455
1276153759723380737,actor_T34,2020-06-25,The Left Party,left,1.208305
1276492497401851905,actor_T17,2020-06-26,SPD,middle,1.8371
1277120941517164544,actor_T39,2020-06-28,SPD,middle,0.580109
1277227820666753026,actor_T11,2020-06-28,Alliance 90/The Greens,middle,0.80385
1277621375432359936,actor_T26,2020-06-29,CDU/CSU,middle,0.242337
1277638837284585472,actor_T28,2020-06-29,FDP,middle,1.275576
1278307185655721984,actor_T10,2020-07-01,SPD,middle,-0.295309
1278761412555350019,actor_T01,2020-07-02,Alliance 90/The Greens,middle,0.239664
1278989381496385536,actor_T25,2020-07-03,The Left Party,left,-0.327102
1279458185615683588,actor_T03,2020-07-04,CDU/CSU,middle,0.213324
1279725246145273857,actor_T09,2020-07-05,The Left Party,left,0.105045
1279806739244859401,actor_T28,2020-07-05,FDP,middle,0.61596
1280137865205288967,actor_T31,2020-07-06,The Left Party,left,0.981122
1280914178203701248,actor_T27,2020-07-08,CDU/CSU,middle,1.422854
1280952779083845632,actor_T17,2020-07-08,SPD,middle,0.734285
1281142052529623040,actor_T39,2020-07-09,SPD,middle,0.652259
1281501449462132736,actor_T37,2020-07-10,AFD,right,-2.079655
1281934619001204736,actor_T32,2020-07-11,CDU/CSU,middle,-0.8165
1282235090559434752,actor_T33,2020-07-12,SPD,middle,0.823891
1282409810131132417,actor_T28,2020-07-12,FDP,middle,1.537
1282999778243219458,actor_T25,2020-07-14,The Left Party,left,0.515331
1283017355195559938,actor_T22,2020-07-14,AFD,right,-0.474069
1283053088618709002,actor_T06,2020-07-14,The Left Party,left,0.880014
1283365650937847811,actor_T35,2020-07-15,FDP,middle,-1.088729
1283787346236911617,actor_T15,2020-07-16,SPD,middle,0.263161
1284075299429404672,actor_T39,2020-07-17,SPD,middle,-0.733041
1284123875039760385,actor_T23,2020-07-17,SPD,middle,0.075975
1284171695457214470,actor_T28,2020-07-17,FDP,middle,-1.032575
1285448377451380736,actor_T13,2020-07-21,CDU/CSU,middle,0.317953
1285532370033156099,actor_T34,2020-07-21,The Left Party,left,0.125351
1285945900708311041,actor_T17,2020-07-22,SPD,middle,-0.010652
1286557020427030528,actor_T08,2020-07-24,SPD,middle,-0.016563
1286923847229374464,actor_T26,2020-07-25,CDU/CSU,middle,0.918166
1286961815570845696,actor_T39,2020-07-25,SPD,middle,-0.83915
1286998797957160960,actor_T20,2020-07-25,The Left Party,left,0.776193
1287338924575268864,actor_T10,2020-07-26,SPD,middle,0.962759
1287730344452665353,actor_T40,2020-07-27,FDP,middle,2.003291
1288430387526610949,actor_T37,2020-07-29,AFD,right,-0.861781
1288898125135056896,actor_T32,2020-07-30,CDU/CSU,middle,-0.231506
1289092890938019840,actor_T35,2020-07-31,FDP,middle,0.469738
1289111950241288192,actor_T30,2020-07-31,FDP,middle,0.192856
1289142315857121280,actor_T28,2020-07-31,FDP,middle,0.653454
1290363329777721346,actor_T39,2020-08-03,SPD,middle,-0.301035
1291356737317076992,actor_T17,2020-08-06,SPD,middle,2.19654
1291627017448960002,actor_T03,2020-08-07,CDU/CSU,middle,-0.180395
1292061089191141381,actor_T11,2020-08-08,Alliance 90/The Greens,middle,0.222025
1292205500659105793,actor_T25,2020-08-08,The Left Party,left,-0.069753
1292458405416898560,actor_T15,2020-08-09,SPD,middle,-0.424172
1292497267178573826,actor_T28,2020-08-09,FDP,middle,0.790556
1292597447227736065,actor_T15,2020-08-09,SPD,middle,0.07319
1292758433188413440,actor_T17,2020-08-10,SPD,middle,-0.833114
1292783852864311296,actor_T08,2020-08-10,SPD,middle,-0.099391
1293509101847220225,actor_T24,2020-08-12,AFD,right,0.085809
1293534322465689605,actor_T39,2020-08-12,SPD,middle,-0.232198
1293577641128321025,actor_T10,2020-08-12,SPD,middle,-0.40552
1293652772391329792,actor_T09,2020-08-12,The Left Party,left,-0.240118
1293850336868917248,actor_T32,2020-08-13,CDU/CSU,middle,0.241159
1294284904969244674,actor_T10,2020-08-14,SPD,middle,-1.516074
1294892627326914560,actor_T13,2020-08-16,CDU/CSU,middle,-0.453369
1294949716384505856,actor_T10,2020-08-16,SPD,middle,-0.884355
1295082653230792704,actor_T23,2020-08-16,SPD,middle,0.850184
1295304642641965056,actor_T28,2020-08-17,FDP,middle,-0.040826
1295338735056322562,actor_T31,2020-08-17,The Left Party,left,-0.9096
1295549084191907840,actor_T37,2020-08-18,AFD,right,-0.327199
1295795800480657410,actor_T08,2020-08-18,SPD,middle,1.083489
1295800454379704322,actor_T34,2020-08-18,The Left Party,left,-0.709829
1295806958629527552,actor_T07,2020-08-18,CDU/CSU,middle,-0.817607
1295961418169298944,actor_T10,2020-08-19,SPD,middle,-0.235726
1296084713241743360,actor_T22,2020-08-19,AFD,right,-0.039767
1296500444307623937,actor_T40,2020-08-20,FDP,middle,0.537641
1296831898832994305,actor_T25,2020-08-21,The Left Party,left,0.86227
1296875693087784961,actor_T28,2020-08-21,FDP,middle,0.347842
1297079957080936448,actor_T30,2020-08-22,FDP,middle,0.403857
1297147307461414912,actor_T01,2020-08-22,Alliance 90/The Greens,middle,0.614623
1297201576403251202,actor_T17,2020-08-22,SPD,middle,-0.556128
1297423187689574401,actor_T35,2020-08-23,FDP,middle,1.530826
1297565128557318144,actor_T28,2020-08-23,FDP,middle,0.438342
1297771714596806681,actor_T10,2020-08-24,SPD,middle,0.02155
1297900490035007489,actor_T15,2020-08-24,SPD,middle,-1.219893
1297915279574433794,actor_T06,2020-08-24,The Left Party,left,1.422144
1298184932028751872,actor_T22,2020-08-25,AFD,right,-0.736579
1298666319999574018,actor_T26,2020-08-26,CDU/CSU,middle,2.827841
1299303495334612992,actor_T32,2020-08-28,CDU/CSU,middle,-0.627951
1300319161193816064,actor_T28,2020-08-31,FDP,middle,0.769101
1300524488736624641,actor_T37,2020-08-31,AFD,right,-1.605126
1301026702810902528,actor_T10,2020-09-02,SPD,middle,-0.306102
1301081822877700096,actor_T25,2020-09-02,The Left Party,left,-0.492613
1301126577992937473,actor_T17,2020-09-02,SPD,middle,0.422824
1301149820535615490,actor_T33,2020-09-02,SPD,middle,0.864545
1301269676660584450,actor_T27,2020-09-02,CDU/CSU,middle,0.279864
1301496412664987649,actor_T35,2020-09-03,FDP,middle,0.618116
1301521527985364993,actor_T01,2020-09-03,Alliance 90/The Greens,middle,-0.058706
1302614948082847745,actor_T28,2020-09-06,FDP,middle,0.60289
1302915167462793216,actor_T40,2020-09-07,FDP,middle,-0.53188
1302923680826224640,actor_T39,2020-09-07,SPD,middle,0.476181
1303287133554331648,actor_T10,2020-09-08,SPD,middle,-0.142355
1303300473852702725,actor_T25,2020-09-08,The Left Party,left,1.218621
1303303798098518018,actor_T15,2020-09-08,SPD,middle,1.243444
1303567571564867585,actor_T35,2020-09-09,FDP,middle,0.404504
1303678691029983234,actor_T09,2020-09-09,The Left Party,left,-1.088758
1303727078580400128,actor_T03,2020-09-09,CDU/CSU,middle,2.688811
1304052490334277632,actor_T22,2020-09-10,AFD,right,-1.09488
1304057105071190016,actor_T34,2020-09-10,The Left Party,left,-0.007431
1304177060106174465,actor_T25,2020-09-10,The Left Party,left,0.893144
1304356534227472385,actor_T26,2020-09-11,CDU/CSU,middle,2.168822
1305564258491564037,actor_T16,2020-09-14,The Left Party,left,0.104942
1305593709103403009,actor_T39,2020-09-14,SPD,middle,-0.45547
1305760858346225668,actor_T20,2020-09-15,The Left Party,left,-0.164759
1305863836155686912,actor_T28,2020-09-15,FDP,middle,1.582724
1305975759178211335,actor_T25,2020-09-15,The Left Party,left,-0.857138
1306245909412540416,actor_T17,2020-09-16,SPD,middle,0.169801
1306499405642690560,actor_T24,2020-09-17,AFD,right,0.028946
1306552423410995200,actor_T13,2020-09-17,CDU/CSU,middle,0.397971
1306944333711630337,actor_T40,2020-09-18,FDP,middle,0.877578
1306986310071189505,actor_T28,2020-09-18,FDP,middle,-0.503556
1307043192882237443,actor_T37,2020-09-18,AFD,right,-0.561248
1307233054201729025,actor_T10,2020-09-19,SPD,middle,-1.173937
1307252284607393798,actor_T03,2020-09-19,CDU/CSU,middle,0.900118
1308024402768998401,actor_T25,2020-09-21,The Left Party,left,-0.279383
1308340757418311681,actor_T39,2020-09-22,SPD,middle,0.844664
1308416960896610310,actor_T35,2020-09-22,FDP,middle,0.63981
1308429003771064320,actor_T26,2020-09-22,CDU/CSU,middle,0.933616
1308994213795835906,actor_T11,2020-09-24,Alliance 90/The Greens,middle,0.286427
1309074552635490306,actor_T24,2020-09-24,AFD,right,-0.413204
1309238395303010305,actor_T25,2020-09-24,The Left Party,left,-0.227813
1309771145076518913,actor_T25,2020-09-26,The Left Party,left,-0.037643
1309988972404277248,actor_T17,2020-09-26,SPD,middle,0.432491
1310196281906782208,actor_T32,2020-09-27,CDU/CSU,middle,-0.003514
1310274793606914051,actor_T23,2020-09-27,SPD,middle,0.539
1310278721920790529,actor_T01,2020-09-27,Alliance 90/The Greens,middle,0.387493
1310519427176243202,actor_T28,2020-09-28,FDP,middle,1.655926
1310559071280549888,actor_T33,2020-09-28,SPD,middle,0.817378
1310844901773512704,actor_T39,2020-09-29,SPD,middle,0.861092
1310926140853415939,actor_T15,2020-09-29,SPD,middle,0.17469
1310929777088442372,actor_T25,2020-09-29,The Left Party,left,-0.159782
1310989747100286976,actor_T06,2020-09-29,The Left Party,left,0.424965
1311352010042679298,actor_T18,2020-09-30,AFD,right,-0.430271
1311709129979973635,actor_T39,2020-10-01,SPD,middle,-0.761384
1311951321629708288,actor_T25,2020-10-02,The Left Party,left,-1.674345
1312013922552119296,actor_T31,2020-10-02,The Left Party,left,-1.056638
1312026177977147393,actor_T40,2020-10-02,FDP,middle,-0.673208
1312711288116719617,actor_T26,2020-10-04,CDU/CSU,middle,-0.476467
1313119234558394368,actor_T09,2020-10-05,The Left Party,left,0.881018
1313362322237403137,actor_T25,2020-10-06,The Left Party,left,-0.369987
1313462991132733440,actor_T39,2020-10-06,SPD,middle,-0.200865
1313751484065091587,actor_T37,2020-10-07,AFD,right,0.817984
1313842062027100161,actor_T35,2020-10-07,FDP,middle,0.451614
1313860005796474880,actor_T34,2020-10-07,The Left Party,left,0.918317
1313971226587561985,actor_T28,2020-10-07,FDP,middle,0.149646
1314304409417981975,actor_T25,2020-10-08,The Left Party,left,-1.484998
1314305941299515392,actor_T32,2020-10-08,CDU/CSU,middle,-1.49301
1314595145501880320,actor_T10,2020-10-09,SPD,middle,-1.169113
1315002743308849153,actor_T30,2020-10-10,FDP,middle,-0.249164
1315173999379386368,actor_T25,2020-10-11,The Left Party,left,0.22744
1315596459643985920,actor_T39,2020-10-12,SPD,middle,-0.899145
1315885820281225216,actor_T10,2020-10-13,SPD,middle,-1.124317
1315994500544765952,actor_T07,2020-10-13,CDU/CSU,middle,0.978851
1316039029624901632,actor_T36,2020-10-13,Alliance 90/The Greens,middle,0.450046
1316102980509347840,actor_T28,2020-10-13,FDP,middle,0.890233
1316106394504957952,actor_T27,2020-10-13,CDU/CSU,middle,-0.780646
1316460663104045057,actor_T26,2020-10-14,CDU/CSU,middle,0.34151
1316468211441971201,actor_T01,2020-10-14,Alliance 90/The Greens,middle,-0.854544
1316470602128150533,actor_T16,2020-10-14,The Left Party,left,-0.579976
1316739279264059392,actor_T25,2020-10-15,The Left Party,left,-0.614888
1317463761071071233,actor_T25,2020-10-17,The Left Party,left,0.163933
1317785938190307328,actor_T13,2020-10-18,CDU/CSU,middle,0.083535
1317843772961660933,actor_T35,2020-10-18,FDP,middle,1.678924
1318115617224953857,actor_T22,2020-10-19,AFD,right,0.262112
1318404131346927617,actor_T39,2020-10-20,SPD,middle,1.306998
1318427672033320961,actor_T40,2020-10-20,FDP,middle,-1.497392
1318554092944412677,actor_T25,2020-10-20,The Left Party,left,0.338084
1318641154183827457,actor_T40,2020-10-20,FDP,middle,0.442324
1318801061734436866,actor_T28,2020-10-21,FDP,middle,-0.311643
1318852029192830978,actor_T37,2020-10-21,AFD,right,0.270578
1318867131866451970,actor_T32,2020-10-21,CDU/CSU,middle,-0.346295
1318940919907966980,actor_T17,2020-10-21,SPD,middle,-0.122078
1319179189476610049,actor_T23,2020-10-22,SPD,middle,-0.244018
1319547563612176385,actor_T33,2020-10-23,SPD,middle,0.474852
1320115662329708544,actor_T25,2020-10-24,The Left Party,left,0.087652
1320298688070246401,actor_T28,2020-10-25,FDP,middle,0.138931
1320747723893727235,actor_T01,2020-10-26,Alliance 90/The Greens,middle,0.025284
1321020588710858752,actor_T31,2020-10-27,The Left Party,left,-0.155641
1321150606464196610,actor_T04,2020-10-27,AFD,right,-0.803747
1321201135663878145,actor_T09,2020-10-27,The Left Party,left,0.62996
1321327532285825025,actor_T10,2020-10-28,SPD,middle,0.48049
1321376155736428544,actor_T35,2020-10-28,FDP,middle,-0.512364
1321394607868026883,actor_T40,2020-10-28,FDP,middle,1.579733
1321543636690108419,actor_T25,2020-10-28,The Left Party,left,-0.43507
1321848731080232961,actor_T40,2020-10-29,FDP,middle,0.698784
1322132330664939520,actor_T34,2020-10-30,The Left Party,left,-0.926421
1322188471436484609,actor_T16,2020-10-30,The Left Party,left,-0.400157
1322191216319094789,actor_T39,2020-10-30,SPD,middle,0.090396
1322521624172810241,actor_T28,2020-10-31,FDP,middle,1.304082
1322965835577778176,actor_T35,2020-11-01,FDP,middle,-0.162863
1323184650584543232,actor_T20,2020-11-02,The Left Party,left,0.710384
1323203317544222720,actor_T26,2020-11-02,CDU/CSU,middle,0.046053
1323363529391591434,actor_T17,2020-11-02,SPD,middle,-0.776473
1323602915085504512,actor_T25,2020-11-03,The Left Party,left,-1.204223
1323997441562157057,actor_T01,2020-11-04,Alliance 90/The Greens,middle,-0.999745
1324027904003624961,actor_T15,2020-11-04,SPD,middle,-0.346457
1324103607625666561,actor_T11,2020-11-04,Alliance 90/The Greens,middle,-0.879989
1324296723439767553,actor_T23,2020-11-05,SPD,middle,1.344865
1324308879438716931,actor_T37,2020-11-05,AFD,right,0.901146
1324340165796614146,actor_T40,2020-11-05,FDP,middle,2.286941
1324350191303086083,actor_T13,2020-11-05,CDU/CSU,middle,1.127177
1324420512836145152,actor_T39,2020-11-05,SPD,middle,-0.420361
1324469230864093188,actor_T28,2020-11-05,FDP,middle,0.96247
1324827745063489536,actor_T25,2020-11-06,The Left Party,left,-0.175541
1325049488055164930,actor_T31,2020-11-07,The Left Party,left,-0.484917
1325084157664501761,actor_T39,2020-11-07,SPD,middle,0.368794
1325102010421682179,actor_T01,2020-11-07,Alliance 90/The Greens,middle,-0.187251
1325386266146463744,actor_T25,2020-11-08,The Left Party,left,0.31911
1325401536676171776,actor_T18,2020-11-08,AFD,right,-0.212402
1325471898441019394,actor_T34,2020-11-08,The Left Party,left,-1.77514
1325827627287015424,actor_T33,2020-11-09,SPD,middle,1.361628
1325866521248329734,actor_T39,2020-11-09,SPD,middle,-0.293557
1326093937036173312,actor_T26,2020-11-10,CDU/CSU,middle,0.607413
1326262843390517249,actor_T03,2020-11-10,CDU/CSU,middle,0.267065
1326278399934001158,actor_T20,2020-11-10,The Left Party,left,0.162578
1326505206989942785,actor_T32,2020-11-11,CDU/CSU,middle,0.387479
1326843170265702400,actor_T30,2020-11-12,FDP,middle,-0.40031
1326893385161039878,actor_T01,2020-11-12,Alliance 90/The Greens,middle,0.538442
1326986057670389760,actor_T28,2020-11-12,FDP,middle,0.71574
1327013215860088840,actor_T25,2020-11-12,The Left Party,left,-0.708422
1327161875226910721,actor_T40,2020-11-13,FDP,middle,-0.303414
1327263295145971722,actor_T07,2020-11-13,CDU/CSU,middle,1.072099
1327313311059283968,actor_T31,2020-11-13,The Left Party,left,0.235275
1327906438468014080,actor_T39,2020-11-15,SPD,middle,-0.276353
1328044689136771072,actor_T32,2020-11-15,CDU/CSU,middle,0.31353
1328066071648227329,actor_T25,2020-11-15,The Left Party,left,2.33688
1328440555270004737,actor_T17,2020-11-16,SPD,middle,1.012619
1328454578183024640,actor_T37,2020-11-16,AFD,right,-0.47543
1328718293725835264,actor_T09,2020-11-17,The Left Party,left,1.244366
1328793759878930440,actor_T35,2020-11-17,FDP,middle,0.680398
1329031831220576256,actor_T10,2020-11-18,SPD,middle,-0.962141
1329111850047442946,actor_T28,2020-11-18,FDP,middle,0.353401
1329170117863804933,actor_T40,2020-11-18,FDP,middle,-0.043284
1329318728765485057,actor_T04,2020-11-19,AFD,right,0.021462
1329428570935074816,actor_T23,2020-11-19,SPD,middle,1.343292
1329447947147284485,actor_T19,2020-11-19,Alliance 90/The Greens,middle,-0.315247
1329682896446218243,actor_T25,2020-11-20,The Left Party,left,0.605413
1329748727427452935,actor_T39,2020-11-20,SPD,middle,-0.560229
1330080168770211848,actor_T27,2020-11-21,CDU/CSU,middle,-0.557122
1330145436695457802,actor_T34,2020-11-21,The Left Party,left,0.830339
1330457480841850881,actor_T03,2020-11-22,CDU/CSU,middle,-0.102557
1330797559330332672,actor_T06,2020-11-23,The Left Party,left,1.641117
1330987323660570627,actor_T25,2020-11-23,The Left Party,left,-1.692203
1331135695117750272,actor_T13,2020-11-24,CDU/CSU,middle,-1.211435
1331163713383043072,actor_T26,2020-11-24,CDU/CSU,middle,2.091549
1331204104740335616,actor_T28,2020-11-24,FDP,middle,0.163959
1331252974618808321,actor_T39,2020-11-24,SPD,middle,-0.213392
1331868575372611585,actor_T35,2020-11-26,FDP,middle,1.070242
1331888434747748358,actor_T32,2020-11-26,CDU/CSU,middle,0.193784
1331889553251164160,actor_T01,2020-11-26,Alliance 90/The Greens,middle,-0.548726
1331902180325003264,actor_T22,2020-11-26,AFD,right,-0.120623
1331920223646199815,actor_T31,2020-11-26,The Left Party,left,-0.201705
1331934533617377281,actor_T17,2020-11-26,SPD,middle,-0.288327
1332017076903481346,actor_T25,2020-11-26,The Left Party,left,-0.328587
1332158363451396096,actor_T28,2020-11-27,FDP,middle,1.296968
1332183744162263040,actor_T40,2020-11-27,FDP,middle,0.547582
1332259189465489409,actor_T40,2020-11-27,FDP,middle,0.508863
1333499000557801473,actor_T39,2020-11-30,SPD,middle,0.199328
1333761801121640451,actor_T37,2020-12-01,AFD,right,-0.564152
1333806490596073479,actor_T33,2020-12-01,SPD,middle,0.817173
1333863576524742656,actor_T36,2020-12-01,Alliance 90/The Greens,middle,-0.12201
1333889308093259776,actor_T03,2020-12-01,CDU/CSU,middle,0.346856
1334041378930774016,actor_T15,2020-12-02,SPD,middle,-0.128443
1334195154748633094,actor_T26,2020-12-02,CDU/CSU,middle,0.245164
1334443905723604992,actor_T08,2020-12-03,SPD,middle,0.735269
1334542524384423938,actor_T17,2020-12-03,SPD,middle,-0.295264
1334595190145888266,actor_T31,2020-12-03,The Left Party,left,-0.485979
1334820503643693057,actor_T35,2020-12-04,FDP,middle,0.901498
1334938850909687809,actor_T28,2020-12-04,FDP,middle,0.132258
1335232640128077824,actor_T34,2020-12-05,The Left Party,left,0.66363
1335543188023627777,actor_T07,2020-12-06,CDU/CSU,middle,-0.405756
1335626116619448326,actor_T28,2020-12-06,FDP,middle,1.084516
1335648254290259973,actor_T17,2020-12-06,SPD,middle,-0.607416
1336044476373094409,actor_T39,2020-12-07,SPD,middle,0.221015
1336048504058359808,actor_T25,2020-12-07,The Left Party,left,-0.351082
1336368546385973252,actor_T28,2020-12-08,FDP,middle,1.251988
1336581821706989568,actor_T23,2020-12-09,SPD,middle,0.808952
1336614027053699073,actor_T28,2020-12-09,FDP,middle,0.252858
1336617135829880832,actor_T40,2020-12-09,FDP,middle,-0.232864
1336709970956578816,actor_T32,2020-12-09,CDU/CSU,middle,-0.042905
1337001558601555971,actor_T31,2020-12-10,The Left Party,left,-1.060238
1337076595178299394,actor_T16,2020-12-10,The Left Party,left,-0.936938
1337100498193801230,actor_T11,2020-12-10,Alliance 90/The Greens,middle,-0.287187
1337678505434345473,actor_T33,2020-12-12,SPD,middle,0.383132
1337725299333730307,actor_T39,2020-12-12,SPD,middle,0.390335
1337880527450345474,actor_T26,2020-12-12,CDU/CSU,middle,0.018672
1338136639114240000,actor_T35,2020-12-13,FDP,middle,0.291417
1338214101298843648,actor_T28,2020-12-13,FDP,middle,1.642797
1338413016589758464,actor_T37,2020-12-14,AFD,right,-1.23862
1338744542917513216,actor_T17,2020-12-15,SPD,middle,-0.875352
1338753098995691525,actor_T01,2020-12-15,Alliance 90/The Greens,middle,0.201219
1338795747261689857,actor_T28,2020-12-15,FDP,middle,0.34469
1338836603243008005,actor_T13,2020-12-15,CDU/CSU,middle,1.719846
1339177232502239234,actor_T19,2020-12-16,Alliance 90/The Greens,middle,0.343816
1339277119982096385,actor_T40,2020-12-16,FDP,middle,-0.030782
1339565696410394626,actor_T04,2020-12-17,AFD,right,0.035423
1339686597823000576,actor_T15,2020-12-17,SPD,middle,-0.391714
1340264029470789632,actor_T39,2020-12-19,SPD,middle,-0.189082
1340633439104610304,actor_T28,2020-12-20,FDP,middle,1.963617
1340930756592463872,actor_T34,2020-12-21,The Left Party,left,-0.691
1341064660016095232,actor_T17,2020-12-21,SPD,middle,-1.1973
1341658984848175105,actor_T39,2020-12-23,SPD,middle,-0.625414
1341664435874754561,actor_T23,2020-12-23,SPD,middle,0.677
1341679933052084224,actor_T35,2020-12-23,FDP,middle,-0.547856
1341784695512641536,actor_T19,2020-12-23,Alliance 90/The Greens,middle,-0.059177
1343485250731704320,actor_T39,2020-12-28,SPD,middle,-0.251084
1343561718203559936,actor_T03,2020-12-28,CDU/CSU,middle,0.755967
1344313960825303042,actor_T30,2020-12-30,FDP,middle,-0.535297
1344402321632096259,actor_T28,2020-12-30,FDP,middle,1.364052
1344599615035879424,actor_T17,2020-12-31,SPD,middle,-0.971071
1344961725070794752,actor_T37,2021-01-01,AFD,right,-0.805654
1345346768893046786,actor_T31,2021-01-02,The Left Party,left,-0.778081
1345377755697963009,actor_T39,2021-01-02,SPD,middle,-0.916361
1345455231820300288,actor_T32,2021-01-02,CDU/CSU,middle,-0.05754
1345672746064375808,actor_T03,2021-01-03,CDU/CSU,middle,2.07253
1345690903982329856,actor_T03,2021-01-03,CDU/CSU,middle,0.746402
1345705248095145984,actor_T25,2021-01-03,The Left Party,left,-0.883597
1345798242026610689,actor_T35,2021-01-03,FDP,middle,0.8197
1346134249745883141,actor_T03,2021-01-04,CDU/CSU,middle,0.941387
1346155720488726531,actor_T18,2021-01-04,AFD,right,-1.234521
1346189373302255617,actor_T28,2021-01-04,FDP,middle,0.086473
1346402999036485633,actor_T27,2021-01-05,CDU/CSU,middle,-0.106483
1346410343967371264,actor_T13,2021-01-05,CDU/CSU,middle,-0.421381
1346910831930343429,actor_T15,2021-01-06,SPD,middle,0.650939
1346912333055090692,actor_T28,2021-01-06,FDP,middle,-0.39457
1346939422563037187,actor_T10,2021-01-06,SPD,middle,-0.590913
1347122846967934977,actor_T25,2021-01-07,The Left Party,left,0.028952
1347186902336757767,actor_T39,2021-01-07,SPD,middle,-0.960001
1347211140821110784,actor_T09,2021-01-07,The Left Party,left,0.64298
1347504186997538816,actor_T28,2021-01-08,FDP,middle,1.324561
1347508186933243906,actor_T17,2021-01-08,SPD,middle,0.165233
1347516990488014849,actor_T25,2021-01-08,The Left Party,left,0.43911
1347849746736701440,actor_T01,2021-01-09,Alliance 90/The Greens,middle,-0.5068
1347976144772100100,actor_T40,2021-01-09,FDP,middle,1.480842
1348178231766224897,actor_T26,2021-01-10,CDU/CSU,middle,-0.310182
1348589972211851266,actor_T19,2021-01-11,Alliance 90/The Greens,middle,1.672724
1348736390301937670,actor_T17,2021-01-11,SPD,middle,0.038582
1348933581096312834,actor_T04,2021-01-12,AFD,right,0.548336
1349066712742768644,actor_T07,2021-01-12,CDU/CSU,middle,0.580879
1349297883758157824,actor_T33,2021-01-13,SPD,middle,0.81467
1349483592188125184,actor_T23,2021-01-13,SPD,middle,-0.150563
1349483921860423688,actor_T17,2021-01-13,SPD,middle,0.543064
1349832138653392897,actor_T03,2021-01-14,CDU/CSU,middle,-0.421322
1349872997000245251,actor_T25,2021-01-15,The Left Party,left,0.742505
1349935733734334468,actor_T37,2021-01-15,AFD,right,-0.507272
1350056612279574529,actor_T35,2021-01-15,FDP,middle,0.222696
1350071360236744710,actor_T39,2021-01-15,SPD,middle,-0.982258
1350200381423448064,actor_T26,2021-01-15,CDU/CSU,middle,-0.784585
1350392588247904256,actor_T10,2021-01-16,SPD,middle,-0.149481
1350470080350576640,actor_T32,2021-01-16,CDU/CSU,middle,-0.0357
1350764777916805121,actor_T25,2021-01-17,The Left Party,left,0.014526
1350904805087203329,actor_T20,2021-01-17,The Left Party,left,0.034354
1351153562181652485,actor_T31,2021-01-18,The Left Party,left,-1.365827
1351177658256805891,actor_T01,2021-01-18,Alliance 90/The Greens,middle,-0.842079
1351479420448628739,actor_T03,2021-01-19,CDU/CSU,middle,1.393189
1351505866969780228,actor_T40,2021-01-19,FDP,middle,1.153473
1351863766896541696,actor_T13,2021-01-20,CDU/CSU,middle,-0.476321
1351867366351777794,actor_T39,2021-01-20,SPD,middle,0.474197
1351891557180440577,actor_T24,2021-01-20,AFD,right,0.884067
1351961015718735873,actor_T25,2021-01-20,The Left Party,left,-0.000642
1352690244525694978,actor_T39,2021-01-22,SPD,middle,-0.073148
1352729571892883457,actor_T17,2021-01-22,SPD,middle,0.425974
1352968537283956736,actor_T01,2021-01-23,Alliance 90/The Greens,middle,-1.270779
1353011410775760899,actor_T19,2021-01-23,Alliance 90/The Greens,middle,0.490637
1353025584239144960,actor_T35,2021-01-23,FDP,middle,1.358605
1353124338111799297,actor_T16,2021-01-23,The Left Party,left,-0.666574
1353263733422829569,actor_T03,2021-01-24,CDU/CSU,middle,-0.223172
1353281218062770176,actor_T34,2021-01-24,The Left Party,left,0.488035
1353307315068350464,actor_T25,2021-01-24,The Left Party,left,0.5768
1353419113616564229,actor_T14,2021-01-24,AFD,right,-0.047565
1353600444937986051,actor_T28,2021-01-25,FDP,middle,2.75757
1353675867290038273,actor_T22,2021-01-25,AFD,right,-0.76406
1353832225398267905,actor_T39,2021-01-25,SPD,middle,0.122036
1354062986411864064,actor_T40,2021-01-26,FDP,middle,0.181091
1354327441280561155,actor_T27,2021-01-27,CDU/CSU,middle,-0.931761
1354386320911699972,actor_T22,2021-01-27,AFD,right,-0.349171
1354406827920908289,actor_T17,2021-01-27,SPD,middle,-0.041705
1354436402335932416,actor_T07,2021-01-27,CDU/CSU,middle,0.875205
1354459392314322950,actor_T26,2021-01-27,CDU/CSU,middle,2.818767
1354706705544867841,actor_T03,2021-01-28,CDU/CSU,middle,0.600456
1354921330521616394,actor_T23,2021-01-28,SPD,middle,0.38972
1355104660101746688,actor_T32,2021-01-29,CDU/CSU,middle,-0.356014
1355105161174245376,actor_T35,2021-01-29,FDP,middle,-0.116319
1355181269269831682,actor_T15,2021-01-29,SPD,middle,0.415965
1355278961736089600,actor_T28,2021-01-29,FDP,middle,1.51095
1355572520540377090,actor_T03,2021-01-30,CDU/CSU,middle,1.421358
1355823639212523523,actor_T37,2021-01-31,AFD,right,-0.289171
1356332329082515456,actor_T40,2021-02-01,FDP,middle,0.477628
1356561671280549888,actor_T25,2021-02-02,The Left Party,left,0.168462
1356575116814090241,actor_T39,2021-02-02,SPD,middle,-0.079643
1356927655782801408,actor_T22,2021-02-03,AFD,right,0.350155
1356940698843549696,actor_T35,2021-02-03,FDP,middle,1.459553
1357348520030658561,actor_T23,2021-02-04,SPD,middle,-0.204186
1357445973916712964,actor_T25,2021-02-04,The Left Party,left,-0.369708
1357682116453150722,actor_T22,2021-02-05,AFD,right,-1.299307
1357683028777140224,actor_T19,2021-02-05,Alliance 90/The Greens,middle,-0.130093
1357962509026816000,actor_T03,2021-02-06,CDU/CSU,middle,1.121211
1357989415805722627,actor_T33,2021-02-06,SPD,middle,-0.861976
1358123957044600840,actor_T39,2021-02-06,SPD,middle,0.186317
1358785192022986759,actor_T03,2021-02-08,CDU/CSU,middle,0.252861
1359047963134341123,actor_T01,2021-02-09,Alliance 90/The Greens,middle,0.573889
1359229730248097793,actor_T25,2021-02-09,The Left Party,left,0.896777
1359574896804790273,actor_T04,2021-02-10,AFD,right,-0.543267
1359618327459545088,actor_T08,2021-02-10,SPD,middle,0.431633
1359774800269426691,actor_T07,2021-02-11,CDU/CSU,middle,1.212658
1359978898281365512,actor_T35,2021-02-11,FDP,middle,-0.010848
1360147245493067778,actor_T32,2021-02-12,CDU/CSU,middle,1.412532
1360156968913108995,actor_T37,2021-02-12,AFD,right,0.757519
1360181988855062529,actor_T22,2021-02-12,AFD,right,-0.931973
1360185633323548674,actor_T17,2021-02-12,SPD,middle,0.040368
1360197658875412482,actor_T40,2021-02-12,FDP,middle,0.41477
1360234868974714882,actor_T13,2021-02-12,CDU/CSU,middle,0.452699
1360546915973287939,actor_T39,2021-02-13,SPD,middle,0.551816
1360575661593788418,actor_T03,2021-02-13,CDU/CSU,middle,-1.198299
1361564706771767301,actor_T32,2021-02-16,CDU/CSU,middle,-0.175624
1361681380044865536,actor_T18,2021-02-16,AFD,right,-0.353637
1361990179255418881,actor_T26,2021-02-17,CDU/CSU,middle,1.50312
1362046073875881986,actor_T23,2021-02-17,SPD,middle,1.333638
1362498499745611778,actor_T36,2021-02-18,Alliance 90/The Greens,middle,0.648247
1362656544308006913,actor_T39,2021-02-19,SPD,middle,0.221629
1362691568801619968,actor_T28,2021-02-19,FDP,middle,0.458949
1363085592976908288,actor_T06,2021-02-20,The Left Party,left,0.304799
1363248428273270792,actor_T25,2021-02-20,The Left Party,left,0.712186
1363408769837903873,actor_T31,2021-02-21,The Left Party,left,-0.623848
1363437264689324033,actor_T03,2021-02-21,CDU/CSU,middle,-1.729491
1363465420527849472,actor_T35,2021-02-21,FDP,middle,-0.013417
1363863268331315207,actor_T39,2021-02-22,SPD,middle,-0.148814
1364140706256814080,actor_T17,2021-02-23,SPD,middle,1.045805
1364496208874602496,actor_T40,2021-02-24,FDP,middle,1.240608
1364599980573544454,actor_T24,2021-02-24,AFD,right,1.076261
1364919194647724032,actor_T27,2021-02-25,CDU/CSU,middle,-0.114926
1365213773825527808,actor_T34,2021-02-26,The Left Party,left,1.000779
1365296417875632130,actor_T05,2021-02-26,SPD,middle,0.781509
1365373501717291013,actor_T15,2021-02-26,SPD,middle,0.085305
1365425905317863426,actor_T03,2021-02-26,CDU/CSU,middle,0.646592
1365593063423414273,actor_T19,2021-02-27,Alliance 90/The Greens,middle,0.132249
1365802092309475328,actor_T25,2021-02-27,The Left Party,left,-0.873418
1366070726650904579,actor_T37,2021-02-28,AFD,right,-0.510724
1366136093108805636,actor_T03,2021-02-28,CDU/CSU,middle,-0.438523
1366362731994095616,actor_T28,2021-03-01,FDP,middle,1.911226
1366385361761501186,actor_T33,2021-03-01,SPD,middle,0.108113
1366679785360027650,actor_T26,2021-03-02,CDU/CSU,middle,0.795736
1366753402294857731,actor_T35,2021-03-02,FDP,middle,0.216621
1366778714168639492,actor_T03,2021-03-02,CDU/CSU,middle,0.104394
1366789838658293763,actor_T07,2021-03-02,CDU/CSU,middle,1.051599
1366840757856968704,actor_T39,2021-03-02,SPD,middle,-1.108416
1367529648167542791,actor_T31,2021-03-04,The Left Party,left,0.419269
1367563322988634113,actor_T32,2021-03-04,CDU/CSU,middle,0.998908
1367768882719698945,actor_T20,2021-03-05,The Left Party,left,-0.319813
1367813826800979968,actor_T04,2021-03-05,AFD,right,0.509542
1367859224009654272,actor_T16,2021-03-05,The Left Party,left,0.254339
1367860417888944130,actor_T23,2021-03-05,SPD,middle,1.095118
1367906688376987657,actor_T35,2021-03-05,FDP,middle,0.501283
1368274044953460741,actor_T03,2021-03-06,CDU/CSU,middle,0.934736
1368291543757426688,actor_T39,2021-03-06,SPD,middle,-0.157271
1368594339434205185,actor_T13,2021-03-07,CDU/CSU,middle,1.288909
1368635114410942476,actor_T03,2021-03-07,CDU/CSU,middle,0.376184
1368895610200461312,actor_T01,2021-03-08,Alliance 90/The Greens,middle,-1.197854
1368917870659387397,actor_T25,2021-03-08,The Left Party,left,-0.473412
1369188006888882177,actor_T05,2021-03-09,SPD,middle,-0.438864
1369277447292747785,actor_T03,2021-03-09,CDU/CSU,middle,0.325576
1369342944726183937,actor_T40,2021-03-09,FDP,middle,-0.177611
1369590590921469954,actor_T03,2021-03-10,CDU/CSU,middle,0.403626
1369666104759582723,actor_T26,2021-03-10,CDU/CSU,middle,-1.429822
1369699840914042881,actor_T05,2021-03-10,SPD,middle,1.364332
1369757909668814851,actor_T15,2021-03-10,SPD,middle,-0.08162
1369778991800934408,actor_T28,2021-03-10,FDP,middle,0.006223
1369903396757594115,actor_T39,2021-03-11,SPD,middle,0.55203
1369908326495059968,actor_T33,2021-03-11,SPD,middle,-0.174581
1369934413522419715,actor_T03,2021-03-11,CDU/CSU,middle,0.961279
1370071914404794372,actor_T17,2021-03-11,SPD,middle,0.01276
1370355772777979908,actor_T14,2021-03-12,AFD,right,-1.105257
1370364714958663681,actor_T03,2021-03-12,CDU/CSU,middle,0.92244
1370443831729131521,actor_T39,2021-03-12,SPD,middle,0.447305
1370498417269608448,actor_T25,2021-03-12,The Left Party,left,0.535412
1370618453141389314,actor_T10,2021-03-13,SPD,middle,-0.774744
1370859691585253378,actor_T03,2021-03-13,CDU/CSU,middle,1.92735
1371063852763385861,actor_T34,2021-03-14,The Left Party,left,-0.651025
1371097736922152960,actor_T37,2021-03-14,AFD,right,-0.213755
1371122112962908166,actor_T03,2021-03-14,CDU/CSU,middle,-0.855596
1371740098199486471,actor_T15,2021-03-16,SPD,middle,-0.810398
1371828072350154766,actor_T39,2021-03-16,SPD,middle,-0.648137
1371865769953402882,actor_T26,2021-03-16,CDU/CSU,middle,0.29206
1372449225259225088,actor_T05,2021-03-18,SPD,middle,-0.583189
1372474462000578572,actor_T35,2021-03-18,FDP,middle,0.776367
1372826784098553857,actor_T23,2021-03-19,SPD,middle,0.798414
1372989597408501777,actor_T31,2021-03-19,The Left Party,left,-0.104133
1372991997196242946,actor_T32,2021-03-19,CDU/CSU,middle,-0.130987
1373033561968812039,actor_T03,2021-03-19,CDU/CSU,middle,0.979544
1373223321190477824,actor_T39,2021-03-20,SPD,middle,-2.008691
1373308872954351624,actor_T28,2021-03-20,FDP,middle,-0.009422
1373322770118021120,actor_T11,2021-03-20,Alliance 90/The Greens,middle,-0.559846
1373587595947610113,actor_T05,2021-03-21,SPD,middle,-0.045259
1373641566506606600,actor_T15,2021-03-21,SPD,middle,-0.456271
1373725617728937984,actor_T03,2021-03-21,CDU/CSU,middle,-0.076602
1374315909200932869,actor_T35,2021-03-23,FDP,middle,1.08173
1374325693090312192,actor_T39,2021-03-23,SPD,middle,-1.663366
1374464618496593940,actor_T25,2021-03-23,The Left Party,left,-0.286757
1374637892090404868,actor_T01,2021-03-24,Alliance 90/The Greens,middle,-0.483879
1374975612847292416,actor_T03,2021-03-25,CDU/CSU,middle,-0.81515
1374997549455699970,actor_T40,2021-03-25,FDP,middle,-0.304523
1375073010617614337,actor_T04,2021-03-25,AFD,right,-0.447086
1375110752495923209,actor_T03,2021-03-25,CDU/CSU,middle,0.860275
1375127911301255173,actor_T26,2021-03-25,CDU/CSU,middle,1.050168
1375343232599650304,actor_T07,2021-03-26,CDU/CSU,middle,1.454766
1375422037158723586,actor_T03,2021-03-26,CDU/CSU,middle,0.303538
1375456695162433540,actor_T22,2021-03-26,AFD,right,0.388057
1375809162257518592,actor_T17,2021-03-27,SPD,middle,-0.053982
1375811133567864841,actor_T39,2021-03-27,SPD,middle,0.00647
1375878688206643205,actor_T35,2021-03-27,FDP,middle,0.125098
1376095025982021632,actor_T03,2021-03-28,CDU/CSU,middle,2.635835
1376229603472244736,actor_T03,2021-03-28,CDU/CSU,middle,-0.587608
1376249975466827778,actor_T26,2021-03-28,CDU/CSU,middle,-0.034604
1376274337624391680,actor_T03,2021-03-28,CDU/CSU,middle,-0.498493
1376653020797222916,actor_T26,2021-03-29,CDU/CSU,middle,-0.167496
1376819712269692931,actor_T28,2021-03-30,FDP,middle,0.997237
1376918441957949448,actor_T32,2021-03-30,CDU/CSU,middle,1.490666
1376928188266348554,actor_T06,2021-03-30,The Left Party,left,1.905366
1376996587940032515,actor_T18,2021-03-30,AFD,right,0.397509
1377004999906111491,actor_T26,2021-03-30,CDU/CSU,middle,-0.050861
1377136106316066816,actor_T03,2021-03-31,CDU/CSU,middle,2.371036
1377180819182133257,actor_T37,2021-03-31,AFD,right,-1.47476
1377354734890147841,actor_T39,2021-03-31,SPD,middle,-0.998891
1377511721271705602,actor_T10,2021-04-01,SPD,middle,-0.306102
1377661805544288262,actor_T13,2021-04-01,CDU/CSU,middle,0.129392
1377670079261839380,actor_T23,2021-04-01,SPD,middle,0.16853
1377676795588313091,actor_T10,2021-04-01,SPD,middle,-0.609288
1377685278119301124,actor_T15,2021-04-01,SPD,middle,-0.342654
1377864420823535616,actor_T03,2021-04-02,CDU/CSU,middle,0.101948
1377940749149425667,actor_T05,2021-04-02,SPD,middle,0.385823
1378034114058665988,actor_T05,2021-04-02,SPD,middle,-0.722651
1378104680602071044,actor_T39,2021-04-02,SPD,middle,-0.864375
1378408385931010063,actor_T19,2021-04-03,Alliance 90/The Greens,middle,0.264429
1378611893682769920,actor_T03,2021-04-04,CDU/CSU,middle,0.327213
1378683161387937792,actor_T26,2021-04-04,CDU/CSU,middle,-0.413417
1378751475434786817,actor_T20,2021-04-04,The Left Party,left,0.221655
1378996389317906436,actor_T03,2021-04-05,CDU/CSU,middle,-0.373314
1379741606174162944,actor_T05,2021-04-07,SPD,middle,0.03181
1379822433239244802,actor_T34,2021-04-07,The Left Party,left,0.539423
1379874983665672193,actor_T39,2021-04-07,SPD,middle,-1.340618
1380438165257879554,actor_T03,2021-04-09,CDU/CSU,middle,1.430018
1380532416130002944,actor_T03,2021-04-09,CDU/CSU,middle,0.142143
1380554220135452677,actor_T39,2021-04-09,SPD,middle,0.195336
1380597879820156936,actor_T17,2021-04-09,SPD,middle,-0.715582
1380745119377338370,actor_T35,2021-04-10,FDP,middle,0.532611
1380780389267087360,actor_T10,2021-04-10,SPD,middle,-0.009546
1380836426342883328,actor_T11,2021-04-10,Alliance 90/The Greens,middle,0.569476
1380920283608023044,actor_T40,2021-04-10,FDP,middle,0.42334
1380930491013079041,actor_T39,2021-04-10,SPD,middle,-0.122579
1381221337272881158,actor_T39,2021-04-11,SPD,middle,0.046481
1381288996999946241,actor_T10,2021-04-11,SPD,middle,-0.581467
1381547653784342529,actor_T03,2021-04-12,CDU/CSU,middle,0.460475
1381561909271465993,actor_T25,2021-04-12,The Left Party,left,0.097725
1381632231500840964,actor_T33,2021-04-12,SPD,middle,1.326979
1381686459447529473,actor_T03,2021-04-12,CDU/CSU,middle,0.111562
1381960353127497728,actor_T20,2021-04-13,The Left Party,left,0.541397
1382011607639859201,actor_T10,2021-04-13,SPD,middle,-0.219121
1382071105511424003,actor_T03,2021-04-13,CDU/CSU,middle,0.976714
1382212359452823552,actor_T28,2021-04-14,FDP,middle,0.235916
1382249054550261762,actor_T31,2021-04-14,The Left Party,left,-0.0824
1382273170464456705,actor_T39,2021-04-14,SPD,middle,0.860192
1382287043959664641,actor_T05,2021-04-14,SPD,middle,-0.179187
1382338447441068034,actor_T22,2021-04-14,AFD,right,-0.200992
1382417990436728836,actor_T08,2021-04-14,SPD,middle,-1.120805
1382627263766790144,actor_T39,2021-04-15,SPD,middle,-0.379412
1382657341762514944,actor_T03,2021-04-15,CDU/CSU,middle,0.224789
1382944816330379266,actor_T05,2021-04-16,SPD,middle,0.669871
1382948230896484352,actor_T05,2021-04-16,SPD,middle,0.92292
1382954908102635520,actor_T05,2021-04-16,SPD,middle,0.076267
1383012061769261057,actor_T15,2021-04-16,SPD,middle,-0.852622
1383054733108199427,actor_T09,2021-04-16,The Left Party,left,-0.834847
1383162707168362504,actor_T03,2021-04-16,CDU/CSU,middle,0.9385
1383326196365074439,actor_T10,2021-04-17,SPD,middle,-0.813812
1383336398564958219,actor_T35,2021-04-17,FDP,middle,0.511893
1383431434665218056,actor_T32,2021-04-17,CDU/CSU,middle,-0.473575
1383485481711661062,actor_T32,2021-04-17,CDU/CSU,middle,0.286827
1383498674911678470,actor_T25,2021-04-17,The Left Party,left,-1.422721
1383524774664556556,actor_T20,2021-04-17,The Left Party,left,0.402555
1384069844639780865,actor_T03,2021-04-19,CDU/CSU,middle,-0.000438
1384083861856870402,actor_T23,2021-04-19,SPD,middle,-0.596623
1384108528089001986,actor_T04,2021-04-19,AFD,right,-0.327228
1384119391021797379,actor_T24,2021-04-19,AFD,right,-0.810498
1384384328403243010,actor_T10,2021-04-20,SPD,middle,-1.151346
1384437169956208644,actor_T39,2021-04-20,SPD,middle,0.070944
1384580444574920707,actor_T01,2021-04-20,Alliance 90/The Greens,middle,-0.714744
1384603105547927554,actor_T26,2021-04-20,CDU/CSU,middle,1.164797
1384743736920395776,actor_T03,2021-04-21,CDU/CSU,middle,-1.858482
1384749491073454080,actor_T03,2021-04-21,CDU/CSU,middle,-0.636239
1385132804279832577,actor_T30,2021-04-22,FDP,middle,-0.006042
1385213788065050628,actor_T03,2021-04-22,CDU/CSU,middle,-0.280083
1385221008265785353,actor_T37,2021-04-22,AFD,right,0.353528
1385510485576069120,actor_T40,2021-04-23,FDP,middle,-0.896107
1385720480125030401,actor_T25,2021-04-23,The Left Party,left,0.14101
1386012686350229513,actor_T05,2021-04-24,SPD,middle,0.381505
1386055528502210563,actor_T03,2021-04-24,CDU/CSU,middle,1.324577
1386238423913095168,actor_T39,2021-04-25,SPD,middle,0.874208
1386248101820837891,actor_T23,2021-04-25,SPD,middle,0.892134
1386296642173874177,actor_T05,2021-04-25,SPD,middle,0.048962
1386315070548942856,actor_T20,2021-04-25,The Left Party,left,0.479599
1386416318862217216,actor_T10,2021-04-25,SPD,middle,-0.387604
1386615645526167554,actor_T03,2021-04-26,CDU/CSU,middle,1.321137
1386768319244611584,actor_T13,2021-04-26,CDU/CSU,middle,0.633457
1387053631065640965,actor_T19,2021-04-27,Alliance 90/The Greens,middle,0.0788
1387091328635260929,actor_T34,2021-04-27,The Left Party,left,-0.344974
1387469231437062151,actor_T16,2021-04-28,The Left Party,left,0.411374
1387486679993303043,actor_T03,2021-04-28,CDU/CSU,middle,0.223084
1387658737599537154,actor_T03,2021-04-29,CDU/CSU,middle,0.326297
1387662699056795650,actor_T17,2021-04-29,SPD,middle,0.762682
1387706722559610885,actor_T33,2021-04-29,SPD,middle,0.539873
1387751733175193602,actor_T39,2021-04-29,SPD,middle,0.242108
1387854215809228800,actor_T03,2021-04-29,CDU/CSU,middle,0.839657
1388075213858951179,actor_T05,2021-04-30,SPD,middle,-0.491859
1388416048840560641,actor_T29,2021-05-01,The Left Party,left,0.160273
1388636586187894785,actor_T25,2021-05-01,The Left Party,left,0.447582
1388931601678147585,actor_T36,2021-05-02,Alliance 90/The Greens,middle,-0.13169
1389106375586992131,actor_T01,2021-05-03,Alliance 90/The Greens,middle,0.435178
1389110781451673603,actor_T03,2021-05-03,CDU/CSU,middle,1.92364
1389113821441241091,actor_T39,2021-05-03,SPD,middle,0.549874
1389189199132250113,actor_T22,2021-05-03,AFD,right,1.474646
1389307302323359747,actor_T15,2021-05-03,SPD,middle,0.884861
1389460960893706240,actor_T32,2021-05-04,CDU/CSU,middle,-0.486291
1389486977918062594,actor_T27,2021-05-04,CDU/CSU,middle,-0.87133
1389516399182323715,actor_T05,2021-05-04,SPD,middle,1.096839
1389516401879261184,actor_T05,2021-05-04,SPD,middle,0.659877
1389536566813601793,actor_T04,2021-05-04,AFD,right,0.223166
1389609462034583558,actor_T05,2021-05-04,SPD,middle,0.85048
1389609462034583558,actor_T05,2021-05-04,SPD,middle,0.85048
1389861455059636224,actor_T31,2021-05-05,The Left Party,left,-0.354049
1389923670475354113,actor_T05,2021-05-05,SPD,middle,1.072148
1389985212042551300,actor_T39,2021-05-05,SPD,middle,-0.662738
1389989984652906497,actor_T28,2021-05-05,FDP,middle,0.051087
1390249072725004290,actor_T35,2021-05-06,FDP,middle,1.106492
1390265394796056576,actor_T05,2021-05-06,SPD,middle,-0.505838
1390278173963784193,actor_T40,2021-05-06,FDP,middle,-0.261494
1390289882388512771,actor_T20,2021-05-06,The Left Party,left,-0.169787
1390401010187837453,actor_T07,2021-05-06,CDU/CSU,middle,1.178619
1390580736315568128,actor_T24,2021-05-07,AFD,right,0.437662
1390592031140065280,actor_T25,2021-05-07,The Left Party,left,-1.164736
1390624777325453314,actor_T23,2021-05-07,SPD,middle,0.211287
1390680537153540097,actor_T33,2021-05-07,SPD,middle,0.227064
1390682179915616259,actor_T26,2021-05-07,CDU/CSU,middle,0.044991
1390692183972458496,actor_T37,2021-05-07,AFD,right,1.357892
1390756381549109253,actor_T19,2021-05-07,Alliance 90/The Greens,middle,-1.122168
1390945950521335812,actor_T39,2021-05-08,SPD,middle,-0.321018
1391020263043739648,actor_T26,2021-05-08,CDU/CSU,middle,0.189043
1391323186751496193,actor_T10,2021-05-09,SPD,middle,-1.038148
1391341287845023746,actor_T05,2021-05-09,SPD,middle,-0.303182
1391749037536301067,actor_T09,2021-05-10,The Left Party,left,-0.522366
1391814000724299795,actor_T25,2021-05-10,The Left Party,left,0.160205
1392041074210844677,actor_T03,2021-05-11,CDU/CSU,middle,-0.968958
1392185998776356866,actor_T39,2021-05-11,SPD,middle,-1.656732
1392718159203942404,actor_T35,2021-05-13,FDP,middle,0.540558
1392732206083321856,actor_T03,2021-05-13,CDU/CSU,middle,-0.369685
1393526501417553926,actor_T02,2021-05-15,FDP,middle,-0.374455
1393594232556900354,actor_T30,2021-05-15,FDP,middle,-0.889955
1393620496936226824,actor_T03,2021-05-15,CDU/CSU,middle,0.218123
1393661102366547968,actor_T40,2021-05-15,FDP,middle,0.71638
1393863496232800260,actor_T39,2021-05-16,SPD,middle,-0.25539
1393863669046460418,actor_T11,2021-05-16,Alliance 90/The Greens,middle,0.055804
1393951069458378753,actor_T05,2021-05-16,SPD,middle,1.022181
1394016247885488129,actor_T10,2021-05-16,SPD,middle,-0.900126
1394185299769634817,actor_T26,2021-05-17,CDU/CSU,middle,-0.509082
1394196392239943681,actor_T03,2021-05-17,CDU/CSU,middle,0.754315
1394363662656319488,actor_T28,2021-05-17,FDP,middle,1.256396
1394725675278426114,actor_T03,2021-05-18,CDU/CSU,middle,-0.205
1394726390247854086,actor_T31,2021-05-18,The Left Party,left,-1.490588
1395046724784332810,actor_T18,2021-05-19,AFD,right,0.353278
1395089407615676423,actor_T33,2021-05-19,SPD,middle,0.290931
1395092035649081349,actor_T39,2021-05-19,SPD,middle,-0.417703
1395263997797093383,actor_T32,2021-05-20,CDU/CSU,middle,-1.355494
1395372784629555200,actor_T13,2021-05-20,CDU/CSU,middle,1.004447
1395430366484258825,actor_T19,2021-05-20,Alliance 90/The Greens,middle,0.113659
1395769192117415942,actor_T17,2021-05-21,SPD,middle,0.802381
1396020798230519812,actor_T10,2021-05-22,SPD,middle,0.558534
1396037696154386432,actor_T35,2021-05-22,FDP,middle,0.543201
1396495426665263112,actor_T25,2021-05-23,The Left Party,left,-0.265708
1396521653371342849,actor_T28,2021-05-23,FDP,middle,0.236695
1396737372247691264,actor_T05,2021-05-24,SPD,middle,0.128663
1396837871936577536,actor_T39,2021-05-24,SPD,middle,-0.364194
1397144040978755590,actor_T37,2021-05-25,AFD,right,0.553929
1397155015937118210,actor_T22,2021-05-25,AFD,right,0.018276
1397156838215405572,actor_T34,2021-05-25,The Left Party,left,0.119848
1397284912596758531,actor_T23,2021-05-25,SPD,middle,0.02894
1397463110307483649,actor_T01,2021-05-26,Alliance 90/The Greens,middle,0.018016
1397465773170466816,actor_T15,2021-05-26,SPD,middle,-1.35004
1397472622108098569,actor_T03,2021-05-26,CDU/CSU,middle,1.795086
1397529398434275337,actor_T05,2021-05-26,SPD,middle,0.535218
1397611092197642240,actor_T05,2021-05-26,SPD,middle,1.122328
1397655644501577742,actor_T06,2021-05-26,The Left Party,left,-0.296885
1397992470714236930,actor_T31,2021-05-27,The Left Party,left,-0.894414
1398188816918323202,actor_T07,2021-05-28,CDU/CSU,middle,1.319981
1398510541468020739,actor_T11,2021-05-29,Alliance 90/The Greens,middle,0.126736
1398634905173737472,actor_T39,2021-05-29,SPD,middle,-0.45245
1398937582461915144,actor_T26,2021-05-30,CDU/CSU,middle,1.007146
1399401938257580037,actor_T24,2021-05-31,AFD,right,-1.321517
1399680043023056898,actor_T28,2021-06-01,FDP,middle,1.06272
1399681168904228868,actor_T10,2021-06-01,SPD,middle,-0.645678
1399717411167801348,actor_T22,2021-06-01,AFD,right,1.529848
1400018148305297408,actor_T32,2021-06-02,CDU/CSU,middle,0.873403
1400051215996755969,actor_T05,2021-06-02,SPD,middle,-0.611513
1400078660032413705,actor_T22,2021-06-02,AFD,right,0.214276
1400360459992240129,actor_T19,2021-06-03,Alliance 90/The Greens,middle,-0.633916
1400899606532218881,actor_T05,2021-06-04,SPD,middle,0.057055
1400904386679824387,actor_T25,2021-06-04,The Left Party,left,-0.973893
1401151155837845507,actor_T05,2021-06-05,SPD,middle,0.611096
1401194762405879811,actor_T20,2021-06-05,The Left Party,left,0.180195
1401210806012989440,actor_T39,2021-06-05,SPD,middle,-0.618551
1401402803633934340,actor_T05,2021-06-06,SPD,middle,0.578553
1401472419689283590,actor_T17,2021-06-06,SPD,middle,-0.537694
1401604125746470927,actor_T40,2021-06-06,FDP,middle,-0.484254
1401813816657297410,actor_T27,2021-06-07,CDU/CSU,middle,-0.588165
1401833620290015232,actor_T25,2021-06-07,The Left Party,left,0.398581
1401848417375096836,actor_T02,2021-06-07,FDP,middle,0.25564
1402184935495114754,actor_T05,2021-06-08,SPD,middle,-0.956268
1402331423122636802,actor_T05,2021-06-08,SPD,middle,-0.501424
1402591767007014914,actor_T01,2021-06-09,Alliance 90/The Greens,middle,0.636197
1402624166797496324,actor_T04,2021-06-09,AFD,right,-0.174715
1402968280831303683,actor_T33,2021-06-10,SPD,middle,0.577485
1403103165701103621,actor_T25,2021-06-10,The Left Party,left,0.378727
1403271087249575937,actor_T24,2021-06-11,AFD,right,0.185
1403323028981923846,actor_T10,2021-06-11,SPD,middle,-1.306128
1403585247883763714,actor_T05,2021-06-12,SPD,middle,0.439717
1403674853715197954,actor_T02,2021-06-12,FDP,middle,-0.540411
1403679444158529537,actor_T31,2021-06-12,The Left Party,left,-0.973265
1403685989533589506,actor_T39,2021-06-12,SPD,middle,1.052789
1403704331291987971,actor_T19,2021-06-12,Alliance 90/The Greens,middle,0.107819
1403709231300239361,actor_T11,2021-06-12,Alliance 90/The Greens,middle,-0.049346
1403716413693562888,actor_T10,2021-06-12,SPD,middle,0.291379
1403810933307232262,actor_T40,2021-06-12,FDP,middle,-0.302859
1404040052259360768,actor_T10,2021-06-13,SPD,middle,-0.40285
1404332346300669953,actor_T05,2021-06-14,SPD,middle,-0.814553
1404351068495044608,actor_T28,2021-06-14,FDP,middle,-0.81392
1404552851775438849,actor_T25,2021-06-14,The Left Party,left,-0.052516
1404822679635566595,actor_T13,2021-06-15,CDU/CSU,middle,0.535283
1404830279680864258,actor_T01,2021-06-15,Alliance 90/The Greens,middle,1.30418
1404848383714549769,actor_T39,2021-06-15,SPD,middle,0.278527
1404902218185195523,actor_T17,2021-06-15,SPD,middle,-0.155743
1405225315035668491,actor_T32,2021-06-16,CDU/CSU,middle,0.088221
1405301030582169604,actor_T02,2021-06-16,FDP,middle,-0.993175
1405534308656324610,actor_T35,2021-06-17,FDP,middle,0.699872
1405850009896112129,actor_T39,2021-06-18,SPD,middle,-0.711241
1405888871162843150,actor_T37,2021-06-18,AFD,right,-0.805862
1405919778875887619,actor_T34,2021-06-18,The Left Party,left,0.184607
1405935842955337737,actor_T10,2021-06-18,SPD,middle,-0.916908
1406176937228242947,actor_T25,2021-06-19,The Left Party,left,-0.108955
1406377868800802824,actor_T02,2021-06-19,FDP,middle,-0.697526
1406676957706735620,actor_T26,2021-06-20,CDU/CSU,middle,1.074921
1406897623328505859,actor_T11,2021-06-21,Alliance 90/The Greens,middle,0.668691
1406946497896255489,actor_T24,2021-06-21,AFD,right,0.138548
1407036952193470464,actor_T05,2021-06-21,SPD,middle,-0.412419
1407437226162724864,actor_T39,2021-06-22,SPD,middle,0.257797
1407561973282349056,actor_T05,2021-06-23,SPD,middle,-0.092687
1407588852617912320,actor_T05,2021-06-23,SPD,middle,0.604095
1407699565394935809,actor_T07,2021-06-23,CDU/CSU,middle,0.666187
1408039704000409605,actor_T02,2021-06-24,FDP,middle,0.132734
1408142837401726978,actor_T32,2021-06-24,CDU/CSU,middle,-0.688123
1408184161400147969,actor_T19,2021-06-24,Alliance 90/The Greens,middle,0.38882
1408347113310859266,actor_T25,2021-06-25,The Left Party,left,0.158027
1408380757765246978,actor_T35,2021-06-25,FDP,middle,-0.326913
1408410024179814401,actor_T39,2021-06-25,SPD,middle,-0.630207
1408421507332816900,actor_T09,2021-06-25,The Left Party,left,-0.822832
1408511767161024513,actor_T15,2021-06-25,SPD,middle,-0.599063
1408819511239790597,actor_T40,2021-06-26,FDP,middle,0.526162
1409075899039993856,actor_T17,2021-06-27,SPD,middle,-1.041942
1409095019307405312,actor_T28,2021-06-27,FDP,middle,-1.36615
1409158594650595331,actor_T05,2021-06-27,SPD,middle,-0.707115
1409846068175675392,actor_T18,2021-06-29,AFD,right,1.291052
1409862030853652481,actor_T33,2021-06-29,SPD,middle,0.068498
1409934316398907395,actor_T04,2021-06-29,AFD,right,-1.37923
1409945363948134401,actor_T24,2021-06-29,AFD,right,-0.857613
1409958122081460231,actor_T02,2021-06-29,FDP,middle,-0.743095
1410214013196189697,actor_T26,2021-06-30,CDU/CSU,middle,1.169668
1410239362835615745,actor_T02,2021-06-30,FDP,middle,-0.382547
1410353544516018176,actor_T02,2021-06-30,FDP,middle,-0.104256
1410458162688368645,actor_T11,2021-07-01,Alliance 90/The Greens,middle,1.168885
1410611918348296201,actor_T19,2021-07-01,Alliance 90/The Greens,middle,-0.002132
1410707317109239814,actor_T23,2021-07-01,SPD,middle,-0.902386
1410913374796460032,actor_T02,2021-07-02,FDP,middle,-0.387781
1411222740304945155,actor_T05,2021-07-03,SPD,middle,0.064025
1411281637447512067,actor_T02,2021-07-03,FDP,middle,-0.65585
1411305936799649792,actor_T32,2021-07-03,CDU/CSU,middle,0.489354
1411401029296533504,actor_T25,2021-07-03,The Left Party,left,-0.238809
1411410964130545664,actor_T02,2021-07-03,FDP,middle,-0.706998
1411706761246085126,actor_T02,2021-07-04,FDP,middle,-0.810634
1411824572068995074,actor_T02,2021-07-04,FDP,middle,0.170318
1411904638656421894,actor_T28,2021-07-05,FDP,middle,1.380403
1412111736153559041,actor_T02,2021-07-05,FDP,middle,-0.660267
1412336011640705025,actor_T02,2021-07-06,FDP,middle,-0.328858
1412338657219026944,actor_T14,2021-07-06,AFD,right,-0.692672
1412747092704083973,actor_T01,2021-07-07,Alliance 90/The Greens,middle,-0.670585
1412766305355243520,actor_T02,2021-07-07,FDP,middle,-0.500301
1413106581038899203,actor_T31,2021-07-08,The Left Party,left,0.011611
1413376427588734978,actor_T40,2021-07-09,FDP,middle,-0.52117
1413442263615639553,actor_T34,2021-07-09,The Left Party,left,-0.825426
1413442638569635840,actor_T19,2021-07-09,Alliance 90/The Greens,middle,1.868838
1413490656048140290,actor_T02,2021-07-09,FDP,middle,-0.842973
1413536357805330437,actor_T37,2021-07-09,AFD,right,-0.663366
1413561026633678851,actor_T05,2021-07-09,SPD,middle,0.423613
1413591519932600328,actor_T05,2021-07-09,SPD,middle,0.780986
1413774463808643074,actor_T10,2021-07-10,SPD,middle,-1.406173
1413835702656282626,actor_T17,2021-07-10,SPD,middle,-0.109805
1413898104739450880,actor_T25,2021-07-10,The Left Party,left,0.422394
1414293636414676999,actor_T02,2021-07-11,FDP,middle,-1.142613
1414346151013273600,actor_T05,2021-07-11,SPD,middle,-0.311361
1414349853975535621,actor_T13,2021-07-11,CDU/CSU,middle,-1.241869
1414600261738369029,actor_T28,2021-07-12,FDP,middle,3.043438
1414692231546560513,actor_T02,2021-07-12,FDP,middle,0.064648
1414836927849771009,actor_T05,2021-07-13,SPD,middle,-0.552599
1414924925052334080,actor_T03,2021-07-13,CDU/CSU,middle,1.007979
1415208937226391552,actor_T32,2021-07-14,CDU/CSU,middle,0.334038
1415240917519376385,actor_T05,2021-07-14,SPD,middle,-0.152245
1415255994830106625,actor_T02,2021-07-14,FDP,middle,0.314013
1415586492177596420,actor_T11,2021-07-15,Alliance 90/The Greens,middle,0.158213
1415589181959573505,actor_T19,2021-07-15,Alliance 90/The Greens,middle,0.457926
1415675868832092161,actor_T26,2021-07-15,CDU/CSU,middle,1.54245
1415683673429483527,actor_T02,2021-07-15,FDP,middle,-1.327493
1416081975350374402,actor_T33,2021-07-16,SPD,middle,0.973876
1416658325698236417,actor_T02,2021-07-18,FDP,middle,0.102712
1416863770673025031,actor_T25,2021-07-18,The Left Party,left,-0.525863
1417085353270317057,actor_T17,2021-07-19,SPD,middle,-1.202574
1417086325501665282,actor_T39,2021-07-19,SPD,middle,0.193391
1417255967805353986,actor_T02,2021-07-19,FDP,middle,0.93087
1417360232511049728,actor_T27,2021-07-20,CDU/CSU,middle,-0.297912
1417438370796642304,actor_T02,2021-07-20,FDP,middle,-0.44798
1417480767517741065,actor_T20,2021-07-20,The Left Party,left,0.78999
1417726641531498496,actor_T32,2021-07-21,CDU/CSU,middle,0.931042
1417763561057751041,actor_T04,2021-07-21,AFD,right,0.264565
1417857765503012865,actor_T02,2021-07-21,FDP,middle,1.794261
1417938381921832963,actor_T25,2021-07-21,The Left Party,left,0.618322
1418154897929871360,actor_T05,2021-07-22,SPD,middle,-1.599948
1418498040109875202,actor_T02,2021-07-23,FDP,middle,0.679846
1418821183622025216,actor_T35,2021-07-24,FDP,middle,0.084172
1419011385946738689,actor_T23,2021-07-24,SPD,middle,-0.501508
1419074993288273926,actor_T02,2021-07-24,FDP,middle,-0.779938
1419205331616473092,actor_T40,2021-07-25,FDP,middle,1.099228
1419220048582004738,actor_T17,2021-07-25,SPD,middle,-1.349474
1419383099759136768,actor_T28,2021-07-25,FDP,middle,1.713912
1419593671788355586,actor_T02,2021-07-26,FDP,middle,0.259927
1419608979534192643,actor_T25,2021-07-26,The Left Party,left,-0.370693
1419744774786007046,actor_T03,2021-07-26,CDU/CSU,middle,1.046184
1420011258317783040,actor_T19,2021-07-27,Alliance 90/The Greens,middle,-0.062798
1420136937982210051,actor_T02,2021-07-27,FDP,middle,-0.895936
1420348170010251264,actor_T24,2021-07-28,AFD,right,-0.945842
1420691135371091969,actor_T02,2021-07-29,FDP,middle,0.352841
1421032247679983622,actor_T32,2021-07-30,CDU/CSU,middle,0.215198
1421043496656506881,actor_T16,2021-07-30,The Left Party,left,-0.270014
1421249124498911232,actor_T31,2021-07-30,The Left Party,left,0.209478
1421355089248260097,actor_T37,2021-07-31,AFD,right,0.126936
1421377217213370368,actor_T11,2021-07-31,Alliance 90/The Greens,middle,1.127503
1421383740060798983,actor_T11,2021-07-31,Alliance 90/The Greens,middle,0.348312
1421388726333329413,actor_T11,2021-07-31,Alliance 90/The Greens,middle,0.074395
1421393899785015296,actor_T11,2021-07-31,Alliance 90/The Greens,middle,0.531698
1421405020445151238,actor_T18,2021-07-31,AFD,right,-0.419748
1421688258266865672,actor_T02,2021-08-01,FDP,middle,-0.336893
1421928790628917249,actor_T25,2021-08-01,The Left Party,left,0.027785
1422064833562828803,actor_T10,2021-08-02,SPD,middle,0.02155
1422258351736492038,actor_T02,2021-08-02,FDP,middle,1.871745
1422287711621238785,actor_T02,2021-08-02,FDP,middle,-1.410994
1422451956472328192,actor_T34,2021-08-03,The Left Party,left,0.447282
1422481723418349591,actor_T02,2021-08-03,FDP,middle,-0.615637
1422527565550526467,actor_T05,2021-08-03,SPD,middle,0.262005
1422580121991585793,actor_T06,2021-08-03,The Left Party,left,0.518915
1422617507169439750,actor_T05,2021-08-03,SPD,middle,0.23298
1422636367448875009,actor_T02,2021-08-03,FDP,middle,-0.703781
1422975022436585475,actor_T26,2021-08-04,CDU/CSU,middle,1.280522
1422988054441115649,actor_T02,2021-08-04,FDP,middle,0.359923
1423553521304080384,actor_T11,2021-08-06,Alliance 90/The Greens,middle,-0.529061
1423626708989718532,actor_T02,2021-08-06,FDP,middle,1.245944
1423693464546553862,actor_T25,2021-08-06,The Left Party,left,-0.149577
1423695224740663307,actor_T17,2021-08-06,SPD,middle,-0.17976
1423935676576411649,actor_T28,2021-08-07,FDP,middle,-0.269198
1423989752013889539,actor_T40,2021-08-07,FDP,middle,0.397649
1424101894465720321,actor_T02,2021-08-07,FDP,middle,0.063835
1424384909091786762,actor_T13,2021-08-08,CDU/CSU,middle,-0.404847
1424398715121508360,actor_T25,2021-08-08,The Left Party,left,-0.456268
1424621022121271297,actor_T01,2021-08-09,Alliance 90/The Greens,middle,0.202701
1424649930191351811,actor_T02,2021-08-09,FDP,middle,-0.437483
1424669329233154049,actor_T33,2021-08-09,SPD,middle,1.620473
1424749969068679170,actor_T36,2021-08-09,Alliance 90/The Greens,middle,0.283773
1424772613100933122,actor_T02,2021-08-09,FDP,middle,0.131907
1425008061605896211,actor_T24,2021-08-10,AFD,right,0.566311
1425061831912136709,actor_T32,2021-08-10,CDU/CSU,middle,0.600245
1425174989343440901,actor_T04,2021-08-10,AFD,right,1.222804
1425177033253048328,actor_T07,2021-08-10,CDU/CSU,middle,0.39937
1425457566461702153,actor_T11,2021-08-11,Alliance 90/The Greens,middle,0.684689
1425735016542318595,actor_T25,2021-08-12,The Left Party,left,-0.085239
1425878610561404932,actor_T02,2021-08-12,FDP,middle,0.157562
1426100094504472576,actor_T10,2021-08-13,SPD,middle,-1.232526
1426160436978851840,actor_T17,2021-08-13,SPD,middle,-0.547263
1426259441276567557,actor_T02,2021-08-13,FDP,middle,-0.613953
1426326561280692224,actor_T26,2021-08-13,CDU/CSU,middle,0.143686
1426408241345359873,actor_T01,2021-08-14,Alliance 90/The Greens,middle,0.016904
1426501882617516032,actor_T35,2021-08-14,FDP,middle,-0.128059
1426963543727955979,actor_T40,2021-08-15,FDP,middle,-0.450068
1426987591451254785,actor_T40,2021-08-15,FDP,middle,1.277418
1427143157410582529,actor_T04,2021-08-16,AFD,right,0.109316
1427249791063535616,actor_T22,2021-08-16,AFD,right,-0.345364
1427321869607264259,actor_T03,2021-08-16,CDU/CSU,middle,0.319285
1427346892992745474,actor_T16,2021-08-16,The Left Party,left,-0.023503
1427353553845297157,actor_T02,2021-08-16,FDP,middle,-0.259294
1427414432003547136,actor_T31,2021-08-16,The Left Party,left,-0.451043
1427537792524038145,actor_T19,2021-08-17,Alliance 90/The Greens,middle,0.380053
1427570060739108878,actor_T16,2021-08-17,The Left Party,left,-0.898232
1427593744015142914,actor_T16,2021-08-17,The Left Party,left,-0.828156
1427615447378239491,actor_T16,2021-08-17,The Left Party,left,0.293586
1427670340487024640,actor_T17,2021-08-17,SPD,middle,-0.632647
1427689418480095243,actor_T39,2021-08-17,SPD,middle,0.759877
1427689636697100288,actor_T16,2021-08-17,The Left Party,left,0.674901
1427743675547799556,actor_T37,2021-08-17,AFD,right,0.017873
1427892906027855875,actor_T01,2021-08-18,Alliance 90/The Greens,middle,0.522179
1427897892879089666,actor_T28,2021-08-18,FDP,middle,0.61349
1427930033839132672,actor_T16,2021-08-18,The Left Party,left,-0.763901
1428061209119633410,actor_T16,2021-08-18,The Left Party,left,-0.218137
1428320769570918402,actor_T02,2021-08-19,FDP,middle,-0.134461
1428461527116484615,actor_T25,2021-08-19,The Left Party,left,-0.09881
1428725359982350340,actor_T09,2021-08-20,The Left Party,left,-0.470303
1428815730863136768,actor_T03,2021-08-20,CDU/CSU,middle,-0.047998
1428990031167991809,actor_T01,2021-08-21,Alliance 90/The Greens,middle,0.365806
1429084497027473412,actor_T32,2021-08-21,CDU/CSU,middle,-0.656365
1429540712727654403,actor_T16,2021-08-22,The Left Party,left,0.636014
1429692031878766592,actor_T03,2021-08-23,CDU/CSU,middle,1.003356
1429785908748894211,actor_T17,2021-08-23,SPD,middle,0.59191
1429855107718471687,actor_T39,2021-08-23,SPD,middle,0.861304
1430040552989503500,actor_T10,2021-08-24,SPD,middle,-0.329251
1430139203074068482,actor_T23,2021-08-24,SPD,middle,-0.110815
1430149658920341550,actor_T22,2021-08-24,AFD,right,0.878333
1430204934377680898,actor_T02,2021-08-24,FDP,middle,-0.661913
1430209587035115523,actor_T28,2021-08-24,FDP,middle,-0.735572
1430265061856133125,actor_T25,2021-08-24,The Left Party,left,-0.138379
1430302753507655684,actor_T36,2021-08-24,Alliance 90/The Greens,middle,0.142274
1430488162615402503,actor_T01,2021-08-25,Alliance 90/The Greens,middle,-0.33187
1430536757058195458,actor_T15,2021-08-25,SPD,middle,0.412152
1430601396966117378,actor_T10,2021-08-25,SPD,middle,-0.273126
1430622457136824324,actor_T35,2021-08-25,FDP,middle,-0.389885
1430871914948571137,actor_T32,2021-08-26,CDU/CSU,middle,0.123257
1431000532630622209,actor_T25,2021-08-26,The Left Party,left,-0.038186
1431111228210954241,actor_T04,2021-08-27,AFD,right,0.79371
1431391901916221444,actor_T26,2021-08-27,CDU/CSU,middle,-0.257222
1431592768850309120,actor_T11,2021-08-28,Alliance 90/The Greens,middle,-0.151526
1431610522160570374,actor_T20,2021-08-28,The Left Party,left,0.52761
1431693408205217794,actor_T39,2021-08-28,SPD,middle,-0.388489
1431701425235574793,actor_T02,2021-08-28,FDP,middle,-0.327628
1431956608343478279,actor_T05,2021-08-29,SPD,middle,0.653896
1431957209014054919,actor_T05,2021-08-29,SPD,middle,-0.347726
1432010450875523075,actor_T10,2021-08-29,SPD,middle,-0.4535
1432044322908688384,actor_T33,2021-08-29,SPD,middle,-0.985023
1432051361953234948,actor_T13,2021-08-29,CDU/CSU,middle,0.450274
1432055208796950528,actor_T05,2021-08-29,SPD,middle,-0.644218
1432061344694550529,actor_T05,2021-08-29,SPD,middle,0.134586
1432064437503107073,actor_T05,2021-08-29,SPD,middle,-1.254461
1432070140213010434,actor_T05,2021-08-29,SPD,middle,-0.973842
1432463757888925718,actor_T10,2021-08-30,SPD,middle,-0.366471
1432608632638672899,actor_T31,2021-08-31,The Left Party,left,0.128312
1432693118197977088,actor_T02,2021-08-31,FDP,middle,-0.315676
1432700119913308163,actor_T10,2021-08-31,SPD,middle,-0.90404
1432731580393480193,actor_T26,2021-08-31,CDU/CSU,middle,-0.116932
1432753140093358082,actor_T05,2021-08-31,SPD,middle,0.955922
1433024874671452163,actor_T01,2021-09-01,Alliance 90/The Greens,middle,-0.067141
1433026549276717059,actor_T40,2021-09-01,FDP,middle,1.131004
1433030423664341000,actor_T23,2021-09-01,SPD,middle,-0.089036
1433069643388882946,actor_T11,2021-09-01,Alliance 90/The Greens,middle,-1.013359
1433336723937824769,actor_T17,2021-09-02,SPD,middle,-0.132426
1433700065093242882,actor_T19,2021-09-03,Alliance 90/The Greens,middle,0.392205
1433760084992090151,actor_T10,2021-09-03,SPD,middle,0.783987
1433792411071881218,actor_T32,2021-09-03,CDU/CSU,middle,-0.068694
1433901429501140995,actor_T16,2021-09-03,The Left Party,left,-0.412802
1434103767297925124,actor_T34,2021-09-04,The Left Party,left,0.247187
1434128950138220545,actor_T37,2021-09-04,AFD,right,-1.194068
1434142600563417090,actor_T28,2021-09-04,FDP,middle,0.705936
1434179933337800704,actor_T02,2021-09-04,FDP,middle,-0.132737
1434193756803190790,actor_T20,2021-09-04,The Left Party,left,0.137347
1434237157930115072,actor_T10,2021-09-04,SPD,middle,-1.275554
1434466916798709761,actor_T10,2021-09-05,SPD,middle,-0.994384
1434935775989219333,actor_T18,2021-09-06,AFD,right,-0.309779
1434998114889388033,actor_T25,2021-09-06,The Left Party,left,-0.462942
1435109193904701440,actor_T35,2021-09-07,FDP,middle,0.189628
1435155532415971328,actor_T01,2021-09-07,Alliance 90/The Greens,middle,-0.13158
1435158066354397184,actor_T05,2021-09-07,SPD,middle,-1.748286
1435181841544327168,actor_T10,2021-09-07,SPD,middle,-0.545217
1435204185826414592,actor_T39,2021-09-07,SPD,middle,-0.399022
1435206725892726786,actor_T07,2021-09-07,CDU/CSU,middle,-0.35427
1435265696930451459,actor_T10,2021-09-07,SPD,middle,0.141972
1435597661437059075,actor_T33,2021-09-08,SPD,middle,0.536736
1435850195795914753,actor_T10,2021-09-09,SPD,middle,-0.791907
1435870511859478531,actor_T17,2021-09-09,SPD,middle,-0.348032
1435923166778560518,actor_T02,2021-09-09,FDP,middle,-0.559447
1435998951048630277,actor_T27,2021-09-09,CDU/CSU,middle,-0.230435
1436380220718817286,actor_T25,2021-09-10,The Left Party,left,-0.412741
1436625873420029956,actor_T08,2021-09-11,SPD,middle,-1.020623
1436685830437883905,actor_T09,2021-09-11,The Left Party,left,-0.19217
1436724623350112268,actor_T17,2021-09-11,SPD,middle,-1.418408
1436743174706302976,actor_T08,2021-09-11,SPD,middle,-0.707737
1436783312606007296,actor_T39,2021-09-11,SPD,middle,-0.085566
1436950860882395138,actor_T10,2021-09-12,SPD,middle,-0.998541
1437048691341369346,actor_T01,2021-09-12,Alliance 90/The Greens,middle,0.414946
1437125859140374530,actor_T05,2021-09-12,SPD,middle,-0.594769
1437130276979810304,actor_T28,2021-09-12,FDP,middle,0.405296
1437130353664212995,actor_T05,2021-09-12,SPD,middle,-0.097368
1437134444444401671,actor_T05,2021-09-12,SPD,middle,0.338806
1437143470091771905,actor_T05,2021-09-12,SPD,middle,-0.566904
1437147133338165252,actor_T05,2021-09-12,SPD,middle,-0.567208
1437176952293576706,actor_T25,2021-09-12,The Left Party,left,0.17907
1437303907047383040,actor_T02,2021-09-13,FDP,middle,0.430557
1437309226758594561,actor_T03,2021-09-13,CDU/CSU,middle,1.839171
1437367642432622598,actor_T23,2021-09-13,SPD,middle,-0.945172
1437403754245013515,actor_T01,2021-09-13,Alliance 90/The Greens,middle,-0.432689
1437673625293836290,actor_T14,2021-09-14,AFD,right,0.312473
1437798302490243077,actor_T17,2021-09-14,SPD,middle,0.426725
1437850510414032896,actor_T13,2021-09-14,CDU/CSU,middle,0.553047
1437865642129076224,actor_T39,2021-09-14,SPD,middle,0.097447
1438298398663356417,actor_T19,2021-09-16,Alliance 90/The Greens,middle,1.027358
1438471224884084740,actor_T37,2021-09-16,AFD,right,0.041901
1438527258805903363,actor_T11,2021-09-16,Alliance 90/The Greens,middle,-0.273077
1438593810649452552,actor_T25,2021-09-16,The Left Party,left,-0.519116
1438739053956960258,actor_T32,2021-09-17,CDU/CSU,middle,-0.267452
1438830541864845314,actor_T25,2021-09-17,The Left Party,left,-0.86557
1438985714440589316,actor_T25,2021-09-17,The Left Party,left,-1.006686
1439103802255290368,actor_T10,2021-09-18,SPD,middle,-1.177838
1439271155366514688,actor_T01,2021-09-18,Alliance 90/The Greens,middle,0.975977
1439305796928606209,actor_T31,2021-09-18,The Left Party,left,0.021813
1439510495711608832,actor_T04,2021-09-19,AFD,right,0.330108
1439528316814364672,actor_T40,2021-09-19,FDP,middle,-0.852191
1439607388328321029,actor_T16,2021-09-19,The Left Party,left,-0.139449
1439620191453945859,actor_T17,2021-09-19,SPD,middle,1.157819
1439676665500741638,actor_T02,2021-09-19,FDP,middle,0.150389
1439893058653458440,actor_T28,2021-09-20,FDP,middle,-2.078018
1439897927896403971,actor_T25,2021-09-20,The Left Party,left,-0.923679
1439900814601031680,actor_T05,2021-09-20,SPD,middle,0.095314
1440009579975303171,actor_T23,2021-09-20,SPD,middle,-0.123163
1440603089015230476,actor_T33,2021-09-22,SPD,middle,1.444518
1440667429827334148,actor_T01,2021-09-22,Alliance 90/The Greens,middle,0.354881
1440930069153730565,actor_T07,2021-09-23,CDU/CSU,middle,0.669354
1441105952069931009,actor_T02,2021-09-23,FDP,middle,-0.29906
1441268198180069376,actor_T20,2021-09-24,The Left Party,left,-0.343904
1441286667793420290,actor_T01,2021-09-24,Alliance 90/The Greens,middle,2.123532
1441336003130626053,actor_T32,2021-09-24,CDU/CSU,middle,1.254347
1441378256083566604,actor_T06,2021-09-24,The Left Party,left,-0.998794
1441772860280823813,actor_T11,2021-09-25,Alliance 90/The Greens,middle,-0.152648
1441905151380496385,actor_T37,2021-09-25,AFD,right,-1.20465
1442048519863480320,actor_T35,2021-09-26,FDP,middle,-0.705448
1442075420740947969,actor_T16,2021-09-26,The Left Party,left,-0.809312
1442199685884694537,actor_T34,2021-09-26,The Left Party,left,-0.066652
1442392570429116417,actor_T02,2021-09-27,FDP,middle,0.127205
1442411384852074497,actor_T15,2021-09-27,SPD,middle,-0.834332
1442444702142418945,actor_T01,2021-09-27,Alliance 90/The Greens,middle,-0.609368
1442537936793178116,actor_T32,2021-09-27,CDU/CSU,middle,-0.438392
1442580685009661952,actor_T30,2021-09-27,FDP,middle,0.1703
1442734473037193216,actor_T28,2021-09-28,FDP,middle,-0.57446
1442744620987912193,actor_T25,2021-09-28,The Left Party,left,-0.571753
1442780909380460551,actor_T39,2021-09-28,SPD,middle,-0.956973
1442796482034339848,actor_T19,2021-09-28,Alliance 90/The Greens,middle,0.971305
1442819307499569152,actor_T02,2021-09-28,FDP,middle,0.717271
1442893261702524939,actor_T05,2021-09-28,SPD,middle,-0.230523
1443224373993816066,actor_T05,2021-09-29,SPD,middle,-0.304142
1443273656629661705,actor_T10,2021-09-29,SPD,middle,-0.963368
1443540262127603712,actor_T19,2021-09-30,Alliance 90/The Greens,middle,0.107938
1443925816811921412,actor_T16,2021-10-01,The Left Party,left,-0.329691
1444061548100702213,actor_T25,2021-10-01,The Left Party,left,0.713463
1444334664651612162,actor_T32,2021-10-02,CDU/CSU,middle,0.372451
1445019982048419841,actor_T36,2021-10-04,Alliance 90/The Greens,middle,1.09761
1445078204537057281,actor_T02,2021-10-04,FDP,middle,-0.536766
1445101810541338631,actor_T25,2021-10-04,The Left Party,left,-0.543784
1445430274863640582,actor_T19,2021-10-05,Alliance 90/The Greens,middle,-0.852329
1445635844660875274,actor_T01,2021-10-06,Alliance 90/The Greens,middle,0.754277
1445657193135542274,actor_T33,2021-10-06,SPD,middle,0.369146
1445739955402067981,actor_T04,2021-10-06,AFD,right,0.192058
1445792381622648835,actor_T40,2021-10-06,FDP,middle,0.4814
1445833759631233024,actor_T25,2021-10-06,The Left Party,left,-0.343505
1445979694935986180,actor_T39,2021-10-07,SPD,middle,0.511785
1446101406369427461,actor_T25,2021-10-07,The Left Party,left,-0.075345
1446439129785552930,actor_T02,2021-10-08,FDP,middle,0.018208
1446505361326870533,actor_T25,2021-10-08,The Left Party,left,0.928653
1446560997389570063,actor_T16,2021-10-08,The Left Party,left,0.317755
1446861374735388681,actor_T13,2021-10-09,CDU/CSU,middle,-0.619606
1447250824606912517,actor_T18,2021-10-10,AFD,right,-0.693803
1447529396911411202,actor_T24,2021-10-11,AFD,right,-0.749295
1447608949918797829,actor_T31,2021-10-11,The Left Party,left,0.320596
1447650874227138564,actor_T25,2021-10-11,The Left Party,left,0.133233
1447827039852154882,actor_T02,2021-10-12,FDP,middle,0.481597
1447835243818409992,actor_T07,2021-10-12,CDU/CSU,middle,-0.972456
1447864625991671808,actor_T37,2021-10-12,AFD,right,0.103991
1448206603623206914,actor_T19,2021-10-13,Alliance 90/The Greens,middle,-0.065697
1448344173996879875,actor_T05,2021-10-13,SPD,middle,-1.037307
1448370131600543746,actor_T28,2021-10-13,FDP,middle,-0.186756
1448380444421115906,actor_T25,2021-10-13,The Left Party,left,0.809561
1448580320459112451,actor_T03,2021-10-14,CDU/CSU,middle,-0.605728
1448668190561734658,actor_T02,2021-10-14,FDP,middle,-0.934099
1448682353291939846,actor_T32,2021-10-14,CDU/CSU,middle,0.147772
1448745018102067210,actor_T25,2021-10-14,The Left Party,left,-1.253358
1449272673876549633,actor_T02,2021-10-16,FDP,middle,-0.042758
1449302726555447299,actor_T03,2021-10-16,CDU/CSU,middle,-0.341603
1450117117714522115,actor_T19,2021-10-18,Alliance 90/The Greens,middle,-0.12912
1450426978075566080,actor_T16,2021-10-19,The Left Party,left,-0.372705
1450536124322131971,actor_T02,2021-10-19,FDP,middle,-0.071757
1451209943932153865,actor_T22,2021-10-21,AFD,right,-0.759333
1451512473643847687,actor_T25,2021-10-22,The Left Party,left,-0.806915
1451859823398637568,actor_T28,2021-10-23,FDP,middle,-0.010606
1452373262525255693,actor_T02,2021-10-24,FDP,middle,-0.638192
1452513421749014530,actor_T05,2021-10-25,SPD,middle,-0.554627
1452576912220491782,actor_T04,2021-10-25,AFD,right,0.371368
1452647766006566913,actor_T01,2021-10-25,Alliance 90/The Greens,middle,-1.411601
1452719900150149126,actor_T02,2021-10-25,FDP,middle,0.033659
1452737804409126924,actor_T16,2021-10-25,The Left Party,left,-0.657757
1452773554676719618,actor_T39,2021-10-25,SPD,middle,-0.900362
1452799461399408646,actor_T25,2021-10-26,The Left Party,left,0.189207
1452916842289373187,actor_T20,2021-10-26,The Left Party,left,0.017943
1452923473135869952,actor_T37,2021-10-26,AFD,right,-0.533578
1453390226475425794,actor_T40,2021-10-27,FDP,middle,0.528213
1453494504347033601,actor_T31,2021-10-27,The Left Party,left,-0.805125
1453625750175850497,actor_T19,2021-10-28,Alliance 90/The Greens,middle,0.571976
1453645688500363264,actor_T03,2021-10-28,CDU/CSU,middle,2.2266
1453799741414912006,actor_T02,2021-10-28,FDP,middle,-0.917671
1454377426117697539,actor_T35,2021-10-30,FDP,middle,0.41286
1454544170421530628,actor_T19,2021-10-30,Alliance 90/The Greens,middle,-0.056088
1454716362111213577,actor_T23,2021-10-31,SPD,middle,-0.156491
1454768207785598978,actor_T32,2021-10-31,CDU/CSU,middle,0.069911
1454832628297785351,actor_T16,2021-10-31,The Left Party,left,-0.276618
1454873048604200961,actor_T25,2021-10-31,The Left Party,left,-0.247132
1455123816833818624,actor_T04,2021-11-01,AFD,right,-0.264972
1455150230022852612,actor_T03,2021-11-01,CDU/CSU,middle,-0.435498
1455210217956941832,actor_T02,2021-11-01,FDP,middle,-0.574666
1455496404428902402,actor_T36,2021-11-02,Alliance 90/The Greens,middle,-0.120304
1455581677951098886,actor_T01,2021-11-02,Alliance 90/The Greens,middle,-0.192849
1455829737209835525,actor_T25,2021-11-03,The Left Party,left,-0.237509
1455836900820983812,actor_T28,2021-11-03,FDP,middle,1.484425
1456285732776067076,actor_T02,2021-11-04,FDP,middle,0.03248
1456580852004102146,actor_T03,2021-11-05,CDU/CSU,middle,1.618419
1456696645169688583,actor_T05,2021-11-05,SPD,middle,0.471214
1456769195455262723,actor_T25,2021-11-05,The Left Party,left,-0.251338
1457081985218883588,actor_T16,2021-11-06,The Left Party,left,0.378545
1457280709492678659,actor_T34,2021-11-07,The Left Party,left,0.688244
1457613079982845954,actor_T24,2021-11-08,AFD,right,0.178774
1457653368931950592,actor_T08,2021-11-08,SPD,middle,0.186679
1457831155697426432,actor_T39,2021-11-08,SPD,middle,-0.171398
1458043432090443776,actor_T31,2021-11-09,The Left Party,left,-0.723753
1458072367213723659,actor_T02,2021-11-09,FDP,middle,0.756972
1458396425415503879,actor_T15,2021-11-10,SPD,middle,-0.61849
1458821779384942600,actor_T05,2021-11-11,SPD,middle,0.141866
1458823056525250563,actor_T05,2021-11-11,SPD,middle,0.926874
1459088327265640450,actor_T04,2021-11-12,AFD,right,-0.718151
1459101833142673434,actor_T01,2021-11-12,Alliance 90/The Greens,middle,-1.144867
1459108685326729217,actor_T28,2021-11-12,FDP,middle,0.34608
1459131126665068573,actor_T25,2021-11-12,The Left Party,left,-0.319703
1459174140091502605,actor_T20,2021-11-12,The Left Party,left,0.454462
1459216298810957827,actor_T24,2021-11-12,AFD,right,-0.307259
1459435978897166337,actor_T37,2021-11-13,AFD,right,0.185067
1459534272323334151,actor_T40,2021-11-13,FDP,middle,-0.318595
1459566387052138501,actor_T32,2021-11-13,CDU/CSU,middle,-0.364962
1459637658502807560,actor_T33,2021-11-13,SPD,middle,1.175658
1460005826555486208,actor_T16,2021-11-14,The Left Party,left,-0.312793
1460207393132929024,actor_T36,2021-11-15,Alliance 90/The Greens,middle,0.603664
1460357641570562051,actor_T03,2021-11-15,CDU/CSU,middle,0.519592
1460639194242502665,actor_T02,2021-11-16,FDP,middle,-1.083662
1461043122985709568,actor_T03,2021-11-17,CDU/CSU,middle,1.263683
1461044571576672257,actor_T28,2021-11-17,FDP,middle,1.133067
1461052113866399745,actor_T02,2021-11-17,FDP,middle,-0.599834
1461397616474869760,actor_T07,2021-11-18,CDU/CSU,middle,0.225775
1461400372896055301,actor_T28,2021-11-18,FDP,middle,-0.883838
1461447046288879625,actor_T13,2021-11-18,CDU/CSU,middle,0.428934
1461589538829185031,actor_T25,2021-11-19,The Left Party,left,-0.267817
1461654317585342466,actor_T05,2021-11-19,SPD,middle,0.403622
1461699647479685123,actor_T06,2021-11-19,The Left Party,left,1.234994
1462035178222669834,actor_T03,2021-11-20,CDU/CSU,middle,0.902429
1462358255657758722,actor_T31,2021-11-21,The Left Party,left,-0.017375
1462399158413889536,actor_T25,2021-11-21,The Left Party,left,-1.038266
1462454571268198405,actor_T11,2021-11-21,Alliance 90/The Greens,middle,-0.248833
1462832676465958915,actor_T28,2021-11-22,FDP,middle,-0.618443
1462843826821902341,actor_T19,2021-11-22,Alliance 90/The Greens,middle,-0.017687
1463192258359042049,actor_T40,2021-11-23,FDP,middle,1.322326
1463226133881757697,actor_T02,2021-11-23,FDP,middle,0.600271
1463501956073377795,actor_T01,2021-11-24,Alliance 90/The Greens,middle,0.016673
1463907193938497538,actor_T19,2021-11-25,Alliance 90/The Greens,middle,-0.676004
1464154157267525632,actor_T03,2021-11-26,CDU/CSU,middle,1.06301
1464256970647560193,actor_T15,2021-11-26,SPD,middle,0.581834
1464273420863131653,actor_T25,2021-11-26,The Left Party,left,-0.299142
1464505575845289988,actor_T32,2021-11-27,CDU/CSU,middle,-0.701043
1464584031899729922,actor_T19,2021-11-27,Alliance 90/The Greens,middle,0.125666
1464967759947780109,actor_T16,2021-11-28,The Left Party,left,0.320815
1465065152190066694,actor_T28,2021-11-28,FDP,middle,0.163568
1465279802030579712,actor_T37,2021-11-29,AFD,right,-0.150478
1465313645215240198,actor_T05,2021-11-29,SPD,middle,0.696965
1465397412827222020,actor_T02,2021-11-29,FDP,middle,0.899488
1465631387046883328,actor_T10,2021-11-30,SPD,middle,0.06376
1465742604339924996,actor_T27,2021-11-30,CDU/CSU,middle,-0.268478
1465996339976749062,actor_T39,2021-12-01,SPD,middle,0.385462
1466018988719284227,actor_T28,2021-12-01,FDP,middle,1.743333
1466107786631208966,actor_T03,2021-12-01,CDU/CSU,middle,-0.164963
1466313586775633922,actor_T01,2021-12-02,Alliance 90/The Greens,middle,-0.180348
1466317152844189697,actor_T25,2021-12-02,The Left Party,left,-0.85115
1466513211461672963,actor_T36,2021-12-02,Alliance 90/The Greens,middle,0.160379
1466663590115659780,actor_T34,2021-12-03,The Left Party,left,0.448865
1466722970508926979,actor_T05,2021-12-03,SPD,middle,0.184171
1466739917002784768,actor_T28,2021-12-03,FDP,middle,0.870146
1466748042288275460,actor_T03,2021-12-03,CDU/CSU,middle,2.261769
1466844487716593668,actor_T25,2021-12-03,The Left Party,left,-0.715671
1467032871076610055,actor_T05,2021-12-04,SPD,middle,0.568259
1467213671457775618,actor_T20,2021-12-04,The Left Party,left,-0.478417
1467421289426169861,actor_T28,2021-12-05,FDP,middle,0.141929
1467431225354862592,actor_T22,2021-12-05,AFD,right,-1.397258
1467449498498699264,actor_T32,2021-12-05,CDU/CSU,middle,0.031261
1467772511723175936,actor_T02,2021-12-06,FDP,middle,0.071885
1467957384349896708,actor_T16,2021-12-06,The Left Party,left,0.476554
1468105795367800833,actor_T04,2021-12-07,AFD,right,-0.89059
1468219299504566278,actor_T25,2021-12-07,The Left Party,left,0.213426
1468244383623532545,actor_T19,2021-12-07,Alliance 90/The Greens,middle,-0.97395
1468493613780901889,actor_T33,2021-12-08,SPD,middle,-1.609643
1468495222934020097,actor_T40,2021-12-08,FDP,middle,0.207109
1468519828520681473,actor_T28,2021-12-08,FDP,middle,-0.402847
1468854478371708928,actor_T31,2021-12-09,The Left Party,left,0.398993
1468958101134929922,actor_T11,2021-12-09,Alliance 90/The Greens,middle,0.970542
1469226126941638661,actor_T01,2021-12-10,Alliance 90/The Greens,middle,-0.249748
1469333342504079364,actor_T18,2021-12-10,AFD,right,0.047413
1469346352480067584,actor_T02,2021-12-10,FDP,middle,-0.27801
1469675738760687624,actor_T05,2021-12-11,SPD,middle,0.005229
1469966012640600067,actor_T07,2021-12-12,CDU/CSU,middle,0.02464
1470003382798753799,actor_T03,2021-12-12,CDU/CSU,middle,0.434657
1470009027379843080,actor_T09,2021-12-12,The Left Party,left,0.652534
1470075894752440322,actor_T37,2021-12-12,AFD,right,-1.21879
1470292671801532419,actor_T05,2021-12-13,SPD,middle,-0.901822
1470316163167051784,actor_T19,2021-12-13,Alliance 90/The Greens,middle,-0.198634
1470412196979032072,actor_T28,2021-12-13,FDP,middle,0.015859
1470504421385768975,actor_T03,2021-12-13,CDU/CSU,middle,0.082522
1470669385727623169,actor_T32,2021-12-14,CDU/CSU,middle,1.066095
1470734868074139649,actor_T04,2021-12-14,AFD,right,0.042153
1470763127742640128,actor_T24,2021-12-14,AFD,right,-1.21861
1471093019067748353,actor_T05,2021-12-15,SPD,middle,-0.444901
1471141583638642694,actor_T03,2021-12-15,CDU/CSU,middle,0.819465
1471155798353096710,actor_T23,2021-12-15,SPD,middle,1.15025
1471172749339111430,actor_T30,2021-12-15,FDP,middle,1.208481
1471480402728661002,actor_T02,2021-12-16,FDP,middle,-0.132487
1471506849123823618,actor_T13,2021-12-16,CDU/CSU,middle,0.304809
1471822830962630659,actor_T25,2021-12-17,The Left Party,left,-0.075416
1471842672759521285,actor_T03,2021-12-17,CDU/CSU,middle,-0.880086
1471876618230632451,actor_T32,2021-12-17,CDU/CSU,middle,-0.049244
1472499429852819456,actor_T36,2021-12-19,Alliance 90/The Greens,middle,1.3015
1472693974968193024,actor_T25,2021-12-19,The Left Party,left,0.265562
1472735585639014401,actor_T31,2021-12-20,The Left Party,left,-0.253503
1473355063229825026,actor_T02,2021-12-21,FDP,middle,-0.773034
1473700533756211205,actor_T11,2021-12-22,Alliance 90/The Greens,middle,0.286158
1473838025792704517,actor_T09,2021-12-23,The Left Party,left,1.648172
1473975013225209863,actor_T19,2021-12-23,Alliance 90/The Greens,middle,1.014003
1473980365870178312,actor_T01,2021-12-23,Alliance 90/The Greens,middle,0.333556
1474122592860704783,actor_T37,2021-12-23,AFD,right,0.212889
1474129708119953419,actor_T15,2021-12-23,SPD,middle,0.542317
1474286699895312396,actor_T07,2021-12-24,CDU/CSU,middle,-1.145622
1474420778473033728,actor_T05,2021-12-24,SPD,middle,0.339801
1474661891196833799,actor_T03,2021-12-25,CDU/CSU,middle,0.897123
1474682263522754560,actor_T02,2021-12-25,FDP,middle,0.663443
1475084929788698631,actor_T05,2021-12-26,SPD,middle,0.341228
1476268106200891406,actor_T35,2021-12-29,FDP,middle,0.696301
1476487652681650180,actor_T05,2021-12-30,SPD,middle,-0.185442
1476537015281795074,actor_T25,2021-12-30,The Left Party,left,0.571461
1476593140647743492,actor_T02,2021-12-30,FDP,middle,-0.203401
1476886958148304936,actor_T03,2021-12-31,CDU/CSU,middle,0.142696
1476903501116682247,actor_T16,2021-12-31,The Left Party,left,-0.062858
1477026396346241025,actor_T32,2021-12-31,CDU/CSU,middle,0.163509
1477217672060416002,actor_T03,2022-01-01,CDU/CSU,middle,0.875481
1477525829919948804,actor_T11,2022-01-02,Alliance 90/The Greens,middle,-0.336628
1477760709094223874,actor_T02,2022-01-02,FDP,middle,0.863552
1478682877835501571,actor_T02,2022-01-05,FDP,middle,-2.029389
1478775243896410116,actor_T31,2022-01-05,The Left Party,left,0.501092
1479024209355489284,actor_T05,2022-01-06,SPD,middle,0.819031
1479050871224913922,actor_T09,2022-01-06,The Left Party,left,0.296346
1479084693110853635,actor_T05,2022-01-06,SPD,middle,1.132853
1479384710698651648,actor_T36,2022-01-07,Alliance 90/The Greens,middle,-0.372093
1479394776000733187,actor_T37,2022-01-07,AFD,right,-0.484438
1479806554664849410,actor_T03,2022-01-08,CDU/CSU,middle,0.292281
1479934762022277124,actor_T02,2022-01-08,FDP,middle,-1.449799
1480305787855687681,actor_T40,2022-01-09,FDP,middle,-0.163798
1480624118294843393,actor_T05,2022-01-10,SPD,middle,1.057375
1481517065664143362,actor_T02,2022-01-13,FDP,middle,-0.851467
1481585858302156801,actor_T34,2022-01-13,The Left Party,left,0.577701
1481625982700339200,actor_T19,2022-01-13,Alliance 90/The Greens,middle,0.110237
1481926074003075076,actor_T40,2022-01-14,FDP,middle,0.788534
1482047805820743698,actor_T20,2022-01-14,The Left Party,left,0.960329
1482273341641793537,actor_T01,2022-01-15,Alliance 90/The Greens,middle,0.982826
1482461778609164294,actor_T02,2022-01-15,FDP,middle,-1.121514
1482718413936111621,actor_T16,2022-01-16,The Left Party,left,-0.094741
1482997501057810434,actor_T03,2022-01-17,CDU/CSU,middle,1.403173
1483414484454682628,actor_T02,2022-01-18,FDP,middle,-1.129684
1483422596997820419,actor_T37,2022-01-18,AFD,right,-0.492495
1483513948683055112,actor_T04,2022-01-18,AFD,right,-0.258214
1483803971357908997,actor_T07,2022-01-19,CDU/CSU,middle,0.200588
1483846848918048771,actor_T24,2022-01-19,AFD,right,0.329702
1484084033655087109,actor_T05,2022-01-20,SPD,middle,-0.072749
1484120482190438407,actor_T13,2022-01-20,CDU/CSU,middle,0.412622
1484266547745116164,actor_T25,2022-01-20,The Left Party,left,-0.329427
1484469521847099392,actor_T02,2022-01-21,FDP,middle,0.78284
1484513435295617025,actor_T36,2022-01-21,Alliance 90/The Greens,middle,0.923712
1484664859639914502,actor_T31,2022-01-21,The Left Party,left,-0.433811
1484816020510580737,actor_T32,2022-01-22,CDU/CSU,middle,-0.460111
1484878932948271105,actor_T19,2022-01-22,Alliance 90/The Greens,middle,-1.374918
1484930195891101707,actor_T01,2022-01-22,Alliance 90/The Greens,middle,0.771026
1485071715961081861,actor_T19,2022-01-23,Alliance 90/The Greens,middle,-1.375503
1485186352220102656,actor_T11,2022-01-23,Alliance 90/The Greens,middle,-0.06597
1485281366258458641,actor_T09,2022-01-23,The Left Party,left,-0.329947
1485333170291621904,actor_T04,2022-01-23,AFD,right,1.233738
1485344547286794243,actor_T02,2022-01-23,FDP,middle,0.101752
1485668284984877057,actor_T33,2022-01-24,SPD,middle,0.102312
1486264233427968001,actor_T05,2022-01-26,SPD,middle,0.39526
1486363414205276170,actor_T02,2022-01-26,FDP,middle,0.689575
1486405872007925763,actor_T15,2022-01-26,SPD,middle,-0.247796
1487111039565107202,actor_T32,2022-01-28,CDU/CSU,middle,-0.853163
1487170437457104900,actor_T02,2022-01-28,FDP,middle,-0.630004
1487542605726601218,actor_T04,2022-01-29,AFD,right,-0.342009
1487834010877366277,actor_T19,2022-01-30,Alliance 90/The Greens,middle,-0.116583
1487850989503881221,actor_T05,2022-01-30,SPD,middle,-1.356499
1487856921260572675,actor_T27,2022-01-30,CDU/CSU,middle,-0.579042
1487860139097051138,actor_T05,2022-01-30,SPD,middle,-1.348006
1488261526477754368,actor_T07,2022-01-31,CDU/CSU,middle,-0.25333
1488470855030128645,actor_T01,2022-02-01,Alliance 90/The Greens,middle,0.284782
1488505216874041344,actor_T37,2022-02-01,AFD,right,-0.009008
1488628038472503297,actor_T05,2022-02-01,SPD,middle,0.910617
1488630916100599813,actor_T25,2022-02-01,The Left Party,left,-1.034103
1488819722552492033,actor_T02,2022-02-02,FDP,middle,0.813772
1488841581545365507,actor_T40,2022-02-02,FDP,middle,0.674144
1488862069747339268,actor_T22,2022-02-02,AFD,right,-0.673985
1489140552218157056,actor_T11,2022-02-03,Alliance 90/The Greens,middle,1.369095
1489556238761345027,actor_T06,2022-02-04,The Left Party,left,-0.952121
1489593133465808899,actor_T09,2022-02-04,The Left Party,left,0.422293
1489614114750189575,actor_T02,2022-02-04,FDP,middle,0.5136
1489648601810845698,actor_T03,2022-02-04,CDU/CSU,middle,0.167236
1489887064715845632,actor_T36,2022-02-05,Alliance 90/The Greens,middle,1.415417
1490249621318291459,actor_T02,2022-02-06,FDP,middle,1.203088
1490387693875957764,actor_T04,2022-02-06,AFD,right,-0.205105
1490521810726793218,actor_T18,2022-02-07,AFD,right,-0.210078
1490661627867406339,actor_T16,2022-02-07,The Left Party,left,0.824815
1490759089814708226,actor_T02,2022-02-07,FDP,middle,-0.009262
1491055921463967750,actor_T31,2022-02-08,The Left Party,left,-0.45318
1491099837173219328,actor_T19,2022-02-08,Alliance 90/The Greens,middle,-0.169913
1491312338347388929,actor_T23,2022-02-09,SPD,middle,0.387669
1491508823634370561,actor_T02,2022-02-09,FDP,middle,-0.352004
1491528783224053763,actor_T13,2022-02-09,CDU/CSU,middle,-0.617635
1491687010205057025,actor_T35,2022-02-10,FDP,middle,0.862454
1491865713669197834,actor_T05,2022-02-10,SPD,middle,0.742073
1491901406076448774,actor_T25,2022-02-10,The Left Party,left,0.353759
1492204916596748290,actor_T33,2022-02-11,SPD,middle,-0.125504
1492523901334831106,actor_T05,2022-02-12,SPD,middle,-0.94756
1492866963403644930,actor_T01,2022-02-13,Alliance 90/The Greens,middle,-1.269747
1492872695163277312,actor_T34,2022-02-13,The Left Party,left,-0.194207
1493157051404636163,actor_T32,2022-02-14,CDU/CSU,middle,-0.833555
1493240646488018945,actor_T04,2022-02-14,AFD,right,-1.383904
1493520494900953088,actor_T07,2022-02-15,CDU/CSU,middle,-0.750727
1493983226678947840,actor_T40,2022-02-16,FDP,middle,1.403337
1493989456667455488,actor_T36,2022-02-16,Alliance 90/The Greens,middle,0.721254
1494420644615933953,actor_T11,2022-02-17,Alliance 90/The Greens,middle,-0.627144
1494641109959643158,actor_T25,2022-02-18,The Left Party,left,-0.068411
1494648469574852613,actor_T37,2022-02-18,AFD,right,-0.963923
1494686615096250369,actor_T33,2022-02-18,SPD,middle,0.109844
1494755296929107978,actor_T02,2022-02-18,FDP,middle,-0.690171
1495307184883875840,actor_T05,2022-02-20,SPD,middle,-0.297664
1495745309514870787,actor_T03,2022-02-21,CDU/CSU,middle,0.517952
1495776033378869252,actor_T01,2022-02-21,Alliance 90/The Greens,middle,0.205225
1495800754518511620,actor_T02,2022-02-21,FDP,middle,0.029894
1496068801934381057,actor_T33,2022-02-22,SPD,middle,1.21312
1496085208252174337,actor_T19,2022-02-22,Alliance 90/The Greens,middle,0.09264
1496224172690792451,actor_T02,2022-02-22,FDP,middle,-0.900599
1496572551488753674,actor_T16,2022-02-23,The Left Party,left,-1.019327
1496758601913876481,actor_T40,2022-02-24,FDP,middle,0.921921
1496773354598060038,actor_T32,2022-02-24,CDU/CSU,middle,-0.303256
1496807444202332163,actor_T24,2022-02-24,AFD,right,-0.515837
1496949934788169729,actor_T11,2022-02-24,Alliance 90/The Greens,middle,-0.403475
1497131260258443285,actor_T25,2022-02-25,The Left Party,left,0.352987
1497131264935092230,actor_T03,2022-02-25,CDU/CSU,middle,0.942228
1497140725628256256,actor_T30,2022-02-25,FDP,middle,-0.850226
1497181935113756672,actor_T15,2022-02-25,SPD,middle,-0.642383
1497488330417750016,actor_T02,2022-02-26,FDP,middle,0.524827
1497521738988597250,actor_T11,2022-02-26,Alliance 90/The Greens,middle,-0.574653
1497528757917302785,actor_T37,2022-02-26,AFD,right,-2.05097
1497639560242769938,actor_T01,2022-02-26,Alliance 90/The Greens,middle,-0.202717
1497889163525468161,actor_T23,2022-02-27,SPD,middle,-0.824307
1497891124861669376,actor_T31,2022-02-27,The Left Party,left,1.139169
1497917721635434500,actor_T09,2022-02-27,The Left Party,left,-0.532794
1498040928249991169,actor_T02,2022-02-27,FDP,middle,0.45685
1498255434922213383,actor_T19,2022-02-28,Alliance 90/The Greens,middle,0.646076
1498553150063656961,actor_T10,2022-03-01,SPD,middle,-0.306102
1499015453343207430,actor_T27,2022-03-02,CDU/CSU,middle,-1.259834
1499084432531148801,actor_T02,2022-03-02,FDP,middle,-0.289852
1499088190132695041,actor_T20,2022-03-02,The Left Party,left,1.732882
1499287607896858625,actor_T11,2022-03-03,Alliance 90/The Greens,middle,-1.041103
1499369446388944898,actor_T01,2022-03-03,Alliance 90/The Greens,middle,0.22169
1499396403252002829,actor_T03,2022-03-03,CDU/CSU,middle,-0.670596
1499678297101381632,actor_T33,2022-03-04,SPD,middle,0.931311
1499706003620876289,actor_T30,2022-03-04,FDP,middle,0.740756
1499758360371109888,actor_T36,2022-03-04,Alliance 90/The Greens,middle,0.120737
1500071300781555714,actor_T02,2022-03-05,FDP,middle,0.104492
1500071686896603138,actor_T19,2022-03-05,Alliance 90/The Greens,middle,-0.012882
1500101199563010049,actor_T11,2022-03-05,Alliance 90/The Greens,middle,0.944745
1500724300399230976,actor_T13,2022-03-07,CDU/CSU,middle,-0.995724
1500770428670947328,actor_T40,2022-03-07,FDP,middle,0.572442
1500905184247128070,actor_T11,2022-03-07,Alliance 90/The Greens,middle,-0.035206
1501294851685556224,actor_T03,2022-03-08,CDU/CSU,middle,0.884136
1501486087885234176,actor_T37,2022-03-09,AFD,right,-0.158604
1501494616478167040,actor_T02,2022-03-09,FDP,middle,0.936082
1501622786422456328,actor_T02,2022-03-09,FDP,middle,-0.375932
1501950670575792129,actor_T07,2022-03-10,CDU/CSU,middle,0.263744
1501955580780552198,actor_T11,2022-03-10,Alliance 90/The Greens,middle,0.92839
1502028061679697927,actor_T16,2022-03-10,The Left Party,left,-0.035902
1502198202883313671,actor_T01,2022-03-11,Alliance 90/The Greens,middle,-0.232891
1502934921672863746,actor_T05,2022-03-13,SPD,middle,1.182341
1503110153226362883,actor_T11,2022-03-13,Alliance 90/The Greens,middle,-0.084249
1503114081343098890,actor_T16,2022-03-13,The Left Party,left,-1.361456
1503416256988385285,actor_T15,2022-03-14,SPD,middle,-0.195279
1503468600862068741,actor_T02,2022-03-14,FDP,middle,0.255424
1503468681078181895,actor_T16,2022-03-14,The Left Party,left,-0.521581
1503618544587755523,actor_T32,2022-03-15,CDU/CSU,middle,-0.266895
1503680667653222408,actor_T19,2022-03-15,Alliance 90/The Greens,middle,-0.306416
1503824062333739009,actor_T01,2022-03-15,Alliance 90/The Greens,middle,-0.783063
1503833286312931331,actor_T16,2022-03-15,The Left Party,left,-1.351787
1503853898020409353,actor_T09,2022-03-15,The Left Party,left,-0.830679
1504429486846230530,actor_T03,2022-03-17,CDU/CSU,middle,0.240262
1504450573227204617,actor_T02,2022-03-17,FDP,middle,-0.770254
1504731238258597911,actor_T02,2022-03-18,FDP,middle,-0.324224
1504779799025365022,actor_T08,2022-03-18,SPD,middle,0.408928
1505164130843602946,actor_T11,2022-03-19,Alliance 90/The Greens,middle,0.286371
1505294954448531465,actor_T05,2022-03-19,SPD,middle,-0.650089
1505297303044775949,actor_T02,2022-03-19,FDP,middle,-1.610962
1505640122565505024,actor_T16,2022-03-20,The Left Party,left,-0.292429
1505670690011234306,actor_T02,2022-03-20,FDP,middle,-0.015385
1505858566745473024,actor_T01,2022-03-21,Alliance 90/The Greens,middle,0.570203
1506008620122710017,actor_T25,2022-03-21,The Left Party,left,-0.296465
1506034280820056081,actor_T09,2022-03-21,The Left Party,left,-0.100179
1506195853874192386,actor_T36,2022-03-22,Alliance 90/The Greens,middle,0.889393
1506238618486161410,actor_T16,2022-03-22,The Left Party,left,-0.873871
1506294976778579974,actor_T23,2022-03-22,SPD,middle,0.422812
1506525823502897154,actor_T16,2022-03-23,The Left Party,left,-0.26399
1506578844769210371,actor_T11,2022-03-23,Alliance 90/The Greens,middle,-0.325629
1506592421219651589,actor_T34,2022-03-23,The Left Party,left,-0.653687
1506652210809217029,actor_T16,2022-03-23,The Left Party,left,-0.806113
1506741415505801218,actor_T04,2022-03-23,AFD,right,-0.683764
1507023204472147972,actor_T31,2022-03-24,The Left Party,left,-0.149929
1507091322947215361,actor_T37,2022-03-24,AFD,right,0.99926
1507302121737273345,actor_T20,2022-03-25,The Left Party,left,-0.16518
1507313824801730562,actor_T01,2022-03-25,Alliance 90/The Greens,middle,-0.125245
1507425000386666504,actor_T02,2022-03-25,FDP,middle,-0.125383
1507490042289303560,actor_T03,2022-03-25,CDU/CSU,middle,0.760471
1507496881831784459,actor_T25,2022-03-25,The Left Party,left,0.648405
1507745359052910604,actor_T11,2022-03-26,Alliance 90/The Greens,middle,0.297727
1508138085925756930,actor_T33,2022-03-27,SPD,middle,-0.197352
1508191659594502150,actor_T05,2022-03-27,SPD,middle,-0.234542
1508423545306726408,actor_T40,2022-03-28,FDP,middle,-0.905925
1508429370901282823,actor_T04,2022-03-28,AFD,right,-0.079272
1508492920235741189,actor_T13,2022-03-28,CDU/CSU,middle,1.380873
1508839174098636801,actor_T16,2022-03-29,The Left Party,left,-1.108891
1509098425433956352,actor_T19,2022-03-30,Alliance 90/The Greens,middle,1.493926
1509191920656031749,actor_T07,2022-03-30,CDU/CSU,middle,0.364419
1509553817842503680,actor_T01,2022-03-31,Alliance 90/The Greens,middle,-0.549614
1509784007776555020,actor_T11,2022-04-01,Alliance 90/The Greens,middle,0.647365
1510337720782053394,actor_T02,2022-04-02,FDP,middle,-0.66997
1510699561400123393,actor_T37,2022-04-03,AFD,right,0.719028
1510887868448886787,actor_T03,2022-04-04,CDU/CSU,middle,1.696586
1511374971913838602,actor_T01,2022-04-05,Alliance 90/The Greens,middle,0.640573
1511427964088594434,actor_T16,2022-04-05,The Left Party,left,-1.22296
1511693795225751555,actor_T06,2022-04-06,The Left Party,left,-0.712741
1511807482829623296,actor_T30,2022-04-06,FDP,middle,-0.34494
1511981946997547012,actor_T32,2022-04-07,CDU/CSU,middle,0.341399
1512039464054538246,actor_T19,2022-04-07,Alliance 90/The Greens,middle,0.111662
1512060420596670469,actor_T07,2022-04-07,CDU/CSU,middle,-0.260442
1512115718204055552,actor_T02,2022-04-07,FDP,middle,-0.645244
1512136248751759364,actor_T04,2022-04-07,AFD,right,0.486083
1512141044959297550,actor_T18,2022-04-07,AFD,right,-1.017587
1512180532809015308,actor_T31,2022-04-07,The Left Party,left,0.38712
1512722711856001027,actor_T16,2022-04-09,The Left Party,left,-0.318684
1512727641484402693,actor_T25,2022-04-09,The Left Party,left,0.089465
1512785817592336397,actor_T02,2022-04-09,FDP,middle,-0.000203
1513157176075894791,actor_T27,2022-04-10,CDU/CSU,middle,-1.202097
1513444669723664387,actor_T02,2022-04-11,FDP,middle,-0.741931
1513937384169222146,actor_T16,2022-04-12,The Left Party,left,-1.550803
1514213814161522690,actor_T33,2022-04-13,SPD,middle,1.175713
1514269629824307201,actor_T24,2022-04-13,AFD,right,-0.10302
1514282673883209729,actor_T02,2022-04-13,FDP,middle,-1.536173
1514530113844654080,actor_T19,2022-04-14,Alliance 90/The Greens,middle,0.378545
1514566806861758464,actor_T16,2022-04-14,The Left Party,left,-0.988586
1515001473180053512,actor_T11,2022-04-15,Alliance 90/The Greens,middle,1.399001
1515047031261343754,actor_T02,2022-04-15,FDP,middle,-0.174871
1515091846321614851,actor_T25,2022-04-15,The Left Party,left,-0.283201
1515296412996714497,actor_T36,2022-04-16,Alliance 90/The Greens,middle,-0.351324
1515621164621643778,actor_T15,2022-04-17,SPD,middle,-0.473317
1515623938268745728,actor_T37,2022-04-17,AFD,right,-1.338093
1515639514991054850,actor_T02,2022-04-17,FDP,middle,-1.369303
1515644436331606020,actor_T22,2022-04-17,AFD,right,-0.328996
1516116911351869452,actor_T13,2022-04-18,CDU/CSU,middle,-0.608275
1516124106609070085,actor_T05,2022-04-18,SPD,middle,-0.989288
1516445863182319627,actor_T03,2022-04-19,CDU/CSU,middle,3.058882
1516469312986533892,actor_T19,2022-04-19,Alliance 90/The Greens,middle,-0.498938
1516895183236997124,actor_T16,2022-04-20,The Left Party,left,0.805639
1517371467167674369,actor_T11,2022-04-22,Alliance 90/The Greens,middle,-0.564585
1517416610889441281,actor_T05,2022-04-22,SPD,middle,-0.720267
1517425248894865408,actor_T02,2022-04-22,FDP,middle,1.45062
1517530220923863040,actor_T01,2022-04-22,Alliance 90/The Greens,middle,0.254922
1518182527810392064,actor_T09,2022-04-24,The Left Party,left,-0.282952
1518269037632966658,actor_T16,2022-04-24,The Left Party,left,-0.964525
1519280720044306432,actor_T03,2022-04-27,CDU/CSU,middle,0.430268
1519313394037309441,actor_T16,2022-04-27,The Left Party,left,-0.554649
1519377184657395715,actor_T40,2022-04-27,FDP,middle,1.342937
1519403297488183297,actor_T02,2022-04-27,FDP,middle,0.606491
1520435219727327232,actor_T11,2022-04-30,Alliance 90/The Greens,middle,0.820137
1520514773754032129,actor_T25,2022-04-30,The Left Party,left,0.339831
1520744102282899457,actor_T05,2022-05-01,SPD,middle,-0.060912
1520789661521743872,actor_T01,2022-05-01,Alliance 90/The Greens,middle,0.412081
1521157363843145729,actor_T16,2022-05-02,The Left Party,left,-0.997239
1521382730595983360,actor_T34,2022-05-03,The Left Party,left,0.453878
1521410876473069569,actor_T19,2022-05-03,Alliance 90/The Greens,middle,0.286777
1521613858267406338,actor_T31,2022-05-03,The Left Party,left,-0.301698
1521835003373568000,actor_T03,2022-05-04,CDU/CSU,middle,0.537287
1522169848356343808,actor_T16,2022-05-05,The Left Party,left,0.275372
1522249736589352960,actor_T02,2022-05-05,FDP,middle,-0.844897
1522282559807397892,actor_T37,2022-05-05,AFD,right,0.224533
1522497058686574595,actor_T11,2022-05-06,Alliance 90/The Greens,middle,0.411283
1523252901275226113,actor_T05,2022-05-08,SPD,middle,0.163231
1523339905933340672,actor_T13,2022-05-08,CDU/CSU,middle,-0.645435
1523361024681734144,actor_T20,2022-05-08,The Left Party,left,-0.474029
1523521436693893120,actor_T05,2022-05-09,SPD,middle,0.303133
1523689885277687808,actor_T01,2022-05-09,Alliance 90/The Greens,middle,0.367665
1524111494916550659,actor_T05,2022-05-10,SPD,middle,0.888561
1524120192871194625,actor_T25,2022-05-10,The Left Party,left,-0.321377
1524401463031922689,actor_T07,2022-05-11,CDU/CSU,middle,0.927683
1524672724609773572,actor_T40,2022-05-12,FDP,middle,0.030171
1524781325319798787,actor_T16,2022-05-12,The Left Party,left,0.561236
1524832663164571661,actor_T02,2022-05-12,FDP,middle,-0.182995
1525048457974759424,actor_T24,2022-05-13,AFD,right,-0.69204
1525123490008944640,actor_T33,2022-05-13,SPD,middle,-0.430128
1525392041240297473,actor_T01,2022-05-14,Alliance 90/The Greens,middle,0.023677
1525392264687648768,actor_T23,2022-05-14,SPD,middle,0.080419
1525591130116608000,actor_T16,2022-05-14,The Left Party,left,-0.626935
1525833549319966720,actor_T32,2022-05-15,CDU/CSU,middle,0.482865
1525874273512042507,actor_T15,2022-05-15,SPD,middle,-0.20416
1526317042537742339,actor_T09,2022-05-16,The Left Party,left,0.041968
1526533322507272194,actor_T31,2022-05-17,The Left Party,left,-1.582649
1526670277702189056,actor_T16,2022-05-17,The Left Party,left,-1.10401
1526841247469805568,actor_T30,2022-05-18,FDP,middle,1.279223
1527028542617395202,actor_T25,2022-05-18,The Left Party,left,0.399219
1527154145475629057,actor_T29,2022-05-19,The Left Party,left,0.313197
1527618475241480192,actor_T11,2022-05-20,Alliance 90/The Greens,middle,-0.013587
1527744554526441475,actor_T30,2022-05-20,FDP,middle,0.453114
1527953535350059009,actor_T05,2022-05-21,SPD,middle,0.203208
1528172341133553664,actor_T16,2022-05-22,The Left Party,left,-0.219884
1528623502881849344,actor_T37,2022-05-23,AFD,right,-1.019745
1528693980178915330,actor_T19,2022-05-23,Alliance 90/The Greens,middle,0.945007
1528711428001124354,actor_T18,2022-05-23,AFD,right,-0.240697
1528754004091600896,actor_T11,2022-05-23,Alliance 90/The Greens,middle,0.585429
1529104259060486144,actor_T20,2022-05-24,The Left Party,left,-0.253668
1529129809426653187,actor_T16,2022-05-24,The Left Party,left,-0.192191
1529135564032823296,actor_T01,2022-05-24,Alliance 90/The Greens,middle,1.693694
1529144809339994113,actor_T36,2022-05-24,Alliance 90/The Greens,middle,0.372119
1529424759385165826,actor_T02,2022-05-25,FDP,middle,-1.344327
1529917631846830099,actor_T16,2022-05-26,The Left Party,left,-1.041562
1530187251338076160,actor_T13,2022-05-27,CDU/CSU,middle,-0.556391
1531037457403240454,actor_T16,2022-05-29,The Left Party,left,-0.193308
1531876362998398976,actor_T07,2022-06-01,CDU/CSU,middle,0.31836
1532669776933314560,actor_T01,2022-06-03,Alliance 90/The Greens,middle,1.052594
1532703137089392643,actor_T05,2022-06-03,SPD,middle,0.094693
1532703848497827841,actor_T16,2022-06-03,The Left Party,left,-0.866953
1533502569884094465,actor_T40,2022-06-05,FDP,middle,2.170667
1533749055683174401,actor_T03,2022-06-06,CDU/CSU,middle,0.168322
1533840189583392770,actor_T02,2022-06-06,FDP,middle,-0.894942
1534460468768739329,actor_T34,2022-06-08,The Left Party,left,0.98275
1534519026969370624,actor_T16,2022-06-08,The Left Party,left,-0.840314
1534718311853961218,actor_T05,2022-06-09,SPD,middle,-0.757773
1534856174385999872,actor_T01,2022-06-09,Alliance 90/The Greens,middle,0.837772
1534982367080763394,actor_T11,2022-06-09,Alliance 90/The Greens,middle,-0.861735
1535034885995479042,actor_T16,2022-06-09,The Left Party,left,-0.065883
1535232263352467457,actor_T06,2022-06-10,The Left Party,left,-0.002622
1536318352808886272,actor_T16,2022-06-13,The Left Party,left,-0.229236
1536667369438949377,actor_T20,2022-06-14,The Left Party,left,-0.202222
1536839266235469825,actor_T19,2022-06-14,Alliance 90/The Greens,middle,-0.874587
1537104486921031680,actor_T11,2022-06-15,Alliance 90/The Greens,middle,0.745838
1537552310007742464,actor_T02,2022-06-16,FDP,middle,0.86426
1537714344342978560,actor_T03,2022-06-17,CDU/CSU,middle,-0.404549
1537831697273741313,actor_T16,2022-06-17,The Left Party,left,-0.011392
1538169769261731842,actor_T33,2022-06-18,SPD,middle,0.297925
1538660179679621120,actor_T31,2022-06-19,The Left Party,left,-0.31055
1538821753346072578,actor_T11,2022-06-20,Alliance 90/The Greens,middle,1.900419
1538909094140157954,actor_T09,2022-06-20,The Left Party,left,0.096529
1538917819424854016,actor_T27,2022-06-20,CDU/CSU,middle,0.07278
1538937228457558016,actor_T20,2022-06-20,The Left Party,left,0.017552
1539266730152841222,actor_T01,2022-06-21,Alliance 90/The Greens,middle,-0.268845
1539484442682707974,actor_T35,2022-06-22,FDP,middle,-0.479479
1539539985174515712,actor_T36,2022-06-22,Alliance 90/The Greens,middle,0.285657
1539577661592424449,actor_T40,2022-06-22,FDP,middle,-0.449516
1539646652750843905,actor_T24,2022-06-22,AFD,right,-0.398211
1539729640499068932,actor_T13,2022-06-22,CDU/CSU,middle,-0.466321
1539930075390427136,actor_T16,2022-06-23,The Left Party,left,-1.160875
1539939522171092993,actor_T03,2022-06-23,CDU/CSU,middle,0.29662
1539950495204261888,actor_T04,2022-06-23,AFD,right,-0.348758
1540198822076420096,actor_T23,2022-06-24,SPD,middle,0.024003
1540664191589257218,actor_T37,2022-06-25,AFD,right,-0.312937
1540768593897574400,actor_T16,2022-06-25,The Left Party,left,-0.586022
1541061817568567299,actor_T05,2022-06-26,SPD,middle,-0.335914
1541667521882882048,actor_T11,2022-06-28,Alliance 90/The Greens,middle,-0.246511
1541812764687081474,actor_T07,2022-06-28,CDU/CSU,middle,0.708778
1542078929615421441,actor_T01,2022-06-29,Alliance 90/The Greens,middle,1.22836
1542238409925722113,actor_T30,2022-06-29,FDP,middle,1.248414
1542928108692586498,actor_T01,2022-07-01,Alliance 90/The Greens,middle,0.043326
1542934981500178432,actor_T20,2022-07-01,The Left Party,left,0.620761
1542960504871829507,actor_T02,2022-07-01,FDP,middle,1.139692
1543298414103896065,actor_T16,2022-07-02,The Left Party,left,-0.774631
1543362965105246213,actor_T03,2022-07-02,CDU/CSU,middle,0.547766
1544666089883402246,actor_T24,2022-07-06,AFD,right,-1.115753
1544938026974978050,actor_T05,2022-07-07,SPD,middle,1.298129
1545094785102450693,actor_T01,2022-07-07,Alliance 90/The Greens,middle,0.490411
1545345350692753411,actor_T16,2022-07-08,The Left Party,left,0.897567
1545421574576214016,actor_T11,2022-07-08,Alliance 90/The Greens,middle,0.847754
1545709595678674948,actor_T18,2022-07-09,AFD,right,0.723231
1545781696733319168,actor_T02,2022-07-09,FDP,middle,0.921535
1545881322677325824,actor_T31,2022-07-09,The Left Party,left,0.087494
1546240043957817345,actor_T40,2022-07-10,FDP,middle,0.317963
1546482134776422405,actor_T15,2022-07-11,SPD,middle,0.462843
1546549436201017347,actor_T37,2022-07-11,AFD,right,0.149623
1546561586764054531,actor_T06,2022-07-11,The Left Party,left,0.953096
1546876417635504128,actor_T01,2022-07-12,Alliance 90/The Greens,middle,0.170252
1546904248604057601,actor_T34,2022-07-12,The Left Party,left,1.042064
1547128693981593603,actor_T32,2022-07-13,CDU/CSU,middle,0.912692
1547913337811259393,actor_T16,2022-07-15,The Left Party,left,-0.952087
1547939649024245762,actor_T20,2022-07-15,The Left Party,left,-0.098942
1548960566009630726,actor_T19,2022-07-18,Alliance 90/The Greens,middle,1.048521
1548992388802269185,actor_T01,2022-07-18,Alliance 90/The Greens,middle,0.064794
1549069102232358915,actor_T16,2022-07-18,The Left Party,left,-0.795633
1549498655853481986,actor_T02,2022-07-19,FDP,middle,0.839108
1549674240630194176,actor_T03,2022-07-20,CDU/CSU,middle,0.203987
1549744791486959617,actor_T36,2022-07-20,Alliance 90/The Greens,middle,0.883768
1549797857644929024,actor_T13,2022-07-20,CDU/CSU,middle,0.155401
1550072395607719937,actor_T16,2022-07-21,The Left Party,left,-0.756244
1550167279777751041,actor_T05,2022-07-21,SPD,middle,0.379299
1550355092485857280,actor_T05,2022-07-22,SPD,middle,1.433861
1550746363473821696,actor_T33,2022-07-23,SPD,middle,0.267742
1551131889792172032,actor_T16,2022-07-24,The Left Party,left,0.059135
1551258754565476353,actor_T02,2022-07-24,FDP,middle,-0.149136
1551950901673431040,actor_T25,2022-07-26,The Left Party,left,-0.773852
1552017008996372484,actor_T16,2022-07-26,The Left Party,left,-0.243694
1552316745381253120,actor_T31,2022-07-27,The Left Party,left,-0.785179
1552755737578930177,actor_T16,2022-07-28,The Left Party,left,-1.176048
1552790127310782464,actor_T16,2022-07-28,The Left Party,left,-0.810893
1552995971491045376,actor_T11,2022-07-29,Alliance 90/The Greens,middle,0.461041
1553250384411561985,actor_T37,2022-07-30,AFD,right,0.308495
1553972324218593280,actor_T04,2022-08-01,AFD,right,-0.683427
1554171684537729024,actor_T07,2022-08-01,CDU/CSU,middle,-0.224071
1554199955237380096,actor_T16,2022-08-01,The Left Party,left,-0.183089
1554808492535545861,actor_T20,2022-08-03,The Left Party,left,0.433927
1554905815488012288,actor_T18,2022-08-03,AFD,right,-0.428505
1555203976093700097,actor_T30,2022-08-04,FDP,middle,-0.246687
1555203987057610753,actor_T30,2022-08-04,FDP,middle,-0.423444
1555217147030282242,actor_T30,2022-08-04,FDP,middle,-0.749202
1555255645309394947,actor_T25,2022-08-04,The Left Party,left,-1.55979
1555492266227257344,actor_T16,2022-08-05,The Left Party,left,-0.179996
1555634140795510785,actor_T30,2022-08-05,FDP,middle,0.222166
1555670488990355456,actor_T30,2022-08-05,FDP,middle,0.273057
1556266231438741506,actor_T04,2022-08-07,AFD,right,0.821646
1556612445342416898,actor_T31,2022-08-08,The Left Party,left,-0.154493
1556725667697463297,actor_T16,2022-08-08,The Left Party,left,-1.200151
1556764398722719745,actor_T19,2022-08-08,Alliance 90/The Greens,middle,0.344283
1557394435331297280,actor_T20,2022-08-10,The Left Party,left,-0.392418
1557403437427466243,actor_T40,2022-08-10,FDP,middle,-0.47916
1557584253696839681,actor_T04,2022-08-11,AFD,right,0.80448
1557693201007378432,actor_T16,2022-08-11,The Left Party,left,-1.081778
1558110423508975618,actor_T13,2022-08-12,CDU/CSU,middle,-0.743696
1558183650855993346,actor_T37,2022-08-12,AFD,right,-0.366924
1558613155420553219,actor_T16,2022-08-14,The Left Party,left,-0.520358
1558929661664661510,actor_T36,2022-08-14,Alliance 90/The Greens,middle,1.218537
1559283245061214214,actor_T25,2022-08-15,The Left Party,left,-0.475054
1559447739200684035,actor_T32,2022-08-16,CDU/CSU,middle,-0.77872
1559828158207168512,actor_T24,2022-08-17,AFD,right,-1.440716
1559913955031670790,actor_T20,2022-08-17,The Left Party,left,-0.608705
1560297732300046338,actor_T11,2022-08-18,Alliance 90/The Greens,middle,0.467275
1560595255224700929,actor_T16,2022-08-19,The Left Party,left,0.200995
1560660567840665600,actor_T19,2022-08-19,Alliance 90/The Greens,middle,-0.002482
1561071224171552769,actor_T37,2022-08-20,AFD,right,0.783445
1561797647987613697,actor_T27,2022-08-22,CDU/CSU,middle,1.880395
1562704573185138688,actor_T01,2022-08-25,Alliance 90/The Greens,middle,0.294781
1562719685442883590,actor_T24,2022-08-25,AFD,right,-0.322066
1562776875545423874,actor_T11,2022-08-25,Alliance 90/The Greens,middle,-0.653595
1562874609250156544,actor_T16,2022-08-25,The Left Party,left,0.588919
1563492229595168774,actor_T07,2022-08-27,CDU/CSU,middle,-0.97499
1563569280230490112,actor_T02,2022-08-27,FDP,middle,-0.224282
1563824870647111680,actor_T11,2022-08-28,Alliance 90/The Greens,middle,1.015792
1564123791621595139,actor_T40,2022-08-29,FDP,middle,0.5438
1564143033842601984,actor_T10,2022-08-29,SPD,middle,-0.474026
1564201421918162944,actor_T03,2022-08-29,CDU/CSU,middle,0.082871
1564205404061667328,actor_T04,2022-08-29,AFD,right,-0.08879
1564297782034300928,actor_T23,2022-08-29,SPD,middle,-0.320043
1564914516487557120,actor_T37,2022-08-31,AFD,right,-1.092095
1565601157548019712,actor_T16,2022-09-02,The Left Party,left,-1.170256
1565646241710718976,actor_T05,2022-09-02,SPD,middle,-0.076358
1565745819365646336,actor_T13,2022-09-02,CDU/CSU,middle,-1.437413
1566526122371825666,actor_T05,2022-09-04,SPD,middle,-0.314772
1566724442880892929,actor_T09,2022-09-05,The Left Party,left,0.275328
1566780730771914753,actor_T34,2022-09-05,The Left Party,left,-1.548071
1566831043046477825,actor_T20,2022-09-05,The Left Party,left,-0.374806
1566908206512750593,actor_T25,2022-09-05,The Left Party,left,-0.754515
1567097799904206851,actor_T31,2022-09-06,The Left Party,left,-0.161051
1567101969055055882,actor_T01,2022-09-06,Alliance 90/The Greens,middle,0.0987
1567167306572206086,actor_T03,2022-09-06,CDU/CSU,middle,0.940755
1567530410522951680,actor_T02,2022-09-07,FDP,middle,0.371599
1567781669188390912,actor_T11,2022-09-08,Alliance 90/The Greens,middle,0.00912
1567795759365365761,actor_T16,2022-09-08,The Left Party,left,-0.293961
1567938340049289217,actor_T32,2022-09-08,CDU/CSU,middle,-0.511888
1567987998435983360,actor_T04,2022-09-08,AFD,right,0.269952
1568166007847387137,actor_T20,2022-09-09,The Left Party,left,0.168128
1568227686618652674,actor_T07,2022-09-09,CDU/CSU,middle,-0.204809
1568530348228624386,actor_T37,2022-09-10,AFD,right,0.059552
1568615578142662657,actor_T06,2022-09-10,The Left Party,left,0.286988
1568946982298714116,actor_T11,2022-09-11,Alliance 90/The Greens,middle,0.624223
1569017621642633216,actor_T16,2022-09-11,The Left Party,left,-0.647513
1569417364910866434,actor_T36,2022-09-12,Alliance 90/The Greens,middle,-0.799482
1569629350491815936,actor_T02,2022-09-13,FDP,middle,-0.71968
1569669003571859457,actor_T40,2022-09-13,FDP,middle,0.192975
1569987025251741698,actor_T01,2022-09-14,Alliance 90/The Greens,middle,0.549797
1570107020166021121,actor_T16,2022-09-14,The Left Party,left,-0.898145
1570165715801358336,actor_T20,2022-09-14,The Left Party,left,-1.000615
1570422296770117632,actor_T05,2022-09-15,SPD,middle,0.409743
1570729625915133953,actor_T33,2022-09-16,SPD,middle,0.371842
1570788849550491649,actor_T05,2022-09-16,SPD,middle,1.521964
1571089288195874818,actor_T11,2022-09-17,Alliance 90/The Greens,middle,-0.133891
1571587902458437639,actor_T18,2022-09-18,AFD,right,-0.190632
1571749625379291141,actor_T24,2022-09-19,AFD,right,-0.064884
1571819325090136064,actor_T19,2022-09-19,Alliance 90/The Greens,middle,0.693983
1571842939264946176,actor_T09,2022-09-19,The Left Party,left,-1.677569
1571867684547235841,actor_T16,2022-09-19,The Left Party,left,-0.441108
1572136508827516928,actor_T30,2022-09-20,FDP,middle,0.779359
1572168964054126592,actor_T13,2022-09-20,CDU/CSU,middle,-0.43089
1572189939109863424,actor_T04,2022-09-20,AFD,right,-0.039132
1572606372050599936,actor_T40,2022-09-21,FDP,middle,0.263427
1572930058800738307,actor_T23,2022-09-22,SPD,middle,0.043437
1572947184206680065,actor_T20,2022-09-22,The Left Party,left,1.418457
1573234257601994752,actor_T37,2022-09-23,AFD,right,0.181662
1573625965665722368,actor_T11,2022-09-24,Alliance 90/The Greens,middle,0.366254
1573786511409127424,actor_T16,2022-09-24,The Left Party,left,-0.40998
1574313019219316736,actor_T31,2022-09-26,The Left Party,left,-0.401992
1574351854863093760,actor_T02,2022-09-26,FDP,middle,1.30238
1574437263307677700,actor_T01,2022-09-26,Alliance 90/The Greens,middle,0.232562
1574714955856855047,actor_T22,2022-09-27,AFD,right,0.780778
1574731264879304704,actor_T36,2022-09-27,Alliance 90/The Greens,middle,-0.097904
1574830611822514217,actor_T15,2022-09-27,SPD,middle,-1.346288
1575422120150056961,actor_T09,2022-09-29,The Left Party,left,-0.527038
1575488268837130241,actor_T24,2022-09-29,AFD,right,-1.397292
1575491355153170433,actor_T05,2022-09-29,SPD,middle,0.291023
1575542616359567360,actor_T07,2022-09-29,CDU/CSU,middle,0.944397
1575928017108467712,actor_T34,2022-09-30,The Left Party,left,-0.085214
1576314121661820928,actor_T16,2022-10-01,The Left Party,left,-0.921161
1576815937851777024,actor_T40,2022-10-03,FDP,middle,-0.619092
1576922367997415427,actor_T05,2022-10-03,SPD,middle,1.060126
1576935338299502597,actor_T27,2022-10-03,CDU/CSU,middle,-0.133104
1577370780341571590,actor_T20,2022-10-04,The Left Party,left,-0.034615
1577567328685940736,actor_T37,2022-10-05,AFD,right,-0.854632
1577959974168412161,actor_T16,2022-10-06,The Left Party,left,-1.195643
1578024341513437187,actor_T36,2022-10-06,Alliance 90/The Greens,middle,2.049126
1578032246220820481,actor_T11,2022-10-06,Alliance 90/The Greens,middle,0.585808
1578368630076502016,actor_T01,2022-10-07,Alliance 90/The Greens,middle,0.106251
1578417074535178242,actor_T32,2022-10-07,CDU/CSU,middle,0.048359
1579434798854311936,actor_T09,2022-10-10,The Left Party,left,-0.08534
1579462582863560705,actor_T13,2022-10-10,CDU/CSU,middle,-0.673496
1579917990732390401,actor_T02,2022-10-11,FDP,middle,-0.073213
1579959138238726144,actor_T03,2022-10-11,CDU/CSU,middle,0.449844
1580069760154230785,actor_T04,2022-10-12,AFD,right,-0.06622
1580194269561643008,actor_T33,2022-10-12,SPD,middle,0.156752
1580508976663650304,actor_T16,2022-10-13,The Left Party,left,-0.411542
1580542210294304770,actor_T36,2022-10-13,Alliance 90/The Greens,middle,0.420741
1580584749831069696,actor_T01,2022-10-13,Alliance 90/The Greens,middle,-0.002499
1580786402354409472,actor_T37,2022-10-14,AFD,right,-0.357772
1580980640409083904,actor_T11,2022-10-14,Alliance 90/The Greens,middle,0.012109
1581532186154786816,actor_T20,2022-10-16,The Left Party,left,-1.032943
1581717797964754945,actor_T31,2022-10-16,The Left Party,left,0.208876
1581730352271626240,actor_T40,2022-10-16,FDP,middle,-0.594838
1581963829562384384,actor_T19,2022-10-17,Alliance 90/The Greens,middle,0.057454
1582045176151040000,actor_T30,2022-10-17,FDP,middle,-0.4673
1582313873499394049,actor_T01,2022-10-18,Alliance 90/The Greens,middle,0.567433
1582454034618732544,actor_T16,2022-10-18,The Left Party,left,-0.644124
1582998056370216960,actor_T36,2022-10-20,Alliance 90/The Greens,middle,-0.284135
1583468287014625281,actor_T11,2022-10-21,Alliance 90/The Greens,middle,0.896026
1583479783148908544,actor_T05,2022-10-21,SPD,middle,-0.99034
1584559439079968768,actor_T04,2022-10-24,AFD,right,-0.138262
1585014454084722688,actor_T16,2022-10-25,The Left Party,left,-0.033786
1585141949526200320,actor_T37,2022-10-26,AFD,right,-0.209783
1585153248809586688,actor_T01,2022-10-26,Alliance 90/The Greens,middle,-0.947931
1585365797253570560,actor_T09,2022-10-26,The Left Party,left,-0.853163
1585703950854004736,actor_T36,2022-10-27,Alliance 90/The Greens,middle,0.872262
1585728094010122240,actor_T40,2022-10-27,FDP,middle,-0.365513
1586717791184470017,actor_T16,2022-10-30,The Left Party,left,-0.64325
1586745572207140864,actor_T24,2022-10-30,AFD,right,-0.181728
1586991742309568512,actor_T05,2022-10-31,SPD,middle,-1.635424
1587057452067029000,actor_T02,2022-10-31,FDP,middle,-0.577758
1587482126571769858,actor_T11,2022-11-01,Alliance 90/The Greens,middle,0.602164
1587510911551553536,actor_T18,2022-11-01,AFD,right,-0.696181
1587518401878151168,actor_T03,2022-11-01,CDU/CSU,middle,-0.096889
1588552117249155072,actor_T24,2022-11-04,AFD,right,-0.108105
1588564221482389504,actor_T32,2022-11-04,CDU/CSU,middle,0.02468
1588608661936820224,actor_T16,2022-11-04,The Left Party,left,-1.222812
1588812145533206528,actor_T13,2022-11-05,CDU/CSU,middle,-0.89872
1588931809282523141,actor_T23,2022-11-05,SPD,middle,-0.78423
1589072954432049152,actor_T19,2022-11-06,Alliance 90/The Greens,middle,-0.12824
1589178362400239617,actor_T33,2022-11-06,SPD,middle,0.856973
1589262109535522816,actor_T20,2022-11-06,The Left Party,left,-0.871386
1589606477052116992,actor_T07,2022-11-07,CDU/CSU,middle,0.48578
1589610060975857664,actor_T15,2022-11-07,SPD,middle,0.244098
1589906255165812736,actor_T36,2022-11-08,Alliance 90/The Greens,middle,0.81602
1590043750575013889,actor_T01,2022-11-08,Alliance 90/The Greens,middle,0.438277
1590281696460800003,actor_T04,2022-11-09,AFD,right,-0.61507
1590327055618813952,actor_T11,2022-11-09,Alliance 90/The Greens,middle,0.678008
1590414120582795265,actor_T02,2022-11-09,FDP,middle,-0.439137
1590638466735706113,actor_T30,2022-11-10,FDP,middle,-0.627918
1590851938438238208,actor_T40,2022-11-10,FDP,middle,1.587537
1591070734503317505,actor_T11,2022-11-11,Alliance 90/The Greens,middle,0.566992
1591133002377363456,actor_T16,2022-11-11,The Left Party,left,-1.452063
1591359973329887233,actor_T05,2022-11-12,SPD,middle,0.21822
1591361876138414081,actor_T03,2022-11-12,CDU/CSU,middle,2.337056
1591409279063719936,actor_T05,2022-11-12,SPD,middle,-0.492061
1591498672285810690,actor_T40,2022-11-12,FDP,middle,-0.893614
1591539073084444672,actor_T24,2022-11-12,AFD,right,-0.401005
1591771821799772164,actor_T09,2022-11-13,The Left Party,left,-0.362896
1591809421503565826,actor_T37,2022-11-13,AFD,right,-1.535731
1592074745973207041,actor_T27,2022-11-14,CDU/CSU,middle,-0.261406
1592163923603881984,actor_T01,2022-11-14,Alliance 90/The Greens,middle,0.019682
1592550944314904584,actor_T16,2022-11-15,The Left Party,left,0.290711
1592840564562866178,actor_T05,2022-11-16,SPD,middle,0.581398
1592844830052581383,actor_T11,2022-11-16,Alliance 90/The Greens,middle,0.347673
1592847481888382976,actor_T33,2022-11-16,SPD,middle,0.677766
1593186865796239360,actor_T22,2022-11-17,AFD,right,-0.576218
1593261547106848769,actor_T36,2022-11-17,Alliance 90/The Greens,middle,-1.188559
1593564794610663426,actor_T34,2022-11-18,The Left Party,left,-0.538639
1593623006059802625,actor_T32,2022-11-18,CDU/CSU,middle,0.115936
1593644438248718336,actor_T01,2022-11-18,Alliance 90/The Greens,middle,0.141397
1593957514508660739,actor_T16,2022-11-19,The Left Party,left,1.461601
1594833378553237507,actor_T19,2022-11-21,Alliance 90/The Greens,middle,0.37528
1594979701055188992,actor_T02,2022-11-22,FDP,middle,0.204782
1595071070247309313,actor_T11,2022-11-22,Alliance 90/The Greens,middle,1.330864
1595144294087921665,actor_T16,2022-11-22,The Left Party,left,-0.407906
1595722217437937667,actor_T01,2022-11-24,Alliance 90/The Greens,middle,0.009294
1595735607753703427,actor_T40,2022-11-24,FDP,middle,-0.060423
1595744743312752642,actor_T31,2022-11-24,The Left Party,left,-1.038248
1595783434185629702,actor_T37,2022-11-24,AFD,right,-0.110484
1595892470575173633,actor_T16,2022-11-24,The Left Party,left,0.39481
1596213582571909120,actor_T36,2022-11-25,Alliance 90/The Greens,middle,-0.305294
1596400443072335872,actor_T35,2022-11-26,FDP,middle,0.653824
1596434022636425216,actor_T11,2022-11-26,Alliance 90/The Greens,middle,0.617577
1596558584154050561,actor_T29,2022-11-26,The Left Party,left,0.471618
1597119039788453890,actor_T20,2022-11-28,The Left Party,left,0.859807
1597136316621168640,actor_T04,2022-11-28,AFD,right,0.958377
1597559606921744386,actor_T40,2022-11-29,FDP,middle,0.792282
1597613131739836416,actor_T33,2022-11-29,SPD,middle,0.137443
1597845251729010690,actor_T13,2022-11-30,CDU/CSU,middle,-1.005876
1597890522689204224,actor_T05,2022-11-30,SPD,middle,0.165693
1598269336703365120,actor_T16,2022-12-01,The Left Party,left,-0.310803
1598397093315575817,actor_T01,2022-12-01,Alliance 90/The Greens,middle,0.222104
1598611949436149760,actor_T11,2022-12-02,Alliance 90/The Greens,middle,0.405435
1599049333072023552,actor_T05,2022-12-03,SPD,middle,0.472056
1599074260022009857,actor_T02,2022-12-03,FDP,middle,1.365952
1599470726725402625,actor_T36,2022-12-04,Alliance 90/The Greens,middle,-1.320821
1599880026312228865,actor_T22,2022-12-05,AFD,right,1.791016
1600077852526854144,actor_T05,2022-12-06,SPD,middle,0.432807
1600138471808434177,actor_T20,2022-12-06,The Left Party,left,-0.230935
1600143197321035777,actor_T16,2022-12-06,The Left Party,left,-0.099331
1600172953529745413,actor_T01,2022-12-06,Alliance 90/The Greens,middle,-0.186754
1600456375812775937,actor_T23,2022-12-07,SPD,middle,-0.463278
1600743007199715328,actor_T37,2022-12-08,AFD,right,-1.200319
1600779610865930241,actor_T04,2022-12-08,AFD,right,-1.099842
1600808610405437440,actor_T07,2022-12-08,CDU/CSU,middle,0.680911
1600904851059200000,actor_T11,2022-12-08,Alliance 90/The Greens,middle,0.262205
1601264227875889152,actor_T16,2022-12-09,The Left Party,left,-0.428035
1601523471569235968,actor_T36,2022-12-10,Alliance 90/The Greens,middle,0.637401
1601565021795852290,actor_T15,2022-12-10,SPD,middle,0.637401
1602007635242393601,actor_T05,2022-12-11,SPD,middle,1.094616
1602311684785332230,actor_T01,2022-12-12,Alliance 90/The Greens,middle,0.37439
1602588749178757121,actor_T16,2022-12-13,The Left Party,left,-0.986059
1602657318482714628,actor_T11,2022-12-13,Alliance 90/The Greens,middle,0.93322
1602664226677559297,actor_T19,2022-12-13,Alliance 90/The Greens,middle,0.380062
1603066570481221632,actor_T24,2022-12-14,AFD,right,-0.544826
1603076558779973632,actor_T40,2022-12-14,FDP,middle,-0.557488
1603663274251354114,actor_T16,2022-12-16,The Left Party,left,0.859427
1603705548888743936,actor_T04,2022-12-16,AFD,right,0.685838
1603798050043994112,actor_T11,2022-12-16,Alliance 90/The Greens,middle,-0.069734
1604225540168519680,actor_T03,2022-12-17,CDU/CSU,middle,1.375551
1604490346414673921,actor_T32,2022-12-18,CDU/CSU,middle,-0.957868
1604617511655424000,actor_T37,2022-12-18,AFD,right,-0.135261
1604725122434490368,actor_T02,2022-12-19,FDP,middle,-0.230572
1604945876065067048,actor_T01,2022-12-19,Alliance 90/The Greens,middle,-0.200344
1605533536265478144,actor_T16,2022-12-21,The Left Party,left,-0.028499
1605906373362991105,actor_T11,2022-12-22,Alliance 90/The Greens,middle,0.49172
1605966052860608512,actor_T24,2022-12-22,AFD,right,-0.352844
1606005929375281152,actor_T09,2022-12-22,The Left Party,left,0.306454
1606054179427926016,actor_T36,2022-12-22,Alliance 90/The Greens,middle,-0.602297
1606681301087670272,actor_T16,2022-12-24,The Left Party,left,2.132463
1606683962298048518,actor_T02,2022-12-24,FDP,middle,-0.419428
1608158003349405696,actor_T16,2022-12-28,The Left Party,left,0.500558
1608186769446428679,actor_T13,2022-12-28,CDU/CSU,middle,0.734494
1608487440192258048,actor_T33,2022-12-29,SPD,middle,0.333732
1608778578153603074,actor_T36,2022-12-30,Alliance 90/The Greens,middle,-0.400021
1609175420125040645,actor_T05,2022-12-31,SPD,middle,-0.443462
1609278962961731591,actor_T37,2022-12-31,AFD,right,0.030152
1609339570356723712,actor_T20,2023-01-01,The Left Party,left,-0.722398
1609357184764186625,actor_T16,2023-01-01,The Left Party,left,-0.434454
1609698981420085253,actor_T30,2023-01-01,FDP,middle,-1.085391
1610358480967290883,actor_T22,2023-01-03,AFD,right,-0.59877
1610891119293759489,actor_T07,2023-01-05,CDU/CSU,middle,0.835385
1610914845385269250,actor_T02,2023-01-05,FDP,middle,0.517017
1611421510790483997,actor_T18,2023-01-06,AFD,right,-0.131681
1611463660177879040,actor_T20,2023-01-06,The Left Party,left,0.329764
1611471157869568000,actor_T16,2023-01-06,The Left Party,left,1.007245
1612043656789200898,actor_T32,2023-01-08,CDU/CSU,middle,-0.646952
1612395112910168065,actor_T01,2023-01-09,Alliance 90/The Greens,middle,-1.404333
1612427170541969408,actor_T05,2023-01-09,SPD,middle,-0.606562
1612479812676755457,actor_T06,2023-01-09,The Left Party,left,0.553071
1612581569939619842,actor_T16,2023-01-09,The Left Party,left,-0.082922
1612721926530633730,actor_T11,2023-01-10,Alliance 90/The Greens,middle,0.666533
1612724932059725825,actor_T36,2023-01-10,Alliance 90/The Greens,middle,1.612314
1612889405965930509,actor_T40,2023-01-10,FDP,middle,-0.160151
1612902904309989377,actor_T19,2023-01-10,Alliance 90/The Greens,middle,-0.686677
1612920243906809857,actor_T37,2023-01-10,AFD,right,-0.98127
1613128655764422661,actor_T24,2023-01-11,AFD,right,-0.285758
1613294641021091840,actor_T20,2023-01-11,The Left Party,left,0.24144
1613500290933694466,actor_T14,2023-01-12,AFD,right,-0.327093
1613621865624256513,actor_T34,2023-01-12,The Left Party,left,-0.027594
1613647183995367424,actor_T19,2023-01-12,Alliance 90/The Greens,middle,0.268997
1613849030714335239,actor_T31,2023-01-13,The Left Party,left,0.481433
1613851282313297921,actor_T20,2023-01-13,The Left Party,left,-1.227247
1613862256067989504,actor_T29,2023-01-13,The Left Party,left,0.255545
1613926620431282183,actor_T27,2023-01-13,CDU/CSU,middle,-0.826336
1614274950105276416,actor_T03,2023-01-14,CDU/CSU,middle,1.116697
1614438027409108997,actor_T16,2023-01-15,The Left Party,left,1.236208
1615030599198048260,actor_T36,2023-01-16,Alliance 90/The Greens,middle,0.360174
1615056736045658113,actor_T32,2023-01-16,CDU/CSU,middle,1.326184
1615947370784489472,actor_T04,2023-01-19,AFD,right,0.091101
1615968322687746050,actor_T01,2023-01-19,Alliance 90/The Greens,middle,-0.056531
1615980688410296322,actor_T02,2023-01-19,FDP,middle,-0.008091
1615990477035028484,actor_T23,2023-01-19,SPD,middle,-0.122929
1616082744165158921,actor_T11,2023-01-19,Alliance 90/The Greens,middle,1.205526
1616168150520799233,actor_T20,2023-01-19,The Left Party,left,0.305601
1616249606781734913,actor_T19,2023-01-20,Alliance 90/The Greens,middle,-0.952765
1616447063037988866,actor_T13,2023-01-20,CDU/CSU,middle,-0.65262
1616547012828139520,actor_T16,2023-01-20,The Left Party,left,1.242048
1616654202956029952,actor_T05,2023-01-21,SPD,middle,-0.991613
1616861663856058369,actor_T09,2023-01-21,The Left Party,left,0.102658
1617069409511608320,actor_T20,2023-01-22,The Left Party,left,0.412167
1617467430271619072,actor_T15,2023-01-23,SPD,middle,0.164734
1617586048430637066,actor_T22,2023-01-23,AFD,right,1.039038
1617589244293443584,actor_T36,2023-01-23,Alliance 90/The Greens,middle,-0.195807
1617865468911681538,actor_T05,2023-01-24,SPD,middle,0.562713
1617866830953213954,actor_T40,2023-01-24,FDP,middle,0.232172
1617891396031217664,actor_T01,2023-01-24,Alliance 90/The Greens,middle,0.023756
1617931642169102337,actor_T11,2023-01-24,Alliance 90/The Greens,middle,0.749921
1618310214356439040,actor_T24,2023-01-25,AFD,right,-0.124439
1618521887818252288,actor_T16,2023-01-26,The Left Party,left,-0.025346
1618576353816875009,actor_T14,2023-01-26,AFD,right,-0.53764
1618881174285488129,actor_T04,2023-01-27,AFD,right,0.644815
1618949032289902592,actor_T32,2023-01-27,CDU/CSU,middle,-1.357141
1619362810487783427,actor_T02,2023-01-28,FDP,middle,-1.262442
1619430269022527488,actor_T37,2023-01-28,AFD,right,-0.795363
1619596458331885568,actor_T36,2023-01-29,Alliance 90/The Greens,middle,0.03796
1620449282137657344,actor_T07,2023-01-31,CDU/CSU,middle,0.362823
1620674933251768320,actor_T05,2023-02-01,SPD,middle,-0.309518
1621094930868494337,actor_T36,2023-02-02,Alliance 90/The Greens,middle,-1.320976
1621224692450316288,actor_T31,2023-02-02,The Left Party,left,-0.120767
1621405311696338945,actor_T03,2023-02-03,CDU/CSU,middle,0.755235
1621405543234420736,actor_T16,2023-02-03,The Left Party,left,-0.175815
1622385702926274563,actor_T19,2023-02-06,Alliance 90/The Greens,middle,-0.903465
1622567250522738695,actor_T20,2023-02-06,The Left Party,left,0.108887
1622885945413361665,actor_T16,2023-02-07,The Left Party,left,0.588588
1623052882382561288,actor_T32,2023-02-07,CDU/CSU,middle,0.194648
1623374269831909396,actor_T36,2023-02-08,Alliance 90/The Greens,middle,0.985954
1623379480923234305,actor_T11,2023-02-08,Alliance 90/The Greens,middle,1.646421
1623386100671586320,actor_T05,2023-02-08,SPD,middle,0.118883
1623613029324660736,actor_T01,2023-02-09,Alliance 90/The Greens,middle,0.419872
1623682333097295872,actor_T40,2023-02-09,FDP,middle,-0.393565
1623731466084425730,actor_T30,2023-02-09,FDP,middle,-0.523354
1623887390585520134,actor_T09,2023-02-10,The Left Party,left,1.169054
1624078059513978885,actor_T33,2023-02-10,SPD,middle,0.250082
1624705746188308483,actor_T02,2023-02-12,FDP,middle,-0.674789
1625076655977799680,actor_T14,2023-02-13,AFD,right,0.11601
1625190015306240006,actor_T31,2023-02-13,The Left Party,left,0.025868
1625423071573164032,actor_T16,2023-02-14,The Left Party,left,-0.943746
1625510129855504386,actor_T05,2023-02-14,SPD,middle,1.212095
1625584369124401168,actor_T32,2023-02-14,CDU/CSU,middle,0.153843
1625796839483101185,actor_T27,2023-02-15,CDU/CSU,middle,-0.846735
1625929427304517633,actor_T37,2023-02-15,AFD,right,0.431477
1626129376667484161,actor_T04,2023-02-16,AFD,right,-1.005496
1626168905029877760,actor_T30,2023-02-16,FDP,middle,-0.514687
1626188654472318981,actor_T11,2023-02-16,Alliance 90/The Greens,middle,1.060588
1626196129552498690,actor_T05,2023-02-16,SPD,middle,-0.151344
1626301523624951809,actor_T23,2023-02-16,SPD,middle,0.660348
1626482182037331969,actor_T13,2023-02-17,CDU/CSU,middle,-0.578707
1626576204915699713,actor_T09,2023-02-17,The Left Party,left,-1.141088
1626707744773353473,actor_T36,2023-02-17,Alliance 90/The Greens,middle,0.626213
1626923311937556480,actor_T20,2023-02-18,The Left Party,left,-0.112301
1627001342383235075,actor_T16,2023-02-18,The Left Party,left,-0.251022
1627267678527160324,actor_T40,2023-02-19,FDP,middle,-0.082023
1627283778409201664,actor_T24,2023-02-19,AFD,right,-0.139572
1627642761645006848,actor_T19,2023-02-20,Alliance 90/The Greens,middle,-0.055463
1628071906149601280,actor_T36,2023-02-21,Alliance 90/The Greens,middle,-1.075487
1628426804817002497,actor_T30,2023-02-22,FDP,middle,-1.643777
1628799209674625024,actor_T01,2023-02-23,Alliance 90/The Greens,middle,-0.220548
1629436064656924673,actor_T09,2023-02-25,The Left Party,left,0.208617
1629743820442042369,actor_T20,2023-02-26,The Left Party,left,-0.804153
1629863827113222146,actor_T34,2023-02-26,The Left Party,left,0.430124
1630245398098108416,actor_T36,2023-02-27,Alliance 90/The Greens,middle,-0.501671
1630254325661327360,actor_T32,2023-02-27,CDU/CSU,middle,1.320911
1630301628900179969,actor_T16,2023-02-27,The Left Party,left,0.879304
1630921996937707523,actor_T33,2023-03-01,SPD,middle,0.464016
1630936228014039040,actor_T19,2023-03-01,Alliance 90/The Greens,middle,-0.13097
1630982047266111512,actor_T04,2023-03-01,AFD,right,0.433439
1631041324752199687,actor_T31,2023-03-01,The Left Party,left,0.65073
1631241410258116608,actor_T36,2023-03-02,Alliance 90/The Greens,middle,-0.159854
1631377822672470020,actor_T01,2023-03-02,Alliance 90/The Greens,middle,0.657449
1631411048057131008,actor_T30,2023-03-02,FDP,middle,-0.357867
1631562729617072128,actor_T03,2023-03-03,CDU/CSU,middle,0.309601
1631573124574527491,actor_T11,2023-03-03,Alliance 90/The Greens,middle,1.350024
1631655145334521858,actor_T40,2023-03-03,FDP,middle,-0.355338
1631660451095367681,actor_T19,2023-03-03,Alliance 90/The Greens,middle,-1.397692
1631991414748848129,actor_T19,2023-03-04,Alliance 90/The Greens,middle,-0.718055
1632045884862087172,actor_T20,2023-03-04,The Left Party,left,-1.559466
1632108869844336645,actor_T18,2023-03-04,AFD,right,0.66573
1632311262661967872,actor_T19,2023-03-05,Alliance 90/The Greens,middle,-0.445279
1632476348546465792,actor_T37,2023-03-05,AFD,right,-0.380731
1632761226987012096,actor_T36,2023-03-06,Alliance 90/The Greens,middle,-0.620944
1633073227629985793,actor_T16,2023-03-07,The Left Party,left,-0.850747
1633143107830128641,actor_T14,2023-03-07,AFD,right,-0.941084
1633389472153829377,actor_T07,2023-03-08,CDU/CSU,middle,0.652293
1634199128308686850,actor_T19,2023-03-10,Alliance 90/The Greens,middle,1.810652
1634517857085140992,actor_T36,2023-03-11,Alliance 90/The Greens,middle,1.332951
1634908565533261826,actor_T40,2023-03-12,FDP,middle,-0.43475
1635264289144729600,actor_T01,2023-03-13,Alliance 90/The Greens,middle,-0.292242
1635997854287233025,actor_T11,2023-03-15,Alliance 90/The Greens,middle,0.708726
1636253548638789635,actor_T05,2023-03-16,SPD,middle,1.328889
1636349848667471874,actor_T36,2023-03-16,Alliance 90/The Greens,middle,-1.310834
1636422406968360974,actor_T09,2023-03-16,The Left Party,left,-0.783661
1636998262069624832,actor_T05,2023-03-18,SPD,middle,0.27169
1637079505666711553,actor_T16,2023-03-18,The Left Party,left,-1.164684
1637161107839234050,actor_T02,2023-03-18,FDP,middle,0.872664
1637764063592677376,actor_T05,2023-03-20,SPD,middle,-0.145706
1638167211478007808,actor_T19,2023-03-21,Alliance 90/The Greens,middle,0.320804
1638226305832329225,actor_T32,2023-03-21,CDU/CSU,middle,0.337322
1638444206480924674,actor_T36,2023-03-22,Alliance 90/The Greens,middle,0.18088
1638470517060427777,actor_T04,2023-03-22,AFD,right,0.415027
1638503576459788288,actor_T19,2023-03-22,Alliance 90/The Greens,middle,-0.258878
1638600747536326659,actor_T40,2023-03-22,FDP,middle,0.714383
1639002280321224704,actor_T16,2023-03-23,The Left Party,left,-0.095821
1639008004530925569,actor_T01,2023-03-23,Alliance 90/The Greens,middle,0.030372
1639293085510250496,actor_T37,2023-03-24,AFD,right,-1.301242
1639612873851772928,actor_T36,2023-03-25,Alliance 90/The Greens,middle,1.72481
1639966777940619265,actor_T19,2023-03-26,Alliance 90/The Greens,middle,1.336265
1639967783197843457,actor_T11,2023-03-26,Alliance 90/The Greens,middle,-0.789582
1640232685447553026,actor_T05,2023-03-27,SPD,middle,0.452293
1640234690895290369,actor_T20,2023-03-27,The Left Party,left,-0.43898
1640275848090509314,actor_T13,2023-03-27,CDU/CSU,middle,0.306378
1640355130213007362,actor_T09,2023-03-27,The Left Party,left,-0.893098
1640499775677054977,actor_T31,2023-03-27,The Left Party,left,-1.188505
1640927669087813632,actor_T15,2023-03-29,SPD,middle,0.038701
1641060574716129281,actor_T11,2023-03-29,Alliance 90/The Greens,middle,-0.164621
1641076118902980609,actor_T23,2023-03-29,SPD,middle,0.027763
1641332310548045824,actor_T03,2023-03-30,CDU/CSU,middle,-0.276736
1641482589956452364,actor_T36,2023-03-30,Alliance 90/The Greens,middle,0.354397
1641552824717721600,actor_T30,2023-03-30,FDP,middle,-0.542837
1641802711678033920,actor_T01,2023-03-31,Alliance 90/The Greens,middle,-0.378821
1641845664421117954,actor_T05,2023-03-31,SPD,middle,0.085289
1641856771818938388,actor_T19,2023-03-31,Alliance 90/The Greens,middle,-0.505587
1642460800970260480,actor_T16,2023-04-02,The Left Party,left,-0.941936
1643542281562079232,actor_T19,2023-04-05,Alliance 90/The Greens,middle,0.187336
1643551326880555011,actor_T22,2023-04-05,AFD,right,0.063105
1643628430770970632,actor_T24,2023-04-05,AFD,right,0.082347
1643654386579537926,actor_T14,2023-04-05,AFD,right,0.635357
1643689773725278229,actor_T09,2023-04-05,The Left Party,left,-0.584175
1643834231892606976,actor_T27,2023-04-06,CDU/CSU,middle,1.418408
1644431633523568651,actor_T37,2023-04-07,AFD,right,-0.386689
1644735455877906432,actor_T19,2023-04-08,Alliance 90/The Greens,middle,1.573477
1645484254204239882,actor_T09,2023-04-10,The Left Party,left,-0.314305
1646036706355716096,actor_T36,2023-04-12,Alliance 90/The Greens,middle,0.442996
1646457600077189126,actor_T24,2023-04-13,AFD,right,-0.362292
1646537835221078020,actor_T19,2023-04-13,Alliance 90/The Greens,middle,-0.047759
1646818356253581314,actor_T40,2023-04-14,FDP,middle,1.642639
1646851405989261312,actor_T16,2023-04-14,The Left Party,left,1.050626
1646872096247623681,actor_T19,2023-04-14,Alliance 90/The Greens,middle,-0.613728
1646927756276449280,actor_T33,2023-04-14,SPD,middle,-0.609585
1646973222557040644,actor_T07,2023-04-14,CDU/CSU,middle,-0.965796
1647283749384536064,actor_T24,2023-04-15,AFD,right,-0.85226
1647382173811351552,actor_T31,2023-04-15,The Left Party,left,0.176932
1647696705872097281,actor_T09,2023-04-16,The Left Party,left,0.85911
1647813862127706112,actor_T11,2023-04-17,Alliance 90/The Greens,middle,0.740494
1648255647400509441,actor_T20,2023-04-18,The Left Party,left,-0.881259
1648276090740252675,actor_T36,2023-04-18,Alliance 90/The Greens,middle,-0.317744
1648339066876821504,actor_T01,2023-04-18,Alliance 90/The Greens,middle,0.992168
1648643910074343425,actor_T19,2023-04-19,Alliance 90/The Greens,middle,-0.410318
1648709227337138176,actor_T32,2023-04-19,CDU/CSU,middle,1.412888
1649013863742881792,actor_T04,2023-04-20,AFD,right,-0.638151
1649019226126942208,actor_T02,2023-04-20,FDP,middle,-0.277987
1649037086089961473,actor_T19,2023-04-20,Alliance 90/The Greens,middle,1.125334
1649070326708416512,actor_T05,2023-04-20,SPD,middle,0.141197
1649722406926254083,actor_T19,2023-04-22,Alliance 90/The Greens,middle,-0.941223
1649807490081607681,actor_T37,2023-04-22,AFD,right,0.134671
1649867850574700550,actor_T36,2023-04-22,Alliance 90/The Greens,middle,0.384411
1650550548024766469,actor_T19,2023-04-24,Alliance 90/The Greens,middle,0.447296
1651141866962792449,actor_T36,2023-04-26,Alliance 90/The Greens,middle,3.151787
1651186840014057475,actor_T40,2023-04-26,FDP,middle,-0.154041
1651239234307497984,actor_T19,2023-04-26,Alliance 90/The Greens,middle,0.142972
1651305948210659346,actor_T24,2023-04-26,AFD,right,0.46096
1651643657064251392,actor_T14,2023-04-27,AFD,right,0.309547
1651922412944908288,actor_T11,2023-04-28,Alliance 90/The Greens,middle,0.916194
1651947423130943488,actor_T01,2023-04-28,Alliance 90/The Greens,middle,0.365941
1651984812419211266,actor_T19,2023-04-28,Alliance 90/The Greens,middle,-0.791833
1652230230281469952,actor_T05,2023-04-29,SPD,middle,0.112545
1652362245697839105,actor_T20,2023-04-29,The Left Party,left,-0.529662
1652733671055544320,actor_T04,2023-04-30,AFD,right,0.38049
1653000323433209861,actor_T34,2023-05-01,The Left Party,left,0.758449
1653443321660833818,actor_T19,2023-05-02,Alliance 90/The Greens,middle,-0.573224
1653453173246263298,actor_T18,2023-05-02,AFD,right,-0.26616
1653810791722758163,actor_T06,2023-05-03,The Left Party,left,-0.315051
1653824070310297601,actor_T09,2023-05-03,The Left Party,left,-0.407068
1653890693683638273,actor_T36,2023-05-03,Alliance 90/The Greens,middle,0.419473
1654007417917546497,actor_T31,2023-05-04,The Left Party,left,-0.07845
1654068302627446784,actor_T11,2023-05-04,Alliance 90/The Greens,middle,0.602979
1654151792194715648,actor_T30,2023-05-04,FDP,middle,-0.661863
1654179029589606421,actor_T24,2023-05-04,AFD,right,-1.442979
1654440533958303745,actor_T19,2023-05-05,Alliance 90/The Greens,middle,-0.013251
1654554969163350019,actor_T32,2023-05-05,CDU/CSU,middle,1.068377
1654776501772902400,actor_T11,2023-05-06,Alliance 90/The Greens,middle,-0.827124
1654832094651072513,actor_T05,2023-05-06,SPD,middle,1.097215
1655136067379421187,actor_T20,2023-05-07,The Left Party,left,-0.786264
1655489315785375745,actor_T37,2023-05-08,AFD,right,1.531772
1655826679695024128,actor_T16,2023-05-09,The Left Party,left,0.195266
1655962331547938816,actor_T01,2023-05-09,Alliance 90/The Greens,middle,-0.042418
1656173060507025409,actor_T05,2023-05-10,SPD,middle,0.274557
1656226367862652929,actor_T36,2023-05-10,Alliance 90/The Greens,middle,0.693094
1656360757129277460,actor_T11,2023-05-10,Alliance 90/The Greens,middle,-0.741332
1656604827646820353,actor_T19,2023-05-11,Alliance 90/The Greens,middle,2.327078
1656723480472059909,actor_T40,2023-05-11,FDP,middle,0.419893
1656725544224825345,actor_T11,2023-05-11,Alliance 90/The Greens,middle,-1.188132
1656965525887496193,actor_T13,2023-05-12,CDU/CSU,middle,0.172461
1657302842682613762,actor_T27,2023-05-13,CDU/CSU,middle,-0.486995
1657332152747323393,actor_T05,2023-05-13,SPD,middle,0.527643
1658025694675206149,actor_T19,2023-05-15,Alliance 90/The Greens,middle,1.291379
1658035499825602560,actor_T05,2023-05-15,SPD,middle,0.259447
1658128993076355074,actor_T23,2023-05-15,SPD,middle,-0.646471
1658183166908063755,actor_T32,2023-05-15,CDU/CSU,middle,-0.421182
1658373599713976323,actor_T19,2023-05-16,Alliance 90/The Greens,middle,-0.236208
1658491594428018690,actor_T32,2023-05-16,CDU/CSU,middle,-0.618456
1658504514695995396,actor_T36,2023-05-16,Alliance 90/The Greens,middle,0.362548
1658526017462337541,actor_T33,2023-05-16,SPD,middle,0.208249
1658749885493944325,actor_T24,2023-05-17,AFD,right,-0.301038
1659115291320766466,actor_T05,2023-05-18,SPD,middle,1.46483
1659281922978115593,actor_T31,2023-05-18,The Left Party,left,0.102883
1659512466022227968,actor_T19,2023-05-19,Alliance 90/The Greens,middle,0.532467
1659543732675309569,actor_T02,2023-05-19,FDP,middle,-0.070291
1660177788463087617,actor_T11,2023-05-21,Alliance 90/The Greens,middle,0.124129
1660199759699640325,actor_T20,2023-05-21,The Left Party,left,2.568964
1660308154779934720,actor_T32,2023-05-21,CDU/CSU,middle,0.021806
1660412075028406276,actor_T19,2023-05-21,Alliance 90/The Greens,middle,0.035714
1660701681921736745,actor_T01,2023-05-22,Alliance 90/The Greens,middle,0.917408
1661021590874898434,actor_T36,2023-05-23,Alliance 90/The Greens,middle,0.048607
1661074592444690432,actor_T30,2023-05-23,FDP,middle,0.253565
1661265199796572161,actor_T16,2023-05-24,The Left Party,left,-0.661432
1661322672079360005,actor_T11,2023-05-24,Alliance 90/The Greens,middle,0.441514
1661382744792788993,actor_T19,2023-05-24,Alliance 90/The Greens,middle,0.485041
1661456769116262418,actor_T37,2023-05-24,AFD,right,-0.193996
1661702698230505476,actor_T05,2023-05-25,SPD,middle,0.4312
1661758717665091586,actor_T07,2023-05-25,CDU/CSU,middle,0.247301
1662024413863190528,actor_T19,2023-05-26,Alliance 90/The Greens,middle,-0.260357
1662030022968848384,actor_T04,2023-05-26,AFD,right,0.366463
1662122512765837313,actor_T09,2023-05-26,The Left Party,left,1.582612
1662152963706552320,actor_T22,2023-05-26,AFD,right,-0.973633
1662758021317918721,actor_T36,2023-05-28,Alliance 90/The Greens,middle,0.235617
1663225600507625475,actor_T24,2023-05-29,AFD,right,-0.795843
1663768930018533376,actor_T15,2023-05-31,SPD,middle,-0.489046
1663884341137530880,actor_T19,2023-05-31,Alliance 90/The Greens,middle,0.065734
1663896644310429701,actor_T05,2023-05-31,SPD,middle,1.221012
1663934806629965826,actor_T14,2023-05-31,AFD,right,0.058557
1664182842237104130,actor_T05,2023-06-01,SPD,middle,2.081359
1664212228801720323,actor_T24,2023-06-01,AFD,right,-0.134171
1664561472557535234,actor_T01,2023-06-02,Alliance 90/The Greens,middle,-0.188951
1664616940953014274,actor_T04,2023-06-02,AFD,right,-0.205402
1664657721067487234,actor_T11,2023-06-02,Alliance 90/The Greens,middle,1.390723
1665250596566302721,actor_T20,2023-06-04,The Left Party,left,-0.833548
1665462872111972357,actor_T16,2023-06-04,The Left Party,left,-0.414708
1665625427690364930,actor_T22,2023-06-05,AFD,right,-0.632004
1665733105099915264,actor_T04,2023-06-05,AFD,right,0.13247
1665746494803042307,actor_T09,2023-06-05,The Left Party,left,-0.575751
1665796529972469762,actor_T24,2023-06-05,AFD,right,-0.070967
1666363988970467329,actor_T19,2023-06-07,Alliance 90/The Greens,middle,-0.790984
1666454311969202177,actor_T05,2023-06-07,SPD,middle,0.358117
1666543141598420993,actor_T37,2023-06-07,AFD,right,0.128367
1666705863267024899,actor_T11,2023-06-08,Alliance 90/The Greens,middle,0.408904
1667077562307100673,actor_T32,2023-06-09,CDU/CSU,middle,-0.007645
1667107139351986177,actor_T22,2023-06-09,AFD,right,-1.251862
1667131856049897472,actor_T31,2023-06-09,The Left Party,left,-0.3365
1667394975934345217,actor_T04,2023-06-10,AFD,right,-0.643008
1667439057993957377,actor_T36,2023-06-10,Alliance 90/The Greens,middle,-0.498101
1667550341204680704,actor_T40,2023-06-10,FDP,middle,0.613984
1667611596498018304,actor_T29,2023-06-10,The Left Party,left,-0.796742
1667939815130554373,actor_T19,2023-06-11,Alliance 90/The Greens,middle,-1.552496
1667981787644010497,actor_T27,2023-06-11,CDU/CSU,middle,-0.677666
1668131841553956864,actor_T04,2023-06-12,AFD,right,-0.588371
1668176887552548867,actor_T05,2023-06-12,SPD,middle,1.017854
1668275450949554176,actor_T33,2023-06-12,SPD,middle,0.490858
1668290197639815169,actor_T20,2023-06-12,The Left Party,left,-0.683467
1668918072000884736,actor_T19,2023-06-14,Alliance 90/The Greens,middle,0.43553
1669262260726898689,actor_T11,2023-06-15,Alliance 90/The Greens,middle,0.111218
1669314898982060032,actor_T09,2023-06-15,The Left Party,left,0.720413
1669337642352394243,actor_T05,2023-06-15,SPD,middle,1.729465
1669337723587444736,actor_T01,2023-06-15,Alliance 90/The Greens,middle,0.606162
1669405502495703055,actor_T18,2023-06-15,AFD,right,0.32693
1669586233213825026,actor_T36,2023-06-16,Alliance 90/The Greens,middle,-0.927933
1669637331563827200,actor_T19,2023-06-16,Alliance 90/The Greens,middle,0.015364
1669649769772326915,actor_T23,2023-06-16,SPD,middle,1.720753
1669686366928617472,actor_T24,2023-06-16,AFD,right,0.488331
1669924132262223872,actor_T04,2023-06-17,AFD,right,-0.176806
1670104289748852736,actor_T16,2023-06-17,The Left Party,left,-0.211923
1670147338952646656,actor_T24,2023-06-17,AFD,right,-0.695258
1670335936591196161,actor_T20,2023-06-18,The Left Party,left,-0.65882
1670765120304152578,actor_T07,2023-06-19,CDU/CSU,middle,-0.129151
1670808187551858688,actor_T19,2023-06-19,Alliance 90/The Greens,middle,-0.228847
1671041115946975234,actor_T03,2023-06-20,CDU/CSU,middle,2.776317
1671069289858596869,actor_T05,2023-06-20,SPD,middle,-0.302827
1671141051040428033,actor_T19,2023-06-20,Alliance 90/The Greens,middle,1.102642
1671174726071250946,actor_T11,2023-06-20,Alliance 90/The Greens,middle,1.394555
1671180506254196739,actor_T22,2023-06-20,AFD,right,-0.31179
1671182399592333316,actor_T04,2023-06-20,AFD,right,-0.606321
1671436206700208129,actor_T36,2023-06-21,Alliance 90/The Greens,middle,-1.596812
1671475233147043840,actor_T19,2023-06-21,Alliance 90/The Greens,middle,-0.444282
1671573356057960452,actor_T34,2023-06-21,The Left Party,left,1.00468
1671912688446853121,actor_T05,2023-06-22,SPD,middle,-0.517006
1672144333821349888,actor_T19,2023-06-23,Alliance 90/The Greens,middle,0.06594
1672171229405491200,actor_T40,2023-06-23,FDP,middle,0.657348
1672172022535692288,actor_T30,2023-06-23,FDP,middle,-0.008966
1672202024924901376,actor_T19,2023-06-23,Alliance 90/The Greens,middle,-0.674349
1672294690824044544,actor_T01,2023-06-23,Alliance 90/The Greens,middle,-0.31452
1672479342788587526,actor_T05,2023-06-24,SPD,middle,0.900711
1672577569986674689,actor_T14,2023-06-24,AFD,right,0.1425
1672602201254928386,actor_T19,2023-06-24,Alliance 90/The Greens,middle,0.576762
1672630625914834944,actor_T19,2023-06-24,Alliance 90/The Greens,middle,0.077886
1672686532795441152,actor_T37,2023-06-24,AFD,right,-0.000582
1672958999627431939,actor_T31,2023-06-25,The Left Party,left,-0.4935
1673020640289341443,actor_T09,2023-06-25,The Left Party,left,0.122456
1673053757062500354,actor_T20,2023-06-25,The Left Party,left,-0.297341
1673082454628790279,actor_T04,2023-06-25,AFD,right,-0.000497
1673242356726874114,actor_T14,2023-06-26,AFD,right,-0.688149
1673254658540818432,actor_T22,2023-06-26,AFD,right,-1.00281
1673367134221598720,actor_T16,2023-06-26,The Left Party,left,-0.71377
1673387298547703820,actor_T05,2023-06-26,SPD,middle,0.973309
1673406424200671243,actor_T19,2023-06-26,Alliance 90/The Greens,middle,0.438855
1673579650679730176,actor_T11,2023-06-27,Alliance 90/The Greens,middle,0.246863
1673614763610308610,actor_T24,2023-06-27,AFD,right,0.135509
1673791300053630978,actor_T36,2023-06-27,Alliance 90/The Greens,middle,1.32844
1674006991730081795,actor_T19,2023-06-28,Alliance 90/The Greens,middle,-0.566101
1674299845819998208,actor_T04,2023-06-29,AFD,right,0.440036
1674311315253280768,actor_T32,2023-06-29,CDU/CSU,middle,-0.898303
1674343308124987392,actor_T22,2023-06-29,AFD,right,0.691777
1674789717005733888,actor_T19,2023-06-30,Alliance 90/The Greens,middle,0.779631
1675035178031362048,actor_T14,2023-07-01,AFD,right,-0.058761
1675059050021519362,actor_T22,2023-07-01,AFD,right,-0.645965
1675158164877058048,actor_T16,2023-07-01,The Left Party,left,-0.437636
1675543828369899520,actor_T19,2023-07-02,Alliance 90/The Greens,middle,0.523804
1675595039123161089,actor_T14,2023-07-02,AFD,right,-1.018726
1675642177198645248,actor_T19,2023-07-02,Alliance 90/The Greens,middle,1.415852
1675712861505478657,actor_T04,2023-07-03,AFD,right,-0.910164
1675892108647907333,actor_T20,2023-07-03,The Left Party,left,0.026086
1675894710081142792,actor_T19,2023-07-03,Alliance 90/The Greens,middle,-1.503648
1676180818664779779,actor_T19,2023-07-04,Alliance 90/The Greens,middle,-0.857756
1676266824835506228,actor_T19,2023-07-04,Alliance 90/The Greens,middle,-0.132568
1676318991264935936,actor_T36,2023-07-04,Alliance 90/The Greens,middle,-0.930259
1676529749202534400,actor_T19,2023-07-05,Alliance 90/The Greens,middle,0.385733
1676565759995138049,actor_T02,2023-07-05,FDP,middle,-0.045269
1676574593413181440,actor_T10,2023-07-05,SPD,middle,1.161803
1676612059356594176,actor_T09,2023-07-05,The Left Party,left,-0.112722
1676615389965430785,actor_T40,2023-07-05,FDP,middle,-0.071053
1676619355793096704,actor_T19,2023-07-05,Alliance 90/The Greens,middle,0.564717
1676685635162198017,actor_T13,2023-07-05,CDU/CSU,middle,0.089787
1676873088045129729,actor_T19,2023-07-06,Alliance 90/The Greens,middle,-0.694521
1676965763834585090,actor_T19,2023-07-06,Alliance 90/The Greens,middle,-0.121655
1677274253077491712,actor_T24,2023-07-07,AFD,right,-1.208868
1677292600821268480,actor_T19,2023-07-07,Alliance 90/The Greens,middle,0.415006
1677608124130238464,actor_T19,2023-07-08,Alliance 90/The Greens,middle,0.393926
1677747054624268288,actor_T22,2023-07-08,AFD,right,1.066658
1677987703986462721,actor_T24,2023-07-09,AFD,right,0.10876
1678368366858207232,actor_T01,2023-07-10,Alliance 90/The Greens,middle,0.054381
1678415638836961280,actor_T16,2023-07-10,The Left Party,left,1.052986
1678435713824464900,actor_T14,2023-07-10,AFD,right,-0.035966
1678444150948089858,actor_T24,2023-07-10,AFD,right,0.48105
1678471686696345604,actor_T33,2023-07-10,SPD,middle,0.199167
1678516372240736267,actor_T03,2023-07-10,CDU/CSU,middle,-0.336733
1678654749493608448,actor_T19,2023-07-11,Alliance 90/The Greens,middle,0.331919
1678798991423569928,actor_T11,2023-07-11,Alliance 90/The Greens,middle,0.565166
1679055646145097730,actor_T37,2023-07-12,AFD,right,-0.856859
1679223816021475334,actor_T31,2023-07-12,The Left Party,left,-0.010532
1679436254184628228,actor_T19,2023-07-13,Alliance 90/The Greens,middle,0.613772
1680461861764907008,actor_T04,2023-07-16,AFD,right,0.505329
1680518614942728194,actor_T16,2023-07-16,The Left Party,left,-0.163948
1680828998127874049,actor_T19,2023-07-17,Alliance 90/The Greens,middle,0.753194
1680904695399718914,actor_T22,2023-07-17,AFD,right,-0.788783
1680921655474831360,actor_T32,2023-07-17,CDU/CSU,middle,1.300696
1681236356675010562,actor_T19,2023-07-18,Alliance 90/The Greens,middle,-1.813628
1681239879626158081,actor_T20,2023-07-18,The Left Party,left,-0.210624
1681725464849596431,actor_T16,2023-07-19,The Left Party,left,-1.365182
1681741345172381700,actor_T19,2023-07-19,Alliance 90/The Greens,middle,-0.163022
1681949418193313792,actor_T04,2023-07-20,AFD,right,0.330368
1682665254327549955,actor_T19,2023-07-22,Alliance 90/The Greens,middle,-0.61209
1683093985508700160,actor_T23,2023-07-23,SPD,middle,-1.335528
1683235860416720900,actor_T36,2023-07-23,Alliance 90/The Greens,middle,-0.389451
1683368067487727616,actor_T20,2023-07-24,The Left Party,left,-1.711878
1683408823258689536,actor_T07,2023-07-24,CDU/CSU,middle,-1.083085
1683424558437498880,actor_T19,2023-07-24,Alliance 90/The Greens,middle,-0.379956
1683432663808352256,actor_T37,2023-07-24,AFD,right,0.334172
1683760767613431810,actor_T14,2023-07-25,AFD,right,-1.238629
1684163776881254401,actor_T22,2023-07-26,AFD,right,-0.229694
1684166544660525057,actor_T09,2023-07-26,The Left Party,left,-0.317011
1684235720951492608,actor_T18,2023-07-26,AFD,right,0.166812
1684482614931996672,actor_T19,2023-07-27,Alliance 90/The Greens,middle,0.51849
1684507926403207168,actor_T30,2023-07-27,FDP,middle,0.340988
1684625786395865091,actor_T24,2023-07-27,AFD,right,0.210642
1684664280656871425,actor_T04,2023-07-27,AFD,right,-0.577658
1684881949599612928,actor_T19,2023-07-28,Alliance 90/The Greens,middle,-0.190368
1685028464082948096,actor_T16,2023-07-28,The Left Party,left,-0.287948
1685938861791117312,actor_T31,2023-07-31,The Left Party,left,0.246006
1686071491958358028,actor_T19,2023-07-31,Alliance 90/The Greens,middle,0.172092
1686112587149180928,actor_T04,2023-07-31,AFD,right,-1.339932
1686433139659329547,actor_T20,2023-08-01,The Left Party,left,1.242917
1686454633546350592,actor_T33,2023-08-01,SPD,middle,-0.375991
1686700945197948929,actor_T36,2023-08-02,Alliance 90/The Greens,middle,1.326807
1687481441716695041,actor_T14,2023-08-04,AFD,right,-0.130759
1687731281696542720,actor_T16,2023-08-05,The Left Party,left,0.892373
1687916414194077696,actor_T20,2023-08-05,The Left Party,left,0.001832
1688377864775708673,actor_T19,2023-08-07,Alliance 90/The Greens,middle,0.37345
1688840648273629184,actor_T40,2023-08-08,FDP,middle,0.98401
1688867678440628225,actor_T20,2023-08-08,The Left Party,left,0.601824
1689244259231072256,actor_T19,2023-08-09,Alliance 90/The Greens,middle,-0.440501
1689643365497970688,actor_T32,2023-08-10,CDU/CSU,middle,-0.221137
1689678288787054593,actor_T04,2023-08-10,AFD,right,-0.831267
1689953241230950400,actor_T19,2023-08-11,Alliance 90/The Greens,middle,-0.109662
1690013255052271616,actor_T27,2023-08-11,CDU/CSU,middle,0.270546
1690043239766667278,actor_T11,2023-08-11,Alliance 90/The Greens,middle,0.555325
1690080669018230787,actor_T14,2023-08-11,AFD,right,0.083074
1691012018122235904,actor_T19,2023-08-14,Alliance 90/The Greens,middle,0.367846
1691372104866844672,actor_T03,2023-08-15,CDU/CSU,middle,-0.068302
1691373116444848128,actor_T09,2023-08-15,The Left Party,left,-0.349464
1691388729095548928,actor_T16,2023-08-15,The Left Party,left,-0.602954
1691816258239353183,actor_T19,2023-08-16,Alliance 90/The Greens,middle,-1.422099
1692858151173845026,actor_T19,2023-08-19,Alliance 90/The Greens,middle,2.063431
1692868922075455617,actor_T37,2023-08-19,AFD,right,0.44805
1692919411064115532,actor_T20,2023-08-19,The Left Party,left,-1.721098
1692968338236805453,actor_T36,2023-08-19,Alliance 90/The Greens,middle,-0.0869
1693580829094543594,actor_T19,2023-08-21,Alliance 90/The Greens,middle,-0.313582
1694263571394249063,actor_T19,2023-08-23,Alliance 90/The Greens,middle,0.046951
1694268918905335882,actor_T11,2023-08-23,Alliance 90/The Greens,middle,1.65909
1694423225508237581,actor_T34,2023-08-23,The Left Party,left,0.105424
1694426503419773077,actor_T22,2023-08-23,AFD,right,0.139422
1694822246097867066,actor_T04,2023-08-24,AFD,right,-0.329936
1694974968969261231,actor_T13,2023-08-25,CDU/CSU,middle,-0.446794
1695696175091904585,actor_T32,2023-08-27,CDU/CSU,middle,-0.115362
1695704153274659223,actor_T03,2023-08-27,CDU/CSU,middle,1.953964
1695764215745699976,actor_T09,2023-08-27,The Left Party,left,0.822291
1695860408953839730,actor_T16,2023-08-27,The Left Party,left,0.31877
1695882691911012826,actor_T20,2023-08-27,The Left Party,left,0.209015
1696106295751827584,actor_T19,2023-08-28,Alliance 90/The Greens,middle,0.192482
1696122907636731920,actor_T31,2023-08-28,The Left Party,left,-0.94359
1696541318233706892,actor_T19,2023-08-29,Alliance 90/The Greens,middle,-0.00348
1696597349164802272,actor_T40,2023-08-29,FDP,middle,1.032566
1697125566044840064,actor_T32,2023-08-31,CDU/CSU,middle,-0.346555
1697171610015609078,actor_T01,2023-08-31,Alliance 90/The Greens,middle,0.482895
1697229919770534084,actor_T11,2023-08-31,Alliance 90/The Greens,middle,1.142588
1697249058291892543,actor_T04,2023-08-31,AFD,right,0.159127
1697534589424599079,actor_T37,2023-09-01,AFD,right,-1.117242
1697643188133994663,actor_T36,2023-09-01,Alliance 90/The Greens,middle,0.581116
1697893578419163554,actor_T19,2023-09-02,Alliance 90/The Greens,middle,1.785756
1698287893108724061,actor_T20,2023-09-03,The Left Party,left,-0.462521
1698765516410597827,actor_T02,2023-09-04,FDP,middle,-1.560407
1699112071311298878,actor_T22,2023-09-05,AFD,right,-0.475887
1699452391580467201,actor_T32,2023-09-06,CDU/CSU,middle,0.302041
1699546650040008931,actor_T19,2023-09-06,Alliance 90/The Greens,middle,0.549691
1699783456056823903,actor_T09,2023-09-07,The Left Party,left,-0.284608
1699880911297290331,actor_T16,2023-09-07,The Left Party,left,-0.061798
1700020834507587657,actor_T04,2023-09-08,AFD,right,0.295156
1700503973105393765,actor_T33,2023-09-09,SPD,middle,0.175745
1700519718912700547,actor_T40,2023-09-09,FDP,middle,0.816956
1700572535782301891,actor_T30,2023-09-09,FDP,middle,0.146736
1701131830697558268,actor_T31,2023-09-11,The Left Party,left,-1.77055
1701216828620448128,actor_T32,2023-09-11,CDU/CSU,middle,-0.052908
1701298795735294010,actor_T18,2023-09-11,AFD,right,-0.46343
1701575698912035029,actor_T24,2023-09-12,AFD,right,-0.955249
1701639408368099385,actor_T01,2023-09-12,Alliance 90/The Greens,middle,-0.914137
1701659783080607757,actor_T04,2023-09-12,AFD,right,-0.409457
1702230588210471119,actor_T36,2023-09-14,Alliance 90/The Greens,middle,-0.782696
1702563919041110511,actor_T29,2023-09-15,The Left Party,left,-1.296514
1702973762071662861,actor_T19,2023-09-16,Alliance 90/The Greens,middle,-0.155025
1703034812217319532,actor_T06,2023-09-16,The Left Party,left,0.243802
1703089582277828644,actor_T20,2023-09-16,The Left Party,left,0.047606
1703347068876578994,actor_T04,2023-09-17,AFD,right,-0.73042
1703362948947751370,actor_T11,2023-09-17,Alliance 90/The Greens,middle,0.770565
1703470241848705075,actor_T14,2023-09-17,AFD,right,-0.928648
1703662155151573111,actor_T34,2023-09-18,The Left Party,left,0.164962
1703794672915624194,actor_T22,2023-09-18,AFD,right,-0.621445
1704060233088176433,actor_T09,2023-09-19,The Left Party,left,-0.784129
1704123391140348365,actor_T01,2023-09-19,Alliance 90/The Greens,middle,0.618011
1704148782479274026,actor_T19,2023-09-19,Alliance 90/The Greens,middle,1.254894
1704200491612180911,actor_T24,2023-09-19,AFD,right,0.06184
1704827157640266031,actor_T07,2023-09-21,CDU/CSU,middle,0.372839
1705097293370720645,actor_T04,2023-09-22,AFD,right,-0.40675
1705114802345964005,actor_T16,2023-09-22,The Left Party,left,-0.277103
1705879044347093353,actor_T20,2023-09-24,The Left Party,left,-0.210091
1705942087303139739,actor_T23,2023-09-24,SPD,middle,-0.285669
1706204631011905602,actor_T04,2023-09-25,AFD,right,0.058976
1706304756430340585,actor_T32,2023-09-25,CDU/CSU,middle,1.242354
1706605882291699771,actor_T36,2023-09-26,Alliance 90/The Greens,middle,-0.072629
1706983385699057773,actor_T01,2023-09-27,Alliance 90/The Greens,middle,0.658842
1707043838328791532,actor_T10,2023-09-27,SPD,middle,0.538156
1707091312883761371,actor_T19,2023-09-27,Alliance 90/The Greens,middle,-0.118686
1707368080072962082,actor_T22,2023-09-28,AFD,right,0.108768
1707392768719343923,actor_T31,2023-09-28,The Left Party,left,0.451023
1707658381731709172,actor_T37,2023-09-29,AFD,right,-0.570038
1707716393708179484,actor_T11,2023-09-29,Alliance 90/The Greens,middle,0.043581
1707822607666430029,actor_T19,2023-09-29,Alliance 90/The Greens,middle,-0.574515
1708848546718380101,actor_T04,2023-10-02,AFD,right,-0.051574
1709320952855576894,actor_T09,2023-10-03,The Left Party,left,-0.709753
1709576473319772317,actor_T32,2023-10-04,CDU/CSU,middle,-0.010852
1709595648675230013,actor_T19,2023-10-04,Alliance 90/The Greens,middle,-0.182749
1709675035227455911,actor_T40,2023-10-04,FDP,middle,-0.916826
1710256568766202030,actor_T36,2023-10-06,Alliance 90/The Greens,middle,0.296522
1710353973712998783,actor_T20,2023-10-06,The Left Party,left,0.299981
1710386951230980420,actor_T24,2023-10-06,AFD,right,-1.631793
1710405008506683666,actor_T22,2023-10-06,AFD,right,1.497088
1710524960035242352,actor_T04,2023-10-07,AFD,right,-0.7637
1710556359496704284,actor_T16,2023-10-07,The Left Party,left,0.15253
1710733792715919807,actor_T30,2023-10-07,FDP,middle,-0.058369
1710933187348635957,actor_T19,2023-10-08,Alliance 90/The Greens,middle,-0.217148
1711086158485057686,actor_T13,2023-10-08,CDU/CSU,middle,0.255857
1711416309294965029,actor_T11,2023-10-09,Alliance 90/The Greens,middle,-0.520175
1711609966988083339,actor_T02,2023-10-10,FDP,middle,-0.517167
1711630292044091793,actor_T31,2023-10-10,The Left Party,left,-0.578384
1712228503200923803,actor_T20,2023-10-11,The Left Party,left,-1.32662
1712445258108108945,actor_T32,2023-10-12,CDU/CSU,middle,-0.85423
1712796563645297132,actor_T33,2023-10-13,SPD,middle,1.217707
1713178154246799368,actor_T31,2023-10-14,The Left Party,left,-0.573721
1713649887630262441,actor_T20,2023-10-15,The Left Party,left,-0.532016
1714540247848018380,actor_T04,2023-10-18,AFD,right,-0.522494
1714575613623750986,actor_T24,2023-10-18,AFD,right,-0.78118
1714762015162724389,actor_T09,2023-10-18,The Left Party,left,0.690021
1714982128855699735,actor_T19,2023-10-19,Alliance 90/The Greens,middle,-5.7e-05
1714995879784980610,actor_T31,2023-10-19,The Left Party,left,-0.110369
1715020642171355401,actor_T11,2023-10-19,Alliance 90/The Greens,middle,0.76674
1715073298831171727,actor_T32,2023-10-19,CDU/CSU,middle,-0.890875
1715294960717631635,actor_T29,2023-10-20,The Left Party,left,-0.701237
1715692937793642644,actor_T22,2023-10-21,AFD,right,-0.226122
1715703656836644912,actor_T20,2023-10-21,The Left Party,left,0.699402
1716035840621629576,actor_T34,2023-10-22,The Left Party,left,-0.08814
1716173070132457837,actor_T14,2023-10-22,AFD,right,0.143517
1716491985018671512,actor_T40,2023-10-23,FDP,middle,-0.307074
1716514892331487698,actor_T01,2023-10-23,Alliance 90/The Greens,middle,1.449201
1716754226523644229,actor_T36,2023-10-24,Alliance 90/The Greens,middle,1.377088
1717454143437062563,actor_T20,2023-10-26,The Left Party,left,-0.035199
1717541656038195352,actor_T31,2023-10-26,The Left Party,left,-0.475017
1717580460463702075,actor_T16,2023-10-26,The Left Party,left,-0.310143
1717596188340334726,actor_T03,2023-10-26,CDU/CSU,middle,0.02867
1717907163337588879,actor_T18,2023-10-27,AFD,right,-1.324726
1717912468154896738,actor_T30,2023-10-27,FDP,middle,0.731879
1718365880801783998,actor_T02,2023-10-28,FDP,middle,0.002046
1718672681439052003,actor_T09,2023-10-29,The Left Party,left,0.087663
1718715135336853704,actor_T20,2023-10-29,The Left Party,left,-0.526979
1719039151788396806,actor_T32,2023-10-30,CDU/CSU,middle,0.204955
1719044551321489673,actor_T31,2023-10-30,The Left Party,left,-1.101945
1719048016638701890,actor_T37,2023-10-30,AFD,right,-1.056168
1720198862000771119,actor_T31,2023-11-02,The Left Party,left,0.158483
1720773132028420596,actor_T20,2023-11-04,The Left Party,left,0.013131
1720878485378666816,actor_T09,2023-11-04,The Left Party,left,-0.767348
1721048409119801757,actor_T04,2023-11-05,AFD,right,-0.562188
1721158417807511854,actor_T22,2023-11-05,AFD,right,-0.109235
1721292590660644981,actor_T20,2023-11-05,The Left Party,left,-1.093966
1721551665935839455,actor_T24,2023-11-06,AFD,right,-0.440649
1721592393902821409,actor_T31,2023-11-06,The Left Party,left,-0.182522
1721617430819062071,actor_T20,2023-11-06,The Left Party,left,-0.258135
1721759250177732654,actor_T11,2023-11-07,Alliance 90/The Greens,middle,0.204992
1721919696625140084,actor_T03,2023-11-07,CDU/CSU,middle,0.98127
1721953422948090211,actor_T01,2023-11-07,Alliance 90/The Greens,middle,-0.771603
1722219309836218854,actor_T20,2023-11-08,The Left Party,left,-0.327351
1722607449587560521,actor_T32,2023-11-09,CDU/CSU,middle,-0.305598
1722734837344108893,actor_T31,2023-11-09,The Left Party,left,-1.215439
1722879056645861771,actor_T07,2023-11-10,CDU/CSU,middle,0.776482
1723386761546522797,actor_T40,2023-11-11,FDP,middle,-0.771882
1723627955597742407,actor_T30,2023-11-12,FDP,middle,-0.311003
1723974129571737762,actor_T27,2023-11-13,CDU/CSU,middle,-0.700476
1723974968289997112,actor_T36,2023-11-13,Alliance 90/The Greens,middle,-0.79215
1724147686188732785,actor_T20,2023-11-13,The Left Party,left,-0.798172
1724155509652025404,actor_T24,2023-11-13,AFD,right,-0.545285
1724157624977924584,actor_T31,2023-11-13,The Left Party,left,-0.701619
1724895698708283741,actor_T30,2023-11-15,FDP,middle,-0.707762
1725039933969035564,actor_T19,2023-11-16,Alliance 90/The Greens,middle,-0.023627
1725170792172806368,actor_T32,2023-11-16,CDU/CSU,middle,-0.200627
1725501149174792677,actor_T03,2023-11-17,CDU/CSU,middle,0.888232
1725591879276732604,actor_T09,2023-11-17,The Left Party,left,-0.404912
1725635394832654430,actor_T04,2023-11-17,AFD,right,-0.205001
1725907549512167874,actor_T02,2023-11-18,FDP,middle,-0.52876
1726003456673013977,actor_T31,2023-11-18,The Left Party,left,0.578535
1726058253182792111,actor_T20,2023-11-19,The Left Party,left,-0.275601
1726319252335165543,actor_T15,2023-11-19,SPD,middle,-1.160283
1726609586231312439,actor_T16,2023-11-20,The Left Party,left,-0.48482
1726954763831418932,actor_T24,2023-11-21,AFD,right,0.408523
1726965049376530765,actor_T33,2023-11-21,SPD,middle,-0.377893
1727219684020261350,actor_T22,2023-11-22,AFD,right,0.350203
1727239969138208951,actor_T13,2023-11-22,CDU/CSU,middle,-0.139669
1727365133247361535,actor_T11,2023-11-22,Alliance 90/The Greens,middle,0.715302
1728016478228693477,actor_T20,2023-11-24,The Left Party,left,-0.205808
1728018857124573574,actor_T31,2023-11-24,The Left Party,left,-0.002754
1728064419182076263,actor_T34,2023-11-24,The Left Party,left,0.345055
1728451734475804832,actor_T04,2023-11-25,AFD,right,-0.377242
1729446478387519776,actor_T24,2023-11-28,AFD,right,-0.044532
1729450088315924988,actor_T01,2023-11-28,Alliance 90/The Greens,middle,0.010158
1729467359251898653,actor_T23,2023-11-28,SPD,middle,-0.958239
1729822499267895560,actor_T40,2023-11-29,FDP,middle,-0.069372
1730595831424713205,actor_T18,2023-12-01,AFD,right,-0.231506
1730666770606719155,actor_T37,2023-12-01,AFD,right,-0.745454
1730676329245200748,actor_T31,2023-12-01,The Left Party,left,0.000993
1730994321841643961,actor_T32,2023-12-02,CDU/CSU,middle,-0.585915
1731353479166194035,actor_T19,2023-12-03,Alliance 90/The Greens,middle,0.718258
1731580302986788930,actor_T03,2023-12-04,CDU/CSU,middle,1.153825
1731716145726857338,actor_T09,2023-12-04,The Left Party,left,-0.677973
1732054449093283903,actor_T31,2023-12-05,The Left Party,left,-0.384099
1732625634868818399,actor_T11,2023-12-07,Alliance 90/The Greens,middle,0.465743
1732778015271071914,actor_T20,2023-12-07,The Left Party,left,-0.068948
1733036656683278478,actor_T04,2023-12-08,AFD,right,-0.237333
1733118498740621692,actor_T36,2023-12-08,Alliance 90/The Greens,middle,-0.817474
1733182114332319861,actor_T24,2023-12-08,AFD,right,-0.70957
1733493726842929558,actor_T31,2023-12-09,The Left Party,left,-0.478996
1733731664214262197,actor_T01,2023-12-10,Alliance 90/The Greens,middle,0.120349
1734233499891011734,actor_T07,2023-12-11,CDU/CSU,middle,-0.113299
1734623216167952555,actor_T04,2023-12-12,AFD,right,0.703648
1734927214687187419,actor_T24,2023-12-13,AFD,right,-0.471503
1735216153016905922,actor_T31,2023-12-14,The Left Party,left,0.439954
1735350330194272686,actor_T32,2023-12-14,CDU/CSU,middle,0.013903
1735358782929014806,actor_T01,2023-12-14,Alliance 90/The Greens,middle,-0.439635
1735547389912490368,actor_T02,2023-12-15,FDP,middle,-0.715502
1735707893826031677,actor_T11,2023-12-15,Alliance 90/The Greens,middle,0.981249
1736003914124644648,actor_T22,2023-12-16,AFD,right,0.165223
1736088532270170455,actor_T20,2023-12-16,The Left Party,left,-0.568557
1736438423664144510,actor_T24,2023-12-17,AFD,right,0.167475
1736714934770168027,actor_T09,2023-12-18,The Left Party,left,-0.0212
1736782653280452642,actor_T16,2023-12-18,The Left Party,left,-0.862258
1736869894166032626,actor_T31,2023-12-18,The Left Party,left,-0.424493
1736969139011437016,actor_T04,2023-12-19,AFD,right,-1.461106
1737361484181651894,actor_T14,2023-12-20,AFD,right,-0.628694
1737629858568486924,actor_T30,2023-12-21,FDP,middle,-0.542391
1737752025360691420,actor_T20,2023-12-21,The Left Party,left,-0.70415
1737763829575012489,actor_T40,2023-12-21,FDP,middle,1.054923
1737874742688837693,actor_T27,2023-12-21,CDU/CSU,middle,-0.031895
1737948790899020087,actor_T31,2023-12-21,The Left Party,left,-0.371502
1738103303399940329,actor_T22,2023-12-22,AFD,right,0.117342
1738517165425541189,actor_T36,2023-12-23,Alliance 90/The Greens,middle,-1.15133
1739737072892530995,actor_T20,2023-12-26,The Left Party,left,0.534308
1739752061393068175,actor_T22,2023-12-26,AFD,right,0.826211
1740368355171659903,actor_T34,2023-12-28,The Left Party,left,0.239823
1740459937904660697,actor_T31,2023-12-28,The Left Party,left,-0.424694
1740474148139491664,actor_T18,2023-12-28,AFD,right,0.017027
1740740787602653357,actor_T22,2023-12-29,AFD,right,-0.191729
1741041635679686788,actor_T32,2023-12-30,CDU/CSU,middle,-0.436308
1741479022188441856,actor_T09,2023-12-31,The Left Party,left,-1.196911
1741523497338253657,actor_T33,2023-12-31,SPD,middle,-0.521665
1741809466515820970,actor_T20,2024-01-01,The Left Party,left,0.250721
1742585086162170072,actor_T31,2024-01-03,The Left Party,left,-0.456707
1742811680231350734,actor_T11,2024-01-04,Alliance 90/The Greens,middle,0.554422
1743015030625390721,actor_T04,2024-01-04,AFD,right,-1.546959
1743240139504005231,actor_T37,2024-01-05,AFD,right,-0.729405
1743265591010451761,actor_T24,2024-01-05,AFD,right,-0.440781
1744238840628301932,actor_T04,2024-01-08,AFD,right,-0.528988
1744366805236211858,actor_T13,2024-01-08,CDU/CSU,middle,-1.169294
1744389274152091781,actor_T22,2024-01-08,AFD,right,-1.574658
1744417883109609833,actor_T06,2024-01-08,The Left Party,left,0.826009
1744417987413655803,actor_T16,2024-01-08,The Left Party,left,-0.418292
1744454808818356663,actor_T14,2024-01-08,AFD,right,-0.784121
1744640793275494553,actor_T31,2024-01-09,The Left Party,left,1.048989
1744802889069965523,actor_T20,2024-01-09,The Left Party,left,0.09385
1745050648175956073,actor_T03,2024-01-10,CDU/CSU,middle,0.252338
1745082411887603857,actor_T14,2024-01-10,AFD,right,-0.001825
1745115763222978565,actor_T36,2024-01-10,Alliance 90/The Greens,middle,0.260162
1745308985794707702,actor_T04,2024-01-11,AFD,right,-0.485299
1745406438262894624,actor_T14,2024-01-11,AFD,right,-0.30224
1745496118958387650,actor_T24,2024-01-11,AFD,right,-0.005119
1745669876910268516,actor_T11,2024-01-12,Alliance 90/The Greens,middle,-1.341483
1745693996561703292,actor_T14,2024-01-12,AFD,right,-1.254138
1745740691576164858,actor_T10,2024-01-12,SPD,middle,-0.080535
1745840425875763305,actor_T32,2024-01-12,CDU/CSU,middle,-0.241779
1745862267717988654,actor_T22,2024-01-12,AFD,right,0.404215
1746093732703674492,actor_T20,2024-01-13,The Left Party,left,-0.266927
1746299560798884174,actor_T31,2024-01-13,The Left Party,left,-0.427992
1746562930726813841,actor_T24,2024-01-14,AFD,right,-2.240274
1746980504555938295,actor_T09,2024-01-15,The Left Party,left,-0.88856
1747246582620193251,actor_T11,2024-01-16,Alliance 90/The Greens,middle,-0.340073
1747294264659235245,actor_T04,2024-01-16,AFD,right,-0.536725
1747547293954330723,actor_T22,2024-01-17,AFD,right,-0.979004
1747710262679838751,actor_T37,2024-01-17,AFD,right,-1.06809
1747742610460954999,actor_T30,2024-01-17,FDP,middle,2.293125
1748254176524574976,actor_T40,2024-01-19,FDP,middle,0.769094
1748279807756968139,actor_T14,2024-01-19,AFD,right,0.087959
1748305827268567099,actor_T31,2024-01-19,The Left Party,left,-0.988624
1748326926228258933,actor_T01,2024-01-19,Alliance 90/The Greens,middle,0.652382
1748434345646227853,actor_T20,2024-01-19,The Left Party,left,-0.419637
1748461046715531350,actor_T14,2024-01-19,AFD,right,-0.084409
1748500966893080922,actor_T18,2024-01-20,AFD,right,-0.532952
1748726499497107773,actor_T34,2024-01-20,The Left Party,left,-0.530097
1748753934397706519,actor_T11,2024-01-20,Alliance 90/The Greens,middle,0.449858
1749040595941699755,actor_T22,2024-01-21,AFD,right,-1.925718
1749112440669753521,actor_T24,2024-01-21,AFD,right,-1.812332
1749329452637512159,actor_T36,2024-01-22,Alliance 90/The Greens,middle,-1.087665
1749772464463188286,actor_T32,2024-01-23,CDU/CSU,middle,-0.976505
1749785636406460640,actor_T09,2024-01-23,The Left Party,left,-0.780306
1749877893209981307,actor_T11,2024-01-23,Alliance 90/The Greens,middle,0.606246
1750437297072361719,actor_T22,2024-01-25,AFD,right,-0.527989
1750737956778713562,actor_T04,2024-01-26,AFD,right,-0.02724
1750932453965852811,actor_T14,2024-01-26,AFD,right,-1.059275
1751206263055102347,actor_T20,2024-01-27,The Left Party,left,0.164145
1751357120233041941,actor_T34,2024-01-27,The Left Party,left,0.161863
1751383947789971814,actor_T31,2024-01-27,The Left Party,left,0.604038
1752694081807933789,actor_T03,2024-01-31,CDU/CSU,middle,0.387819
1753031222316446079,actor_T01,2024-02-01,Alliance 90/The Greens,middle,-0.075722
1753171116049227806,actor_T04,2024-02-01,AFD,right,-0.169186
1753355272943214616,actor_T40,2024-02-02,FDP,middle,-1.23832
1753713709887725932,actor_T20,2024-02-03,The Left Party,left,-0.500991
1753756308182888800,actor_T31,2024-02-03,The Left Party,left,-0.132271
1753764589194404236,actor_T23,2024-02-03,SPD,middle,0.629733
1754557357529395447,actor_T16,2024-02-05,The Left Party,left,-0.784476
1754603509863919903,actor_T09,2024-02-05,The Left Party,left,-0.660628
1754615359687061544,actor_T36,2024-02-05,Alliance 90/The Greens,middle,-0.15515
1754838746308984990,actor_T22,2024-02-06,AFD,right,-1.184799
1754859575390449801,actor_T24,2024-02-06,AFD,right,-0.523411
1754876056576598064,actor_T15,2024-02-06,SPD,middle,-1.08896
1755195836252803579,actor_T33,2024-02-07,SPD,middle,0.995354
1755270478258688133,actor_T11,2024-02-07,Alliance 90/The Greens,middle,0.490001
1755642986472276468,actor_T27,2024-02-08,CDU/CSU,middle,-0.063585
1755962746171007214,actor_T32,2024-02-09,CDU/CSU,middle,0.149736
1756188288522567755,actor_T07,2024-02-10,CDU/CSU,middle,-0.195321
1756296540916715924,actor_T01,2024-02-10,Alliance 90/The Greens,middle,-1.153785
1756351056810828242,actor_T22,2024-02-10,AFD,right,-1.421166
1756613197543477661,actor_T31,2024-02-11,The Left Party,left,-0.417088
1756739179990413348,actor_T24,2024-02-11,AFD,right,-0.557255
1757820328510632063,actor_T11,2024-02-14,Alliance 90/The Greens,middle,-0.216176
1758086238484021282,actor_T37,2024-02-15,AFD,right,-0.994238
1758420073981624577,actor_T40,2024-02-16,FDP,middle,0.622674
1758506147311444449,actor_T04,2024-02-16,AFD,right,0.533195
1758518219797574137,actor_T31,2024-02-16,The Left Party,left,0.067034
1758910201040658496,actor_T32,2024-02-17,CDU/CSU,middle,-0.267045
1759214709281046612,actor_T18,2024-02-18,AFD,right,-0.578855
1759285068856545523,actor_T03,2024-02-18,CDU/CSU,middle,-1.176464
1759288409464476088,actor_T30,2024-02-18,FDP,middle,-0.192993
1759302115191595081,actor_T11,2024-02-18,Alliance 90/The Greens,middle,-0.205378
1759674425538961413,actor_T24,2024-02-19,AFD,right,-0.138235
1759904626176921775,actor_T20,2024-02-20,The Left Party,left,0.258324
1760196852471783436,actor_T22,2024-02-21,AFD,right,-0.180234
1760311856663494891,actor_T31,2024-02-21,The Left Party,left,1.876515
1760943531495989700,actor_T40,2024-02-23,FDP,middle,-0.169272
1761176413749588087,actor_T01,2024-02-23,Alliance 90/The Greens,middle,-1.101686
1761394529599439105,actor_T30,2024-02-24,FDP,middle,0.453119
1761663751973929275,actor_T13,2024-02-25,CDU/CSU,middle,-0.659542
1761745803549270058,actor_T31,2024-02-25,The Left Party,left,0.731191
1762387475656241345,actor_T04,2024-02-27,AFD,right,0.366718
1762621582101324231,actor_T31,2024-02-27,The Left Party,left,-0.293036
1762804772686508074,actor_T36,2024-02-28,Alliance 90/The Greens,middle,-1.16973
1762875952541901242,actor_T11,2024-02-28,Alliance 90/The Greens,middle,1.204255
1763170546626248710,actor_T20,2024-02-29,The Left Party,left,-0.512059
1763288222686212410,actor_T37,2024-02-29,AFD,right,0.930801
1763614202617274595,actor_T09,2024-03-01,The Left Party,left,-0.505079
1763880807435800863,actor_T04,2024-03-02,AFD,right,-0.197036
1764007666106409044,actor_T34,2024-03-02,The Left Party,left,0.120375
1764221309448298881,actor_T22,2024-03-03,AFD,right,0.260824
1764224706461208942,actor_T31,2024-03-03,The Left Party,left,0.371076
1764248676874994102,actor_T16,2024-03-03,The Left Party,left,-0.090327
1764252916511117598,actor_T24,2024-03-03,AFD,right,-1.422361
1764997610417336405,actor_T11,2024-03-05,Alliance 90/The Greens,middle,0.518948
1765017289886167228,actor_T20,2024-03-05,The Left Party,left,0.18117
1765086623518093458,actor_T30,2024-03-05,FDP,middle,-0.147293
1765137944308765048,actor_T15,2024-03-05,SPD,middle,-0.741692
1765933518662640005,actor_T04,2024-03-08,AFD,right,-0.261988
1766022141328179653,actor_T31,2024-03-08,The Left Party,left,0.502451
1767198648847188038,actor_T40,2024-03-11,FDP,middle,0.095517
1767270192080425054,actor_T32,2024-03-11,CDU/CSU,middle,-1.187891
1767417366206697844,actor_T03,2024-03-12,CDU/CSU,middle,-1.118918
1767541828264317136,actor_T22,2024-03-12,AFD,right,-0.59055
1767913592530129329,actor_T36,2024-03-13,Alliance 90/The Greens,middle,-0.662415
1767958736268648728,actor_T24,2024-03-13,AFD,right,-1.462261
1768192368132448746,actor_T04,2024-03-14,AFD,right,0.287057
1768586168348659757,actor_T01,2024-03-15,Alliance 90/The Greens,middle,-0.112758
1768613187094520294,actor_T11,2024-03-15,Alliance 90/The Greens,middle,0.583115
1768686129237135851,actor_T31,2024-03-15,The Left Party,left,0.731271
1769764253861290260,actor_T14,2024-03-18,AFD,right,-0.340104
1769981808748204273,actor_T16,2024-03-19,The Left Party,left,-0.339068
1769991861148508407,actor_T37,2024-03-19,AFD,right,1.195997
1770017130030739673,actor_T33,2024-03-19,SPD,middle,-0.099959
1770026352005022028,actor_T09,2024-03-19,The Left Party,left,-0.934499
1770190566011048427,actor_T04,2024-03-19,AFD,right,-0.09651
1770348604718293428,actor_T03,2024-03-20,CDU/CSU,middle,0.119672
1770834326025855249,actor_T31,2024-03-21,The Left Party,left,-1.034295
1770911299465048064,actor_T18,2024-03-21,AFD,right,-0.196036
1771157549720465731,actor_T07,2024-03-22,CDU/CSU,middle,1.712846
1771265672460333139,actor_T24,2024-03-22,AFD,right,-0.477228
1771531562091229408,actor_T20,2024-03-23,The Left Party,left,-0.313763
1772270844556833219,actor_T14,2024-03-25,AFD,right,-1.495336
1773073653527179493,actor_T34,2024-03-27,The Left Party,left,1.302241
1773085046276014472,actor_T14,2024-03-27,AFD,right,-0.420832
1773352277006319685,actor_T11,2024-03-28,Alliance 90/The Greens,middle,-1.40028
1773405635280879893,actor_T31,2024-03-28,The Left Party,left,0.249032
1773601836336885836,actor_T04,2024-03-29,AFD,right,0.349404
1773666825378635840,actor_T36,2024-03-29,Alliance 90/The Greens,middle,0.184593
1773970164603564540,actor_T22,2024-03-30,AFD,right,0.605556
1773994797155418600,actor_T03,2024-03-30,CDU/CSU,middle,0.486249
1775433580455358520,actor_T27,2024-04-03,CDU/CSU,middle,0.956372
1775816859620622633,actor_T20,2024-04-04,The Left Party,left,-0.525166
1775916106806382641,actor_T31,2024-04-04,The Left Party,left,0.105861
1776687866489258009,actor_T14,2024-04-06,AFD,right,-0.852992
1776918941702541759,actor_T09,2024-04-07,The Left Party,left,-0.82759
1777270804956267001,actor_T14,2024-04-08,AFD,right,-0.381655
1777619472464892286,actor_T37,2024-04-09,AFD,right,0.27104
1777682085202776215,actor_T24,2024-04-09,AFD,right,-0.307172
1777737653590401086,actor_T32,2024-04-09,CDU/CSU,middle,-0.021644
1778090011948208235,actor_T40,2024-04-10,FDP,middle,1.712879
1778373197043249201,actor_T01,2024-04-11,Alliance 90/The Greens,middle,0.042034
1778388976878989449,actor_T04,2024-04-11,AFD,right,0.010771
1778409631057879088,actor_T03,2024-04-11,CDU/CSU,middle,0.470976
1778527363007189219,actor_T14,2024-04-11,AFD,right,-0.288381
1778532717908644007,actor_T22,2024-04-11,AFD,right,0.027878
1778693008390602980,actor_T31,2024-04-12,The Left Party,left,-0.422929
1778744703120277658,actor_T30,2024-04-12,FDP,middle,0.644173
1779248598615564606,actor_T20,2024-04-13,The Left Party,left,0.312019
1779381591548027309,actor_T13,2024-04-14,CDU/CSU,middle,-0.388961
1779561514627694654,actor_T11,2024-04-14,Alliance 90/The Greens,middle,0.710014
1779589207075287415,actor_T20,2024-04-14,The Left Party,left,0.941008
1780128105564119321,actor_T23,2024-04-16,SPD,middle,-1.050054
1780180923431928287,actor_T36,2024-04-16,Alliance 90/The Greens,middle,0.782678
1781000934035739120,actor_T31,2024-04-18,The Left Party,left,0.514108
1781332820931006656,actor_T14,2024-04-19,AFD,right,-0.21752
1781361164296856057,actor_T04,2024-04-19,AFD,right,1.231612
1781629286857765017,actor_T01,2024-04-20,Alliance 90/The Greens,middle,-0.14724
1781644009284178165,actor_T10,2024-04-20,SPD,middle,0.337999
1781960400075899158,actor_T15,2024-04-21,SPD,middle,-0.721393
1782053410998513692,actor_T09,2024-04-21,The Left Party,left,1.889767
1782297515322134786,actor_T20,2024-04-22,The Left Party,left,0.989358
1782401799225593924,actor_T24,2024-04-22,AFD,right,-0.039326
1782445555123179775,actor_T32,2024-04-22,CDU/CSU,middle,0.515227
1782990123308601781,actor_T04,2024-04-24,AFD,right,0.268079
1783022937143947681,actor_T14,2024-04-24,AFD,right,0.101205
1783397681131389097,actor_T40,2024-04-25,FDP,middle,-0.196578
1783423572284707193,actor_T31,2024-04-25,The Left Party,left,0.164554
1783471463267250671,actor_T30,2024-04-25,FDP,middle,0.824692
1783737691449823474,actor_T22,2024-04-26,AFD,right,-0.39851
1784080675986948528,actor_T22,2024-04-27,AFD,right,0.198524
1784192517744865697,actor_T03,2024-04-27,CDU/CSU,middle,-0.251851
1784324602291773577,actor_T34,2024-04-27,The Left Party,left,0.01836
1784499118968012970,actor_T36,2024-04-28,Alliance 90/The Greens,middle,0.409575
1785039636638605436,actor_T37,2024-04-29,AFD,right,0.533373
1785057748154995147,actor_T11,2024-04-29,Alliance 90/The Greens,middle,0.538906
1785228176920019196,actor_T01,2024-04-30,Alliance 90/The Greens,middle,0.061462
1785296113567694864,actor_T18,2024-04-30,AFD,right,-0.927506
1785298568904868319,actor_T30,2024-04-30,FDP,middle,-0.353543
1785388929799066083,actor_T16,2024-04-30,The Left Party,left,-0.828522
1785541037793894684,actor_T04,2024-05-01,AFD,right,-0.682024
1785557028187861366,actor_T14,2024-05-01,AFD,right,-0.559849
1786034260043878511,actor_T03,2024-05-02,CDU/CSU,middle,0.187505
1786104045544812875,actor_T31,2024-05-02,The Left Party,left,0.343272
1786299203628458294,actor_T22,2024-05-03,AFD,right,0.2639
1786328001128411554,actor_T32,2024-05-03,CDU/CSU,middle,-0.053576
1787447144791638051,actor_T24,2024-05-06,AFD,right,-0.88157
1787452204724498740,actor_T33,2024-05-06,SPD,middle,0.144436
1787915282192769452,actor_T32,2024-05-07,CDU/CSU,middle,0.091632
1788269150567350327,actor_T31,2024-05-08,The Left Party,left,-0.344636
1788468803174539541,actor_T22,2024-05-09,AFD,right,0.04477
1788518615945212170,actor_T04,2024-05-09,AFD,right,-0.473573
1788540600557466061,actor_T09,2024-05-09,The Left Party,left,0.269668
1788594261207695365,actor_T40,2024-05-09,FDP,middle,-0.552827
1788652357233803614,actor_T27,2024-05-09,CDU/CSU,middle,-0.088732
1789161760953454752,actor_T14,2024-05-11,AFD,right,-1.36151
1789922501209829626,actor_T20,2024-05-13,The Left Party,left,1.850472
1789950490756723162,actor_T01,2024-05-13,Alliance 90/The Greens,middle,-0.505454
1790136237765877866,actor_T31,2024-05-13,The Left Party,left,-0.811677
1791088576203047216,actor_T14,2024-05-16,AFD,right,-0.945392
1791200406502043985,actor_T04,2024-05-16,AFD,right,0.265901
1791361745266647284,actor_T37,2024-05-17,AFD,right,0.954865
1791401958030364770,actor_T30,2024-05-17,FDP,middle,2.930307
1791477157450928182,actor_T36,2024-05-17,Alliance 90/The Greens,middle,-0.635334
1791492961303179285,actor_T01,2024-05-17,Alliance 90/The Greens,middle,0.259755
1791539235071127757,actor_T22,2024-05-17,AFD,right,-0.472606
1792640721935077601,actor_T31,2024-05-20,The Left Party,left,-0.253338
1792852340006949306,actor_T34,2024-05-21,The Left Party,left,0.130162
1793026686834888825,actor_T03,2024-05-21,CDU/CSU,middle,0.65168
1793328099779645451,actor_T07,2024-05-22,CDU/CSU,middle,0.142883
1793646978074607943,actor_T32,2024-05-23,CDU/CSU,middle,-1.155138
1793735682369995171,actor_T40,2024-05-23,FDP,middle,0.532409
1793991940553265506,actor_T11,2024-05-24,Alliance 90/The Greens,middle,1.329146
1794012377995723162,actor_T14,2024-05-24,AFD,right,-0.187906
1794376384753897550,actor_T31,2024-05-25,The Left Party,left,-0.832239
1794470648980361221,actor_T14,2024-05-25,AFD,right,-0.355307
1795077449249587318,actor_T01,2024-05-27,Alliance 90/The Greens,middle,-0.051716
1795095136281518221,actor_T04,2024-05-27,AFD,right,-1.186371
1795158071079002181,actor_T20,2024-05-27,The Left Party,left,-0.700016
1795370927603200010,actor_T11,2024-05-28,Alliance 90/The Greens,middle,1.379722
1795406251767263241,actor_T14,2024-05-28,AFD,right,0.197211
1795489953889050624,actor_T24,2024-05-28,AFD,right,-0.559012
1796101843862376704,actor_T22,2024-05-30,AFD,right,0.771218
1796222480723632501,actor_T18,2024-05-30,AFD,right,-1.154904
1796459606803399040,actor_T36,2024-05-31,Alliance 90/The Greens,middle,0.583202
1796526789403328895,actor_T14,2024-05-31,AFD,right,-0.028139
1796565386697060378,actor_T01,2024-05-31,Alliance 90/The Greens,middle,-0.142153
1796846392951840787,actor_T31,2024-06-01,The Left Party,left,0.13288
1796850314240270599,actor_T24,2024-06-01,AFD,right,0.268718
1796952195813765524,actor_T04,2024-06-01,AFD,right,-1.054969
1797182304617480378,actor_T03,2024-06-02,CDU/CSU,middle,-0.577006
1797669746344927599,actor_T32,2024-06-03,CDU/CSU,middle,-0.164419
1797870185937785158,actor_T14,2024-06-04,AFD,right,0.635618
1798025332186066992,actor_T11,2024-06-04,Alliance 90/The Greens,middle,-0.226423
1798580257605525847,actor_T04,2024-06-06,AFD,right,0.205078
1798684244371468715,actor_T14,2024-06-06,AFD,right,0.862641
1798743927203446972,actor_T31,2024-06-06,The Left Party,left,-0.165071
1798760448877281639,actor_T13,2024-06-06,CDU/CSU,middle,-0.56473
1799025886018372023,actor_T36,2024-06-07,Alliance 90/The Greens,middle,-0.929817
1799389469906174013,actor_T37,2024-06-08,AFD,right,-0.970892
1799425894865604609,actor_T01,2024-06-08,Alliance 90/The Greens,middle,-0.401738
1799857576492097749,actor_T16,2024-06-09,The Left Party,left,-0.754076
1799878081425059871,actor_T14,2024-06-09,AFD,right,-0.263569
1800259652216635666,actor_T14,2024-06-10,AFD,right,0.310472
1800410142443463137,actor_T03,2024-06-11,CDU/CSU,middle,1.132207
1800417156657754496,actor_T04,2024-06-11,AFD,right,-0.085067
1800441865164272050,actor_T33,2024-06-11,SPD,middle,-0.466379
1800455092723671227,actor_T24,2024-06-11,AFD,right,0.250775
1800474757944754642,actor_T23,2024-06-11,SPD,middle,-0.831465
1800485569862213874,actor_T22,2024-06-11,AFD,right,-0.816606
1800527775230751125,actor_T20,2024-06-11,The Left Party,left,-0.379001
1800570571136401841,actor_T09,2024-06-11,The Left Party,left,-0.775522
1801126939186336007,actor_T11,2024-06-13,Alliance 90/The Greens,middle,-0.086186
1801315408802353153,actor_T32,2024-06-13,CDU/CSU,middle,0.440948
1801513137239126025,actor_T31,2024-06-14,The Left Party,left,-0.542869
1801545837069131857,actor_T40,2024-06-14,FDP,middle,-0.902239
1801566318534984057,actor_T14,2024-06-14,AFD,right,-0.275658
1802730183419404594,actor_T34,2024-06-17,The Left Party,left,1.534504
1803363761354408300,actor_T22,2024-06-19,AFD,right,0.002743
1803387472153309257,actor_T01,2024-06-19,Alliance 90/The Greens,middle,0.688454
1803656713989497213,actor_T04,2024-06-20,AFD,right,0.827071
1803710144133423194,actor_T24,2024-06-20,AFD,right,-1.441089
1803830633149432250,actor_T14,2024-06-20,AFD,right,-0.605864
1804115826145927350,actor_T14,2024-06-21,AFD,right,-0.717351
1804201101543055737,actor_T36,2024-06-21,Alliance 90/The Greens,middle,0.26774
1804218391622013277,actor_T31,2024-06-21,The Left Party,left,-0.365756
1804396460328329537,actor_T22,2024-06-22,AFD,right,-0.212226
1804512780348780969,actor_T14,2024-06-22,AFD,right,-0.357312
1804814477797319126,actor_T14,2024-06-23,AFD,right,-0.284978
1805279048207139040,actor_T37,2024-06-24,AFD,right,0.109386
1805306980078092531,actor_T14,2024-06-24,AFD,right,-0.881425
1805456586715922779,actor_T04,2024-06-25,AFD,right,0.656036
1805989475505348998,actor_T14,2024-06-26,AFD,right,-0.097079
1806039097254773177,actor_T09,2024-06-26,The Left Party,left,-1.298774
1806341977295749222,actor_T27,2024-06-27,CDU/CSU,middle,-0.96511
1806370939686306094,actor_T18,2024-06-27,AFD,right,-0.3889
1806710199966662943,actor_T14,2024-06-28,AFD,right,-0.005096
1806913783308202112,actor_T14,2024-06-29,AFD,right,-0.355008
1806972985317659044,actor_T40,2024-06-29,FDP,middle,0.647303
1806977911074734436,actor_T30,2024-06-29,FDP,middle,1.160836
1807016795980574991,actor_T32,2024-06-29,CDU/CSU,middle,-0.587868
1807026092265398700,actor_T11,2024-06-29,Alliance 90/The Greens,middle,0.489723
1807045177422368850,actor_T22,2024-06-29,AFD,right,0.022854
1807394349073711237,actor_T04,2024-06-30,AFD,right,-0.597633
1807394620063601038,actor_T20,2024-06-30,The Left Party,left,0.819714
1807488213311005146,actor_T14,2024-06-30,AFD,right,-0.050909
1807808377843601917,actor_T01,2024-07-01,Alliance 90/The Greens,middle,-0.563119
1808059064716300485,actor_T31,2024-07-02,The Left Party,left,-0.160547
1808151259800568110,actor_T14,2024-07-02,AFD,right,0.07694
1808176919273218058,actor_T24,2024-07-02,AFD,right,-0.493872
1808236220562169920,actor_T14,2024-07-02,AFD,right,-0.116228
1808432009225593220,actor_T36,2024-07-03,Alliance 90/The Greens,middle,-0.405358
1808833484250652875,actor_T14,2024-07-04,AFD,right,0.391624
1809178630120972377,actor_T04,2024-07-05,AFD,right,-0.024789
1810055518880145416,actor_T14,2024-07-07,AFD,right,0.144274
1810283287945847074,actor_T01,2024-07-08,Alliance 90/The Greens,middle,-1.338677
1810322704660316657,actor_T22,2024-07-08,AFD,right,-1.031245
1810597920040730776,actor_T20,2024-07-09,The Left Party,left,-0.828813
1810623336143011963,actor_T14,2024-07-09,AFD,right,-0.181785
1810736054472769650,actor_T34,2024-07-09,The Left Party,left,0.584113
1811304388343779550,actor_T31,2024-07-11,The Left Party,left,0.110931
1811358333611168245,actor_T14,2024-07-11,AFD,right,-0.682173
1811424229059092591,actor_T04,2024-07-11,AFD,right,-1.17801
1811746808596484252,actor_T11,2024-07-12,Alliance 90/The Greens,middle,-0.887926
1812394012336148890,actor_T37,2024-07-14,AFD,right,-0.184901
1812568206168440864,actor_T22,2024-07-14,AFD,right,-1.122835
1813105066674459022,actor_T14,2024-07-16,AFD,right,-0.411758
1813218638783971505,actor_T22,2024-07-16,AFD,right,-0.573576
1813225140919943671,actor_T36,2024-07-16,Alliance 90/The Greens,middle,0.336892
1813549803567280151,actor_T40,2024-07-17,FDP,middle,0.391148
1813615770641047983,actor_T32,2024-07-17,CDU/CSU,middle,-0.232764
1813909626368188516,actor_T20,2024-07-18,The Left Party,left,-0.218676
1814203283147207150,actor_T14,2024-07-19,AFD,right,0.457459
1814595397412630989,actor_T30,2024-07-20,FDP,middle,2.325586
1814607460776161761,actor_T31,2024-07-20,The Left Party,left,1.149904
1814692435643060482,actor_T04,2024-07-20,AFD,right,0.130123
1814955690735079859,actor_T22,2024-07-21,AFD,right,-0.252464
1815644736033599557,actor_T14,2024-07-23,AFD,right,-0.367831
1815736031435469249,actor_T23,2024-07-23,SPD,middle,-0.777512
1816101748894797854,actor_T34,2024-07-24,The Left Party,left,0.417394
1816234567801721067,actor_T37,2024-07-24,AFD,right,0.677777
1816400367019565392,actor_T33,2024-07-25,SPD,middle,0.399517
1816405886530736343,actor_T01,2024-07-25,Alliance 90/The Greens,middle,0.279901
1816549071974465742,actor_T20,2024-07-25,The Left Party,left,-1.030396
1817036912982413801,actor_T04,2024-07-27,AFD,right,-0.408412
1817131514645115341,actor_T22,2024-07-27,AFD,right,0.10652
1818143199090626784,actor_T31,2024-07-30,The Left Party,left,0.059295
1818281487596478847,actor_T30,2024-07-30,FDP,middle,0.500236
1818340855234629795,actor_T18,2024-07-30,AFD,right,0.005793
1818709941634355610,actor_T27,2024-07-31,CDU/CSU,middle,-1.25008
1818927532810379616,actor_T14,2024-08-01,AFD,right,-0.39686
1818969167443456100,actor_T22,2024-08-01,AFD,right,-0.930467
1819041151308980598,actor_T15,2024-08-01,SPD,middle,-0.273466
1819056983997374862,actor_T20,2024-08-01,The Left Party,left,0.349309
1819088650745106487,actor_T16,2024-08-01,The Left Party,left,-0.725471
1820738223573745959,actor_T11,2024-08-06,Alliance 90/The Greens,middle,0.983392
1820760002006581350,actor_T14,2024-08-06,AFD,right,-0.476987
1821105224477483379,actor_T14,2024-08-07,AFD,right,0.115993
1821135445620559915,actor_T22,2024-08-07,AFD,right,-0.068059
1821196748385349672,actor_T13,2024-08-07,CDU/CSU,middle,0.083923
1821229319722553767,actor_T31,2024-08-07,The Left Party,left,0.208578
1821550330879861103,actor_T03,2024-08-08,CDU/CSU,middle,1.273517
1821791800262021140,actor_T10,2024-08-09,SPD,middle,0.501557
1822189095025578338,actor_T20,2024-08-10,The Left Party,left,-0.13383
1822597344128319764,actor_T04,2024-08-11,AFD,right,-0.663991
1823674570303226139,actor_T36,2024-08-14,Alliance 90/The Greens,middle,0.100047
1823687576311517225,actor_T22,2024-08-14,AFD,right,-0.14721
1823697208186638617,actor_T14,2024-08-14,AFD,right,0.260503
1824113202487079360,actor_T04,2024-08-15,AFD,right,-0.86469
1824466880213684713,actor_T32,2024-08-16,CDU/CSU,middle,0.508636
1824521741047304551,actor_T24,2024-08-16,AFD,right,0.77923
1824893588720808346,actor_T31,2024-08-17,The Left Party,left,-0.041117
1825222344748732665,actor_T04,2024-08-18,AFD,right,0.105443
1825861898123768193,actor_T11,2024-08-20,Alliance 90/The Greens,middle,0.638321
1826166537025138979,actor_T37,2024-08-21,AFD,right,-0.145212
1826177416080797954,actor_T14,2024-08-21,AFD,right,-0.098611
1826267587585704151,actor_T20,2024-08-21,The Left Party,left,-0.962862
1827573803855077753,actor_T22,2024-08-25,AFD,right,-0.937062
1827763193428762824,actor_T24,2024-08-25,AFD,right,-0.36084
1827944809681609048,actor_T34,2024-08-26,The Left Party,left,0.29338
1828082596644790427,actor_T14,2024-08-26,AFD,right,-0.434015
1828330463401828476,actor_T18,2024-08-27,AFD,right,-0.339739
1828643413677240411,actor_T04,2024-08-28,AFD,right,-0.156585
1828720549725712794,actor_T31,2024-08-28,The Left Party,left,0.394105
1828792864588906642,actor_T22,2024-08-28,AFD,right,-0.073184
1829457017460674989,actor_T07,2024-08-30,CDU/CSU,middle,-0.413102
1829485596097790276,actor_T01,2024-08-30,Alliance 90/The Greens,middle,-0.404016
1829905269796598211,actor_T32,2024-08-31,CDU/CSU,middle,0.968459
1830198064650358891,actor_T14,2024-09-01,AFD,right,-1.196897
1830218100442300767,actor_T09,2024-09-01,The Left Party,left,-0.766584
1830291564817735916,actor_T24,2024-09-01,AFD,right,-0.501397
1830303082023895106,actor_T20,2024-09-01,The Left Party,left,-0.320582
1830335768000372807,actor_T37,2024-09-01,AFD,right,-1.302301
1830528715899474323,actor_T16,2024-09-02,The Left Party,left,-1.364692
1830847727111925913,actor_T04,2024-09-03,AFD,right,-0.878139
1831237766811619751,actor_T14,2024-09-04,AFD,right,0.203566
1831585252118012401,actor_T22,2024-09-05,AFD,right,-1.024573
1831630528451067953,actor_T40,2024-09-05,FDP,middle,0.912226
1831645454011920629,actor_T14,2024-09-05,AFD,right,-1.889808
1831659442527514928,actor_T24,2024-09-05,AFD,right,-0.427083
1831661384972533820,actor_T31,2024-09-05,The Left Party,left,0.754726
1831946698890911827,actor_T32,2024-09-06,CDU/CSU,middle,0.019506
1832388504585712025,actor_T24,2024-09-07,AFD,right,-0.49714
1832661615231050139,actor_T30,2024-09-08,FDP,middle,-1.83635
1832769720782581973,actor_T04,2024-09-08,AFD,right,0.370403
1832804896829010029,actor_T36,2024-09-08,Alliance 90/The Greens,middle,0.235417
1833036023107842549,actor_T20,2024-09-09,The Left Party,left,-0.944007
1833105023414264033,actor_T14,2024-09-09,AFD,right,-0.284126
1833842061578993701,actor_T14,2024-09-11,AFD,right,-1.232766
1834175581509783915,actor_T01,2024-09-12,Alliance 90/The Greens,middle,0.447828
1834176916934262955,actor_T20,2024-09-12,The Left Party,left,-1.075249
1834205083803742385,actor_T04,2024-09-12,AFD,right,-0.51188
1834262523110895702,actor_T30,2024-09-12,FDP,middle,0.098625
1834539019377475768,actor_T11,2024-09-13,Alliance 90/The Greens,middle,0.65708
1834587663191417104,actor_T24,2024-09-13,AFD,right,-0.155995
1834612050351300610,actor_T22,2024-09-13,AFD,right,-0.812655
1834671556309426629,actor_T14,2024-09-13,AFD,right,-0.409228
1834867618974498913,actor_T31,2024-09-14,The Left Party,left,-0.157866
1835646702704886001,actor_T13,2024-09-16,CDU/CSU,middle,-1.040149
1835688730675318860,actor_T14,2024-09-16,AFD,right,-0.601662
1835906938997030923,actor_T04,2024-09-17,AFD,right,-0.13751
1836027881975153119,actor_T01,2024-09-17,Alliance 90/The Greens,middle,-0.84065
1836101975316009313,actor_T14,2024-09-17,AFD,right,-0.59381
1836351176188579891,actor_T22,2024-09-18,AFD,right,0.18186
1836355739557769280,actor_T20,2024-09-18,The Left Party,left,0.149926
1836518583175635087,actor_T36,2024-09-18,Alliance 90/The Greens,middle,0.025541
1836756203063447873,actor_T14,2024-09-19,AFD,right,-0.364009
1837203825167331559,actor_T31,2024-09-20,The Left Party,left,-0.560894
1837260623752610127,actor_T14,2024-09-20,AFD,right,-0.377737
1837770352627229065,actor_T04,2024-09-22,AFD,right,-0.261083
1837811116329623665,actor_T14,2024-09-22,AFD,right,-0.713569
1837953340199891404,actor_T37,2024-09-22,AFD,right,0.079072
1838094047648379213,actor_T14,2024-09-23,AFD,right,-1.00026
1838118935448657979,actor_T27,2024-09-23,CDU/CSU,middle,-1.070658
1838154659820609644,actor_T20,2024-09-23,The Left Party,left,0.296996
1838449367407005961,actor_T14,2024-09-24,AFD,right,-1.403217
1838479806020653425,actor_T24,2024-09-24,AFD,right,0.58457
1838520039315485175,actor_T32,2024-09-24,CDU/CSU,middle,1.370569
1838558569051894213,actor_T40,2024-09-24,FDP,middle,-0.366648
1838841133805236430,actor_T04,2024-09-25,AFD,right,-0.789625
1838869604631777387,actor_T14,2024-09-25,AFD,right,0.122918
1838883796399124820,actor_T01,2024-09-25,Alliance 90/The Greens,middle,-0.489513
1839033028447989923,actor_T14,2024-09-25,AFD,right,0.385234
1839519522463596688,actor_T34,2024-09-27,The Left Party,left,0.504496
1839553552072503440,actor_T20,2024-09-27,The Left Party,left,-0.894987
1839571666059284687,actor_T11,2024-09-27,Alliance 90/The Greens,middle,-0.572629
1839903179644805535,actor_T22,2024-09-28,AFD,right,0.620405
1840038956571726151,actor_T36,2024-09-28,Alliance 90/The Greens,middle,0.348529
1840287797757821194,actor_T24,2024-09-29,AFD,right,0.08902
1840703551225401396,actor_T14,2024-09-30,AFD,right,-0.720651
1840790437222637715,actor_T18,2024-09-30,AFD,right,-1.461996
1840794800918028779,actor_T14,2024-09-30,AFD,right,-0.683715
1840834546125672575,actor_T31,2024-09-30,The Left Party,left,-0.45239
1840855226875609472,actor_T14,2024-09-30,AFD,right,-0.627003
1841135165294158069,actor_T20,2024-10-01,The Left Party,left,0.213511
1841159676592898422,actor_T03,2024-10-01,CDU/CSU,middle,-0.326758
1841353671226872243,actor_T14,2024-10-02,AFD,right,0.508569
1841389089272033749,actor_T22,2024-10-02,AFD,right,-0.54647
1841404750799024145,actor_T33,2024-10-02,SPD,middle,-0.751352
1842463818418384935,actor_T32,2024-10-05,CDU/CSU,middle,-0.357838
1843528902473343126,actor_T14,2024-10-08,AFD,right,-1.181715
1843555172930465926,actor_T01,2024-10-08,Alliance 90/The Greens,middle,-0.251201
1843569184623431934,actor_T31,2024-10-08,The Left Party,left,0.654125
1843599287172616459,actor_T14,2024-10-08,AFD,right,-0.184009
1843639187683324272,actor_T20,2024-10-08,The Left Party,left,1.850022
1843824525152268759,actor_T04,2024-10-09,AFD,right,-0.077476
1844099851065364521,actor_T36,2024-10-09,Alliance 90/The Greens,middle,0.675641
1844695308225204653,actor_T01,2024-10-11,Alliance 90/The Greens,middle,0.205087
1844727228094980340,actor_T23,2024-10-11,SPD,middle,0.612613
1845472661318619518,actor_T22,2024-10-13,AFD,right,0.478074
1845842860186214798,actor_T20,2024-10-14,The Left Party,left,-0.027587
1846086874999279737,actor_T31,2024-10-15,The Left Party,left,0.329591
1846102550702866761,actor_T11,2024-10-15,Alliance 90/The Greens,middle,0.436141
1846176085731401791,actor_T24,2024-10-15,AFD,right,0.488377
1846260215378751674,actor_T30,2024-10-15,FDP,middle,-0.902129
1846264444328071416,actor_T30,2024-10-15,FDP,middle,0.125008
1846851167717921151,actor_T40,2024-10-17,FDP,middle,0.958915
1846884144510374104,actor_T14,2024-10-17,AFD,right,0.05806
1846901951721517282,actor_T30,2024-10-17,FDP,middle,0.321245
1846966422913626307,actor_T04,2024-10-17,AFD,right,0.623066
1846967123043647677,actor_T32,2024-10-17,CDU/CSU,middle,1.308629
1847206723825623233,actor_T37,2024-10-18,AFD,right,-0.225177
1847238570416668976,actor_T13,2024-10-18,CDU/CSU,middle,-0.89296
1847629783649120766,actor_T20,2024-10-19,The Left Party,left,-1.088287
1847643167497035806,actor_T22,2024-10-19,AFD,right,-0.543281
1848323580662096059,actor_T11,2024-10-21,Alliance 90/The Greens,middle,-0.192824
1848627276738408503,actor_T01,2024-10-22,Alliance 90/The Greens,middle,1.372736
1848751355705364798,actor_T14,2024-10-22,AFD,right,-0.208676
1848842532144243094,actor_T31,2024-10-22,The Left Party,left,-0.701848
1849584310782681230,actor_T36,2024-10-24,Alliance 90/The Greens,middle,0.022543
1849781135925985589,actor_T14,2024-10-25,AFD,right,-0.836167
1849856925787357255,actor_T20,2024-10-25,The Left Party,left,0.153762
1850576350475673733,actor_T22,2024-10-27,AFD,right,-1.392338
1850951431664070813,actor_T24,2024-10-28,AFD,right,0.214721
1850986079589118410,actor_T09,2024-10-28,The Left Party,left,0.229669
1851491787782643928,actor_T04,2024-10-30,AFD,right,-0.007915
1852022645828575392,actor_T11,2024-10-31,Alliance 90/The Greens,middle,-0.148795
1852272640120979763,actor_T31,2024-11-01,The Left Party,left,-0.301181
1852335144956313960,actor_T34,2024-11-01,The Left Party,left,1.340144
1852671505563271202,actor_T24,2024-11-02,AFD,right,-0.22144
1852699901483684273,actor_T03,2024-11-02,CDU/CSU,middle,0.746267
1852811473346834790,actor_T20,2024-11-02,The Left Party,left,-0.642215
1853414392718647419,actor_T36,2024-11-04,Alliance 90/The Greens,middle,-1.078405
1853487323373089185,actor_T18,2024-11-04,AFD,right,0.331177
1853562386508329013,actor_T40,2024-11-04,FDP,middle,1.781951
1853881603434361343,actor_T24,2024-11-05,AFD,right,-0.003642
1854105867236302931,actor_T30,2024-11-06,FDP,middle,0.772285
1854108412218335527,actor_T14,2024-11-06,AFD,right,-0.771008
1854255667525415204,actor_T15,2024-11-06,SPD,middle,-0.011387
1854255965874389490,actor_T32,2024-11-06,CDU/CSU,middle,-0.530482
1854268562824999076,actor_T14,2024-11-06,AFD,right,-0.626098
1854312746948374581,actor_T01,2024-11-06,Alliance 90/The Greens,middle,0.455771
1854428921783091366,actor_T14,2024-11-07,AFD,right,-0.749089
1854446697046233342,actor_T31,2024-11-07,The Left Party,left,-0.399836
1854527340761559488,actor_T07,2024-11-07,CDU/CSU,middle,-0.665662
1854773026966974784,actor_T20,2024-11-08,The Left Party,left,-0.143277
1854796250798866438,actor_T04,2024-11-08,AFD,right,-0.777904
1854835471144161507,actor_T22,2024-11-08,AFD,right,-0.771344
1854918622000415067,actor_T14,2024-11-08,AFD,right,-0.909318
1855238067910594752,actor_T33,2024-11-09,SPD,middle,-0.702015
1855364824219472083,actor_T14,2024-11-09,AFD,right,0.660772
1855637248705773848,actor_T40,2024-11-10,FDP,middle,-0.385967
1855643098954494176,actor_T36,2024-11-10,Alliance 90/The Greens,middle,-0.204586
1855677985866875315,actor_T40,2024-11-10,FDP,middle,-0.703789
1855723254599614556,actor_T30,2024-11-10,FDP,middle,-0.621421
1855890692804853769,actor_T27,2024-11-11,CDU/CSU,middle,0.130087
1855915491522404860,actor_T40,2024-11-11,FDP,middle,-0.638866
1855995774481392065,actor_T14,2024-11-11,AFD,right,0.407566
1856316502003032278,actor_T22,2024-11-12,AFD,right,0.225046
1856356532528542126,actor_T24,2024-11-12,AFD,right,-0.359412
1856446140071432632,actor_T13,2024-11-12,CDU/CSU,middle,-0.169497
1856579070236020961,actor_T14,2024-11-13,AFD,right,-0.834768
1856599416611713038,actor_T04,2024-11-13,AFD,right,-0.911755
1856673439018287329,actor_T01,2024-11-13,Alliance 90/The Greens,middle,-1.161563
1856705225777672576,actor_T36,2024-11-13,Alliance 90/The Greens,middle,-0.639514
1856724977166201258,actor_T30,2024-11-13,FDP,middle,-1.178098
1857129059139940358,actor_T14,2024-11-14,AFD,right,-0.23903
1857343733525618993,actor_T20,2024-11-15,The Left Party,left,0.492299
1857403196882215203,actor_T31,2024-11-15,The Left Party,left,-0.910827
1857523304699220388,actor_T14,2024-11-15,AFD,right,-0.409332
1857781373492244894,actor_T23,2024-11-16,SPD,middle,0.047608
1858135148568440855,actor_T04,2024-11-17,AFD,right,-0.276723
1858230064535552141,actor_T14,2024-11-17,AFD,right,1.429008
1858256337098219683,actor_T24,2024-11-17,AFD,right,-0.601068
1858287190091956510,actor_T36,2024-11-17,Alliance 90/The Greens,middle,-1.306017
1858781763499102426,actor_T40,2024-11-19,FDP,middle,-0.257117
1858881777227518299,actor_T30,2024-11-19,FDP,middle,0.763743
1858943255884210368,actor_T30,2024-11-19,FDP,middle,-0.500097
1859193152512442782,actor_T14,2024-11-20,AFD,right,-0.347142
1859387422175359453,actor_T30,2024-11-21,FDP,middle,0.436103
1859487346976055454,actor_T04,2024-11-21,AFD,right,0.351372
1859561946506293583,actor_T22,2024-11-21,AFD,right,0.015854
1859608881212637532,actor_T32,2024-11-21,CDU/CSU,middle,-0.147189
1859714675111600283,actor_T36,2024-11-21,Alliance 90/The Greens,middle,-0.825403
1859954037166420218,actor_T31,2024-11-22,The Left Party,left,0.398478
1860187769731187115,actor_T04,2024-11-23,AFD,right,0.183107
1860709342661546069,actor_T20,2024-11-24,The Left Party,left,0.837879
1860786477564657933,actor_T30,2024-11-24,FDP,middle,-0.173743
1861030511398756513,actor_T34,2024-11-25,The Left Party,left,1.349681
1861042092585222336,actor_T24,2024-11-25,AFD,right,0.226343
1861110612039725211,actor_T37,2024-11-25,AFD,right,-0.259574
1861656235558269049,actor_T14,2024-11-27,AFD,right,-0.586124
1861716824070475825,actor_T36,2024-11-27,Alliance 90/The Greens,middle,0.331085
1862159859593978266,actor_T14,2024-11-28,AFD,right,-1.069951
1862469098908631212,actor_T11,2024-11-29,Alliance 90/The Greens,middle,-0.261564
1862509947378180522,actor_T14,2024-11-29,AFD,right,-0.786334
1862547145166929941,actor_T31,2024-11-29,The Left Party,left,-0.281792
1862777801201349106,actor_T36,2024-11-30,Alliance 90/The Greens,middle,-0.820262
1862902758979821866,actor_T32,2024-11-30,CDU/CSU,middle,-0.692754
1863186866754764987,actor_T14,2024-12-01,AFD,right,-0.270579
1863207207677907258,actor_T04,2024-12-01,AFD,right,-1.027278
1863615491819876550,actor_T20,2024-12-02,The Left Party,left,0.450201
1863988105822241136,actor_T40,2024-12-03,FDP,middle,-0.944522
1864407881358930384,actor_T30,2024-12-04,FDP,middle,0.460434
1864716183527620884,actor_T04,2024-12-05,AFD,right,0.061147
1864933408310268409,actor_T14,2024-12-06,AFD,right,-0.19364
1865740705533923339,actor_T36,2024-12-08,Alliance 90/The Greens,middle,0.10223
1866023980970250341,actor_T22,2024-12-09,AFD,right,0.80419
1866054676665315659,actor_T18,2024-12-09,AFD,right,-0.483843
1866190253687787780,actor_T30,2024-12-09,FDP,middle,-0.895938
1866191391430496410,actor_T14,2024-12-09,AFD,right,0.304004
1866524690644340833,actor_T20,2024-12-10,The Left Party,left,0.292835
1866566994331570540,actor_T31,2024-12-10,The Left Party,left,0.577615
1866836961807540580,actor_T03,2024-12-11,CDU/CSU,middle,0.199513
1866859914603454554,actor_T14,2024-12-11,AFD,right,-0.239778
1867263583928594853,actor_T04,2024-12-12,AFD,right,0.561527
1867486039922692448,actor_T32,2024-12-13,CDU/CSU,middle,-0.831762
1867549766445674601,actor_T11,2024-12-13,Alliance 90/The Greens,middle,0.729058
1867667425438970046,actor_T27,2024-12-13,CDU/CSU,middle,0.053387
1867873075464720804,actor_T14,2024-12-14,AFD,right,-1.694297
1868384594678174115,actor_T14,2024-12-15,AFD,right,-0.395057
1868652004022927542,actor_T13,2024-12-16,CDU/CSU,middle,-1.022568
1868731343200559458,actor_T30,2024-12-16,FDP,middle,-0.939709
1868731987529548178,actor_T04,2024-12-16,AFD,right,0.24033
1869324396592332901,actor_T36,2024-12-18,Alliance 90/The Greens,middle,-1.043733
1869373309130821842,actor_T14,2024-12-18,AFD,right,-1.408154
1869404775101731138,actor_T30,2024-12-18,FDP,middle,-0.361663
1869724372271014052,actor_T11,2024-12-19,Alliance 90/The Greens,middle,0.395792
1869749145835295038,actor_T40,2024-12-19,FDP,middle,0.030804
1869749820157739023,actor_T20,2024-12-19,The Left Party,left,-0.054703
1870164806969196603,actor_T04,2024-12-20,AFD,right,1.211642
1870378428085727396,actor_T14,2024-12-21,AFD,right,-0.920365
1870541746989605266,actor_T03,2024-12-21,CDU/CSU,middle,1.337076
1870785115527213135,actor_T37,2024-12-22,AFD,right,-1.11787
1871506973692449040,actor_T31,2024-12-24,The Left Party,left,-0.088245
1871541075409576197,actor_T14,2024-12-24,AFD,right,-0.756845
1871658817328681138,actor_T04,2024-12-24,AFD,right,-0.54994
1871673195935498585,actor_T03,2024-12-24,CDU/CSU,middle,-0.121413
1872000640022724945,actor_T36,2024-12-25,Alliance 90/The Greens,middle,0.268152
1872219477775151449,actor_T03,2024-12-26,CDU/CSU,middle,0.924475
1872316573274550707,actor_T07,2024-12-26,CDU/CSU,middle,1.099701
1872540813064106177,actor_T22,2024-12-27,AFD,right,-1.399872
1872756194890416436,actor_T20,2024-12-27,The Left Party,left,-0.721491
1872939353585946652,actor_T34,2024-12-28,The Left Party,left,-0.700153
1873718864955011234,actor_T09,2024-12-30,The Left Party,left,-0.687478
1874483404454170648,actor_T32,2025-01-01,CDU/CSU,middle,-0.507146
1875079031093367227,actor_T40,2025-01-03,FDP,middle,0.514301
1875429555714068528,actor_T04,2025-01-04,AFD,right,-1.000738
1875499458429177899,actor_T22,2025-01-04,AFD,right,0.163803
1875500959901577612,actor_T31,2025-01-04,The Left Party,left,0.944808
1875988346805359090,actor_T20,2025-01-05,The Left Party,left,-0.367767
1876233365692821902,actor_T30,2025-01-06,FDP,middle,1.392458
1876331675677839853,actor_T30,2025-01-06,FDP,middle,-1.197614
1876480760548647147,actor_T04,2025-01-07,AFD,right,-0.080003
1876570189946618041,actor_T22,2025-01-07,AFD,right,-1.07761
1877011422686626179,actor_T14,2025-01-08,AFD,right,-0.211668
1877048844497641908,actor_T36,2025-01-08,Alliance 90/The Greens,middle,-1.179096
1877290666666946576,actor_T18,2025-01-09,AFD,right,-0.400335
1877359744752423123,actor_T30,2025-01-09,FDP,middle,-0.522416
1877395171739865378,actor_T14,2025-01-09,AFD,right,0.267813
1877633098076017127,actor_T20,2025-01-10,The Left Party,left,-0.299554
1877936214055047186,actor_T32,2025-01-11,CDU/CSU,middle,-0.462426
1878042381036990934,actor_T14,2025-01-11,AFD,right,-0.269919
1878074308490142044,actor_T30,2025-01-11,FDP,middle,-0.368814
1878186955101348197,actor_T04,2025-01-11,AFD,right,-0.631869
1878904717205745990,actor_T27,2025-01-13,CDU/CSU,middle,-1.396696
1879056593007915288,actor_T37,2025-01-14,AFD,right,-0.074344
1879072614888751391,actor_T23,2025-01-14,SPD,middle,0.221365
1879180616484422002,actor_T30,2025-01-14,FDP,middle,0.212176
1879189955081322846,actor_T03,2025-01-14,CDU/CSU,middle,0.572954
1879206091348959308,actor_T14,2025-01-14,AFD,right,0.379706
1879280965392196078,actor_T36,2025-01-14,Alliance 90/The Greens,middle,0.344055
1879290102440186358,actor_T14,2025-01-14,AFD,right,0.37959
1879534630732492875,actor_T31,2025-01-15,The Left Party,left,0.162698
1879618446750810168,actor_T40,2025-01-15,FDP,middle,-0.087323
1879643570510102774,actor_T14,2025-01-15,AFD,right,-0.296457
1879799925296492715,actor_T04,2025-01-16,AFD,right,-0.248662
1879836667521196118,actor_T14,2025-01-16,AFD,right,-0.063286
1880146246851338246,actor_T14,2025-01-17,AFD,right,-0.908657
1880642294602457244,actor_T22,2025-01-18,AFD,right,-0.114938
1881006811156791764,actor_T14,2025-01-19,AFD,right,-0.090122
1881290787230454003,actor_T20,2025-01-20,The Left Party,left,0.062904
1881587199814332526,actor_T14,2025-01-21,AFD,right,-0.93882
1881627204263772229,actor_T30,2025-01-21,FDP,middle,-0.241375
1881691379182813206,actor_T13,2025-01-21,CDU/CSU,middle,-0.668689
1881724924374720796,actor_T04,2025-01-21,AFD,right,1.37276
1882407229984514418,actor_T31,2025-01-23,The Left Party,left,0.669937
1882419802649792535,actor_T22,2025-01-23,AFD,right,-1.203575
1882453337540583904,actor_T36,2025-01-23,Alliance 90/The Greens,middle,-0.009133
1882847913971495286,actor_T37,2025-01-24,AFD,right,-0.616578
1882869614201483592,actor_T40,2025-01-24,FDP,middle,0.494516
1882907921681363142,actor_T20,2025-01-24,The Left Party,left,-0.853571
1882915137524494840,actor_T30,2025-01-24,FDP,middle,0.872688
1883548143612248575,actor_T14,2025-01-26,AFD,right,0.328898
1883556119353930170,actor_T22,2025-01-26,AFD,right,-1.093331
1883739551069569282,actor_T32,2025-01-27,CDU/CSU,middle,-0.29161
1883777160860864744,actor_T04,2025-01-27,AFD,right,-1.379033
1883790845733962200,actor_T34,2025-01-27,The Left Party,left,0.839441
1884602957053714596,actor_T20,2025-01-29,The Left Party,left,-1.01843
1884902778654318705,actor_T30,2025-01-30,FDP,middle,-0.330606
1884997806865125795,actor_T14,2025-01-30,AFD,right,-0.203014
1885212122428133879,actor_T14,2025-01-31,AFD,right,-0.72789
1885311795172098402,actor_T18,2025-01-31,AFD,right,-2.027103
1885318907646402951,actor_T40,2025-01-31,FDP,middle,-0.266605
1885319656451268875,actor_T36,2025-01-31,Alliance 90/The Greens,middle,1.847801
1885345564969099745,actor_T22,2025-01-31,AFD,right,0.040672
1885389472977564132,actor_T27,2025-01-31,CDU/CSU,middle,0.358351
1885719638006227063,actor_T14,2025-02-01,AFD,right,-0.276089
1886121689085341989,actor_T14,2025-02-02,AFD,right,-0.076736
1886128806970196449,actor_T30,2025-02-02,FDP,middle,-0.801424
1886138600125079961,actor_T20,2025-02-02,The Left Party,left,-1.559789
1886357418679898236,actor_T31,2025-02-03,The Left Party,left,-0.081682
1886745570456359019,actor_T14,2025-02-04,AFD,right,0.502547
1886787060528234917,actor_T30,2025-02-04,FDP,middle,0.243292
1887075628735750606,actor_T30,2025-02-05,FDP,middle,-0.472957
1887168381163327714,actor_T09,2025-02-05,The Left Party,left,-1.284403
1887254243486142966,actor_T36,2025-02-05,Alliance 90/The Greens,middle,-1.137494
1887509172486386076,actor_T14,2025-02-06,AFD,right,-0.346667
1887630569871450314,actor_T04,2025-02-06,AFD,right,-0.021214
1887747880473272819,actor_T20,2025-02-07,The Left Party,left,-0.453072
1887844349624369540,actor_T13,2025-02-07,CDU/CSU,middle,-0.491239
1887862144844079300,actor_T30,2025-02-07,FDP,middle,-1.069313
1888277244264804606,actor_T37,2025-02-08,AFD,right,-0.465835
1888303447448936484,actor_T22,2025-02-08,AFD,right,-1.337239
1888681746616520916,actor_T03,2025-02-09,CDU/CSU,middle,-0.250935
1888714046108549159,actor_T30,2025-02-09,FDP,middle,0.221195
1889053028071751989,actor_T40,2025-02-10,FDP,middle,0.353206
1889305411125174608,actor_T34,2025-02-11,The Left Party,left,-0.259187
1889337460976427142,actor_T18,2025-02-11,AFD,right,0.16281
1889406773590925411,actor_T30,2025-02-11,FDP,middle,-0.057624
1889594031753060367,actor_T20,2025-02-12,The Left Party,left,-0.626
1889678710363611591,actor_T22,2025-02-12,AFD,right,-1.300486
1889728417400057940,actor_T31,2025-02-12,The Left Party,left,0.133663
1889760881900167384,actor_T32,2025-02-12,CDU/CSU,middle,-2.006172
1889951375540596934,actor_T30,2025-02-13,FDP,middle,-0.063935
1889974653378347092,actor_T14,2025-02-13,AFD,right,0.119689
1890092768057553117,actor_T14,2025-02-13,AFD,right,-0.715444
1890121272149094841,actor_T30,2025-02-13,FDP,middle,-0.469703
1890664432428015950,actor_T04,2025-02-15,AFD,right,-0.153231
1890678823974236615,actor_T14,2025-02-15,AFD,right,-0.688451
1890784013125660816,actor_T30,2025-02-15,FDP,middle,0.216846
1891087689996292375,actor_T14,2025-02-16,AFD,right,1.269692
1891365062591341046,actor_T14,2025-02-17,AFD,right,-0.6817
1891526574802940186,actor_T20,2025-02-17,The Left Party,left,-0.860347
1891616335542538464,actor_T30,2025-02-17,FDP,middle,-0.780081
1892106355722313800,actor_T14,2025-02-19,AFD,right,-0.519282
1892135929529204840,actor_T18,2025-02-19,AFD,right,-1.661417
1892324513620119727,actor_T40,2025-02-19,FDP,middle,0.4523
1892489012784353540,actor_T27,2025-02-20,CDU/CSU,middle,0.178048
1892559139336794122,actor_T20,2025-02-20,The Left Party,left,-0.695903
1892584597919093193,actor_T36,2025-02-20,Alliance 90/The Greens,middle,-0.663954
1892658244717617454,actor_T37,2025-02-20,AFD,right,0.406607
1892886148965433379,actor_T22,2025-02-21,AFD,right,0.496792
1893266301662978307,actor_T31,2025-02-22,The Left Party,left,-1.271164
1893403909726572922,actor_T09,2025-02-22,The Left Party,left,0.13622
1893649855823642722,actor_T14,2025-02-23,AFD,right,-0.576952
1894095153394008561,actor_T04,2025-02-24,AFD,right,-0.082728
1894655763634667820,actor_T20,2025-02-26,The Left Party,left,-0.436753
1895194825739403539,actor_T03,2025-02-27,CDU/CSU,middle,1.126493
1896485249670053971,actor_T40,2025-03-03,FDP,middle,-0.572788
1896547608044441840,actor_T04,2025-03-03,AFD,right,0.27362
1896630435683475488,actor_T36,2025-03-03,Alliance 90/The Greens,middle,-0.337392
1896636725923082544,actor_T18,2025-03-03,AFD,right,-0.311264
1896647623504973907,actor_T31,2025-03-03,The Left Party,left,-0.581036
1896877119575126030,actor_T20,2025-03-04,The Left Party,left,-0.843211
1897691919909531795,actor_T32,2025-03-06,CDU/CSU,middle,0.961318
1897789640465170932,actor_T37,2025-03-06,AFD,right,0.190735
1898005006634070414,actor_T13,2025-03-07,CDU/CSU,middle,0.600083
1898051035148476893,actor_T14,2025-03-07,AFD,right,0.657428
1899106601690148988,actor_T34,2025-03-10,The Left Party,left,-0.166296
1899389414784041138,actor_T31,2025-03-11,The Left Party,left,-0.245249
1899431208766886103,actor_T36,2025-03-11,Alliance 90/The Greens,middle,-1.397048
1899744486030245973,actor_T14,2025-03-12,AFD,right,-1.46999
1899772880612708834,actor_T18,2025-03-12,AFD,right,-1.426926
1899823312169046209,actor_T04,2025-03-12,AFD,right,0.274452
1901349833400635861,actor_T36,2025-03-16,Alliance 90/The Greens,middle,-0.166658
1901574417118802055,actor_T14,2025-03-17,AFD,right,0.152528
1902011011609014527,actor_T37,2025-03-18,AFD,right,-0.213074
1902303359517761696,actor_T09,2025-03-19,The Left Party,left,-0.074367
1902335341161333114,actor_T03,2025-03-19,CDU/CSU,middle,0.133345
1902632250883047594,actor_T04,2025-03-20,AFD,right,0.971204
1902641914177835256,actor_T18,2025-03-20,AFD,right,-0.563323
1902678074891653515,actor_T31,2025-03-20,The Left Party,left,0.10681
1903035253020647439,actor_T14,2025-03-21,AFD,right,-0.004584
1904425478632452467,actor_T34,2025-03-25,The Left Party,left,0.33401
1904824712628150394,actor_T04,2025-03-26,AFD,right,-1.226607
1905494506021019803,actor_T14,2025-03-28,AFD,right,0.62858
1905642771001532753,actor_T31,2025-03-28,The Left Party,left,0.27551
1906308719564009932,actor_T18,2025-03-30,AFD,right,-0.670516
1907864082264305769,actor_T14,2025-04-03,AFD,right,0.183736
1908579450272583732,actor_T36,2025-04-05,Alliance 90/The Greens,middle,0.61761
1909260441835946232,actor_T04,2025-04-07,AFD,right,0.312501
1909331081267945836,actor_T18,2025-04-07,AFD,right,0.776964
1909512377030393891,actor_T37,2025-04-08,AFD,right,0.412718
1909514364782080110,actor_T31,2025-04-08,The Left Party,left,-0.216945
1912023846473109509,actor_T04,2025-04-15,AFD,right,0.443186
1912529925485019641,actor_T18,2025-04-16,AFD,right,0.47221
1915468346780221619,actor_T31,2025-04-24,The Left Party,left,0.572931
1916564915508195668,actor_T37,2025-04-27,AFD,right,0.75513
1916737030010085799,actor_T18,2025-04-28,AFD,right,-0.543447
1919040178481463575,actor_T18,2025-05-04,AFD,right,-0.356291
1919076916444705175,actor_T37,2025-05-04,AFD,right,-0.660705
1919698848991125968,actor_T32,2025-05-06,CDU/CSU,middle,-0.135826
1920044516095992193,actor_T36,2025-05-07,Alliance 90/The Greens,middle,-0.735782
1920109857757077853,actor_T31,2025-05-07,The Left Party,left,0.386422
1923738848082702639,actor_T18,2025-05-17,AFD,right,-0.636534
